{"type":"FeatureCollection","features":[{"type":"Feature","geometry":{"type":"Polygon","coordinates":[[[8.426737451111858,47.569219783911194],[8.43280609186409,47.567940409723455],[8.43966140826939,47.56869298277507],[8.456968272636871,47.573735222220876],[8.465284558112153,47.57358470761055],[8.478320897505839,47.579304262802815],[8.486187654036513,47.57870220436152],[8.488210534287257,47.57922900549765],[8.495627761873319,47.582841356145394],[8.488660063231867,47.58893719786346],[8.482479040243481,47.58682999331894],[8.48236665800733,47.58667947870862],[8.468094114015965,47.58562587643636],[8.465958851529068,47.58946399899959],[8.461575944319122,47.58968977091507],[8.46236261997219,47.593979437309265],[8.458204477234549,47.598645390229265],[8.457754948289939,47.603762886980235],[8.464160735750628,47.60368762967508],[8.46921793637749,47.60504226116798],[8.472477021225911,47.608278325289916],[8.47607325278279,47.60910615564669],[8.478882808686603,47.61211644785314],[8.480231395520432,47.61655662885766],[8.484389538258073,47.61505148275443],[8.489896267829543,47.616481371552496],[8.495627761873319,47.61595457041637],[8.504056429584754,47.61858857609702],[8.50933839468392,47.61888960531766],[8.50933839468392,47.623630815542825],[8.51619371108922,47.62837202576799],[8.51754229792305,47.63333900790863],[8.521925205132996,47.635897756284116],[8.526870023523706,47.63318849329831],[8.532713899803634,47.633414265213794],[8.539906362917392,47.63221014833121],[8.539681598445087,47.62746893810605],[8.544176887891185,47.62837202576799],[8.548447412864979,47.62694213696992],[8.558449431882549,47.62596379200282],[8.561933281203276,47.62235144135508],[8.56395616145402,47.61813703226605],[8.570474331150862,47.618663833402174],[8.57216006469315,47.613847365871855],[8.5675523930109,47.61128861749637],[8.56721524630244,47.60677317918669],[8.56260757462019,47.60278454201314],[8.564068543690173,47.60075259477379],[8.557775138465633,47.598871162144754],[8.556538933867957,47.59540932610733],[8.548784559573436,47.59412995191959],[8.546649297086539,47.59337737886798],[8.53844539384741,47.58901245516862],[8.538108247138952,47.58487330338475],[8.535523455707445,47.58269084153507],[8.538670158319714,47.57937952010797],[8.535972984652055,47.576820771732486],[8.54754835497576,47.57554139754475],[8.547211208267303,47.572832134558936],[8.542828301057355,47.57132698845571],[8.549458852990352,47.56575794787378],[8.552043644421857,47.557705416221516],[8.555864640451041,47.55416832287894],[8.56035992989714,47.55446935209958],[8.564518072634781,47.558984790409255],[8.568788597608576,47.563951772549906],[8.573171504818522,47.57569191215507],[8.5812630258215,47.578401175140876],[8.578341087681535,47.5865289640983],[8.580701114640737,47.592022747375076],[8.584522110669921,47.59473201036088],[8.59407460074288,47.59698972951572],[8.596097480993626,47.59879590483959],[8.59677177441054,47.60699895110218],[8.604750913177366,47.6127937635996],[8.606211882247347,47.615804055806045],[8.60542520659428,47.618964862622825],[8.601154681620486,47.624759675120245],[8.59856989018898,47.63032871570218],[8.596434627702083,47.643875030631214],[8.602166121745858,47.64688532283767],[8.60497567764967,47.652379106114445],[8.608459526970396,47.65388425221767],[8.613853874305715,47.65072344540089],[8.615090078903393,47.64583172056541],[8.613067198652647,47.643724516020896],[8.606211882247347,47.64304720027444],[8.603964237524298,47.64086473842477],[8.607672851317329,47.6384565046596],[8.613404345361104,47.638757533880245],[8.62138348412793,47.6404131945938],[8.624417804504047,47.64229462722283],[8.62913785842245,47.649669843128635],[8.63003691631167,47.6534327083867],[8.625316862393266,47.65764711747573],[8.61823678151566,47.66178626925961],[8.616663430209528,47.66253884231122],[8.615651990084155,47.66291512883703],[8.613966256541868,47.662162555785414],[8.609133820387312,47.6660759356538],[8.606998557900415,47.67141920432026],[8.607560469081177,47.67292435042348],[8.607560469081177,47.671343947015096],[8.608459526970396,47.67141920432026],[8.608909055915007,47.67322537964413],[8.609808113804226,47.67322537964413],[8.61497769666724,47.68007379441381],[8.6200348972941,47.676461443766065],[8.625092097920962,47.677740817953804],[8.62857594724169,47.681578940517035],[8.62542924462942,47.6900077586951],[8.626328302518639,47.693168565511876],[8.633520765632397,47.693695366648],[8.645208518192254,47.6956520565822],[8.660829649017446,47.68775003954026],[8.664538262810478,47.68729849570929],[8.670494521326559,47.68601912152155],[8.669820227909643,47.677740817953804],[8.67060690356271,47.676009899935096],[8.678024131148774,47.67337589425445],[8.680271775871823,47.66870994133445],[8.678698424565688,47.667280052536384],[8.68060892258028,47.66080792429251],[8.689374737000172,47.65132550384219],[8.701399636268487,47.648390468940896],[8.709715921743769,47.643423486800245],[8.713312153300649,47.64538017673444],[8.718706500635967,47.64379977332605],[8.720954145359016,47.64252039913831],[8.726011345985878,47.64440183176735],[8.73297904462733,47.64334822949509],[8.744891561659491,47.64440183176735],[8.744554414951034,47.64139153956089],[8.748375410980218,47.640112165373154],[8.750061144522505,47.64252039913831],[8.759164105650855,47.64447708907251],[8.76624418652846,47.65027190156993],[8.769840418085339,47.65162653306283],[8.77759479237986,47.650572930790574],[8.787034900216668,47.65666877250864],[8.789844456120479,47.666376964874445],[8.799734092901895,47.666376964874445],[8.804229382347994,47.66660273678993],[8.806252262598738,47.65373373760735],[8.82771726970386,47.64816469702541],[8.828841092065385,47.641918340697025],[8.826593447342335,47.638531761964764],[8.821648628951626,47.631006031448635],[8.814343783601716,47.62867305498863],[8.81310757900404,47.62438338859444],[8.81546760596324,47.62265247057573],[8.812995196767886,47.62039475142089],[8.815018077018632,47.61858857609702],[8.805915115890281,47.61505148275443],[8.805353204709519,47.6094824421725],[8.803892235639537,47.60278454201314],[8.790743514009698,47.60459071733701],[8.789394927175868,47.60632163535572],[8.79130542519046,47.61008450061379],[8.762760337207734,47.61956692106411],[8.757253607636263,47.61821228957121],[8.750623055703267,47.62280298518605],[8.74893732216098,47.62423287398411],[8.747139206382542,47.62265247057573],[8.746914441910235,47.614675196228625],[8.741407712338765,47.6127937635996],[8.743205828117205,47.60865461181572],[8.745903001784864,47.60368762967508],[8.7498363800502,47.60142991052024],[8.746802059674083,47.597968074482814],[8.74938685110559,47.593753665393784],[8.763209866152344,47.594205209224754],[8.799059799484981,47.586378449487974],[8.803667471167232,47.58404547302798],[8.807038938251806,47.5808846662112],[8.806477027071043,47.57689602903765],[8.811534227697905,47.572154818812486],[8.817378103977832,47.57140224576087],[8.821423864479321,47.573885736831194],[8.830526825607672,47.5729073918641],[8.832100176913805,47.574412537967326],[8.839854551208326,47.57253110533829],[8.840753609097547,47.56718783667184],[8.844799369599034,47.567488865892486],[8.846260338669017,47.565231146737645],[8.851879450476641,47.565005374822164],[8.851205157059725,47.56207033992087],[8.843113636056747,47.56139302417442],[8.841203138042156,47.558984790409255],[8.831201119024586,47.55883427579894],[8.83097635455228,47.55469512401506],[8.83547164399838,47.54438487320796],[8.839854551208326,47.54152509561183],[8.840641226861393,47.53859006071054],[8.84232696040368,47.534074622400865],[8.868961550371814,47.531816903246025],[8.875254955596354,47.53083855827893],[8.881098831876281,47.52865609642925],[8.884470298960856,47.530537529058286],[8.888740823934649,47.52963444139635],[8.899417136369134,47.525420032307316],[8.896607580465322,47.520453050166665],[8.898855225188372,47.51255103312473],[8.897506638354542,47.505552103744726],[8.896270433756865,47.50412221494666],[8.894135171269967,47.50156346657118],[8.894135171269967,47.49012435618666],[8.895258993631494,47.48982332696601],[8.897506638354542,47.489296525829886],[8.897731402826846,47.48922126852472],[8.898742842952219,47.48643674823376],[8.893685642325359,47.48508211674085],[8.88919035287926,47.48387799985827],[8.886605561447752,47.48312542680666],[8.885931268030838,47.47845947388666],[8.88233503647396,47.47605124012149],[8.885256974613924,47.47514815245956],[8.884807445669313,47.47168631642214],[8.887167472628516,47.47131002989633],[8.890651321949242,47.47070797145504],[8.891550379838462,47.470557456844716],[8.894359935742273,47.46656881967117],[8.895483758103797,47.46461212973698],[8.90155239885603,47.45565651042278],[8.910093448803618,47.44956066870471],[8.90380004357908,47.44564728883633],[8.90829533302518,47.44007824825439],[8.922792641488847,47.436164868386],[8.933918482867941,47.43684218413245],[8.93200798485335,47.43315457617955],[8.919870703348883,47.43428343575697],[8.91110488892899,47.43443395036729],[8.909868684331313,47.43074634241439],[8.914139209305107,47.42961748283697],[8.913914444832802,47.414189735278896],[8.904811483704453,47.40380422716664],[8.908182950789026,47.40229908106341],[8.914588738249718,47.402600110284055],[8.921893583599626,47.40071867765502],[8.932794660506417,47.39289191791825],[8.942796679523987,47.38852699421889],[8.94481955977473,47.385441444707276],[8.941448092690157,47.38107652100792],[8.94481955977473,47.37716314113953],[8.949539613693133,47.37595902425695],[8.952349169596946,47.373174503965984],[8.961452130725295,47.35518800803243],[8.968756976075206,47.355564294558235],[8.973027501049,47.353758119234364],[8.975387528008202,47.34871587978856],[8.974713234591286,47.34134066388275],[8.980444728635062,47.33900768742275],[8.978646612856624,47.32832115008984],[8.986288604914991,47.32072016226855],[8.976286585897421,47.30845322152726],[8.958305428113027,47.30581921584661],[8.949876760401592,47.29347701780016],[8.934929922993312,47.289638895236926],[8.942234768343223,47.284897685011764],[8.942684297287833,47.28121007705886],[8.947291968970084,47.28331728160338],[8.949651995929287,47.28226367933112],[8.948415791331609,47.27639360952854],[8.942234768343223,47.273383317322086],[8.945381470955493,47.270674054336276],[8.941560474926309,47.26856684979176],[8.936952803244058,47.26186894963241],[8.911666800109753,47.255998879829825],[8.90930677315055,47.25803082706918],[8.886380796975448,47.25411744720079],[8.87469304441559,47.253289616844015],[8.874805426651744,47.24899995044982],[8.871321577331017,47.24666697398982],[8.86188146949421,47.244635026750466],[8.856599504395044,47.24568862902272],[8.852890890602012,47.25246178648724],[8.843338400529053,47.24824737739821],[8.838955493319107,47.24839789200853],[8.835808790706837,47.25065561116337],[8.8295153854823,47.25185972804595],[8.827829651940013,47.252838073013045],[8.810298023100227,47.249300979670465],[8.803892235639537,47.24802160548273],[8.796924536998084,47.24042061766143],[8.809736111919465,47.221455776760784],[8.798048359359608,47.22318669477949],[8.7886082515228,47.2225846363382],[8.742306770227984,47.21302695858272],[8.714435975662173,47.20437236848916],[8.7110645085776,47.20188887741884],[8.705108250061517,47.20354453813239],[8.703984427699993,47.19978167287432],[8.695218613280101,47.19752395371948],[8.68240703835872,47.18495598375755],[8.683418478484093,47.17547356330722],[8.691847146195528,47.17080761038722],[8.693195733029356,47.16809834740141],[8.693420497501663,47.16478702597431],[8.681395598233347,47.163281879871086],[8.676001250898029,47.16087364610593],[8.66689828976968,47.16109941802141],[8.66240300032358,47.16245404951432],[8.661616324670513,47.171710698049154],[8.653524803667535,47.172388013795604],[8.642848491233051,47.17028080925109],[8.640488464273849,47.172839557626574],[8.625316862393266,47.174645732950445],[8.629250240658603,47.180892089278835],[8.62183301307254,47.18901987823626],[8.622057777544846,47.19172914122206],[8.61857392822412,47.19368583115626],[8.619360603877187,47.19586829300594],[8.616438665737222,47.20068476053626],[8.609470967095769,47.20602802920271],[8.604413766468907,47.20444762579432],[8.599693712550504,47.203168251606584],[8.597558450063607,47.20617854381304],[8.598907036897437,47.21039295290207],[8.59542318757671,47.21332798780336],[8.589129782352172,47.21393004624465],[8.583735435016854,47.212048613615615],[8.582162083710719,47.21596199348401],[8.58440972843377,47.21882177108014],[8.578341087681535,47.22002588796272],[8.57541914954157,47.21821971263884],[8.573958180471589,47.21972485874207],[8.561146605550208,47.221004232929815],[8.555527493742584,47.22424029705175],[8.553279849019535,47.22311143747433],[8.544514034599644,47.223412466694974],[8.540468274098155,47.224390811662076],[8.537433953722037,47.222133092507235],[8.533725339929006,47.223412466694974],[8.532151988622871,47.21904754299562],[8.522487116313759,47.221455776760784],[8.514283213074629,47.22070320370917],[8.51338415518541,47.21686508114594],[8.506641221016261,47.21596199348401],[8.503944047348602,47.21340324510852],[8.499561140138656,47.21340324510852],[8.490345796774154,47.21212387092078],[8.485400978383446,47.20986615176594],[8.481018071173498,47.2099414090711],[8.468094114015965,47.21551044965304],[8.462587384444493,47.21505890582207],[8.457754948289939,47.219875373352394],[8.449101516106198,47.22153103406594],[8.447528164800064,47.224767098187876],[8.442246199700897,47.22649801620659],[8.438874732616323,47.22514338471368],[8.430895593849499,47.226347501596265],[8.422916455082673,47.224767098187876],[8.4195449879981,47.227927905004655],[8.418084018928116,47.23492683438466],[8.415386845260457,47.240571132271754],[8.417522107747356,47.24252782220595],[8.415162080788154,47.245086570581435],[8.411228702522816,47.249752523501435],[8.403811474936754,47.25637516635563],[8.405609590715194,47.26156792041176],[8.40178859468601,47.26608335872144],[8.402575270339078,47.26962045206402],[8.403137181519838,47.27443691959434],[8.396057100642233,47.27955441634531],[8.39268563355766,47.28790797721822],[8.389763695417695,47.2914450705608],[8.393022780266117,47.2924234155279],[8.398304745365284,47.289413123321445],[8.405160061770584,47.29317598857951],[8.415723991968916,47.294756391987896],[8.430108918196431,47.30205635058854],[8.42954700701567,47.30250789441951],[8.433143238572548,47.312818145226615],[8.437413763546342,47.316581010484676],[8.44235858193705,47.31718306892597],[8.441684288520136,47.31913975886016],[8.450112956231571,47.32478405674726],[8.449888191759266,47.327493319733065],[8.45606921474765,47.33479327833371],[8.455282539094584,47.33614790982662],[8.450787249648485,47.331933500737584],[8.43595279447636,47.326816003986615],[8.433817531989462,47.327493319733065],[8.430558447141042,47.32854692200532],[8.417409725511202,47.32591291632468],[8.413701111718172,47.32990155349823],[8.417859254455813,47.33524482216468],[8.417522107747356,47.33848088628662],[8.411003938050513,47.34194272232404],[8.40504767953443,47.348038564042106],[8.407969617674395,47.35323131809824],[8.408531528855157,47.3569941833563],[8.406283884132108,47.36549825883953],[8.409318204508224,47.368057007215015],[8.408306764382854,47.37151884325243],[8.401563830213705,47.3719703870834],[8.400664772324484,47.37618479617244],[8.396057100642233,47.382054865975014],[8.395270424989167,47.39251563139244],[8.39774283418452,47.395224894378245],[8.393022780266117,47.397031069702116],[8.384256965846225,47.39605272473502],[8.380435969817041,47.401245478791154],[8.367399630423355,47.400342391129215],[8.363466252158018,47.403728969861476],[8.36852345278488,47.402374338368574],[8.37313112446713,47.40553514518535],[8.377289267204771,47.40606194632147],[8.380548352053193,47.40395474177696],[8.385493170443901,47.4075670924247],[8.382121703359328,47.411254700377604],[8.393247544738422,47.42239278154148],[8.388527490820017,47.42931645361632],[8.37852547180245,47.430671085109225],[8.37582829813479,47.433530862705354],[8.377738796149382,47.43503600880858],[8.38268361454009,47.434208178451804],[8.385043641499292,47.43593909647051],[8.385268405971598,47.43842258754084],[8.382121703359328,47.447603978770516],[8.383470290193157,47.44993695523052],[8.38953893094539,47.451592615944065],[8.386055081624665,47.45618331155891],[8.380660734289346,47.457161656526004],[8.37998644087243,47.45934411837568],[8.37492924024557,47.46024720603762],[8.370546333035623,47.466945106196974],[8.366950101478745,47.46822448038472],[8.369085363965642,47.47153580181182],[8.376390209315552,47.472739918694394],[8.374367329064807,47.482824397586015],[8.364252927811085,47.48229759644988],[8.363691016630323,47.49193053151053],[8.359532873892682,47.49877894628021],[8.35897096271192,47.503745928420855],[8.362342429796493,47.51142217354731],[8.367399630423355,47.51360463539699],[8.37492924024557,47.51247577581957],[8.37818832509399,47.51390566461763],[8.381447409942414,47.51781904448602],[8.38268361454009,47.526699406495055],[8.387740815166952,47.530236499837635],[8.393022780266117,47.52662414918989],[8.3944837493361,47.52707569302086],[8.396394247350692,47.53332204934925],[8.403699092700602,47.53490245275764],[8.40549720847904,47.53610656964022],[8.402125741394467,47.541449838306676],[8.405272444006735,47.53956840567764],[8.406396266368262,47.543180756325384],[8.412464907120494,47.54754568002474],[8.41864593010888,47.54709413619377],[8.415611609732764,47.55529718245636],[8.419095459053489,47.56048993651248],[8.419769752470405,47.56651052092539],[8.426737451111858,47.569219783911194]]]},"properties":{"id":1,"code":"ZH","name":"Zürich"}},{"type":"Feature","geometry":{"type":"MultiPolygon","coordinates":[[[[7.5593713524871164,47.323730454475005],[7.532736762518981,47.32245108028726],[7.528691002017493,47.32403148369565],[7.5354339361866405,47.33584688060597],[7.5509426847756815,47.342394266155004],[7.55319032949873,47.346683932549205],[7.5577980011809816,47.343523125732425],[7.563079966280148,47.34254478076533],[7.57319436753387,47.330353097329194],[7.569260989268534,47.325536629798876],[7.563079966280148,47.323053138728554],[7.5593713524871164,47.323730454475005],[7.548919804524937,47.31492534977113],[7.54768359992726,47.30747487656016],[7.5403787545773495,47.30348623938661],[7.53903016774352,47.29866977185628],[7.533523438172049,47.295885251565316],[7.515542280387654,47.29392856163112],[7.495650624588667,47.289563637931764],[7.496100153533277,47.288058491828544],[7.486210516751861,47.28549974345306],[7.479018053638102,47.27985544556596],[7.473061795122021,47.271125598167245],[7.466880772133636,47.2661586160266],[7.446651969626192,47.26442769800789],[7.441145240054721,47.264051411482086],[7.435863274955555,47.261116376580794],[7.419904997421905,47.2558483652195],[7.417320205990398,47.253515388759496],[7.421815495436497,47.24425874022466],[7.416421148101178,47.241699991849174],[7.412712534308147,47.241925763764655],[7.3988895192613935,47.234851577079496],[7.375401631905528,47.22815367692014],[7.363489114873366,47.22115474754013],[7.356071887287303,47.222283607117554],[7.3413498143513305,47.2188970283853],[7.345620339325124,47.2085867775782],[7.3478679840481735,47.20798471913691],[7.355285211634236,47.19323428732529],[7.366635817485635,47.19556726378529],[7.36865869773638,47.192255942358194],[7.375626396377832,47.19007348050852],[7.381020743713151,47.18570855680916],[7.392483731800702,47.16787257548593],[7.383380770672353,47.166593201298184],[7.383493152908505,47.16275507873496],[7.387763677882299,47.16102416071625],[7.394057083106837,47.1617014764627],[7.401137163984442,47.16410971022786],[7.411139183002012,47.163507651786574],[7.416870677045788,47.16681897321367],[7.4196802329496,47.17261378571109],[7.431817514454066,47.17652716557948],[7.431817514454066,47.182472492687225],[7.433278483524048,47.18578381411432],[7.437998537442452,47.186461129860774],[7.442830973597008,47.18059106005819],[7.449461525530003,47.18292403651819],[7.450697730127681,47.18653638716593],[7.450135818946919,47.19097656817045],[7.457890193241439,47.18984770859303],[7.4766580266789004,47.19210542774787],[7.477444702331968,47.189546679372384],[7.473398941830479,47.186686901776255],[7.475084675372766,47.18480546914722],[7.473398941830479,47.18345083765432],[7.480591404944237,47.17517253408658],[7.496549682477887,47.17291481493174],[7.497561122603259,47.17118389691303],[7.491492481851026,47.167044745129154],[7.493402979865618,47.16448599675367],[7.4831761963757435,47.159519014613025],[7.480816169416542,47.156659237016896],[7.468566505675923,47.1527458571485],[7.455530166282236,47.15763758198399],[7.448899614349241,47.156358207796245],[7.440920475582416,47.15184276948657],[7.442156680180093,47.14732733117689],[7.439909035457044,47.14529538393754],[7.427546989480272,47.14243560634141],[7.423388846742631,47.13701708036979],[7.4272098427718145,47.13302844319624],[7.4312556032733035,47.13250164206011],[7.431143221037152,47.13084598134656],[7.4362004216640125,47.132125355534306],[7.436762332844775,47.13016866560011],[7.434177541413268,47.12798620375043],[7.441145240054721,47.1251264261543],[7.430468927620236,47.1257284845956],[7.428558429605644,47.124750139628496],[7.406531511319761,47.11970790018269],[7.4045086310690165,47.11925635635172],[7.395855198885277,47.122943964304625],[7.390910380494568,47.12106253167559],[7.387651295646147,47.12730888800398],[7.38416744632542,47.12459962501818],[7.380121685823932,47.12550271268011],[7.375626396377832,47.123395508135594],[7.372367311529411,47.12392230927172],[7.372816840474021,47.118729555215594],[7.370681577987124,47.11729966641753],[7.380121685823932,47.107591474051716],[7.3830436239638955,47.09705545132913],[7.389898940369196,47.096453392887845],[7.39147229167533,47.09359361529172],[7.413162063252757,47.09698019402397],[7.415634472448111,47.098259568211716],[7.420916437547277,47.1008183165872],[7.424625051340309,47.09901214126333],[7.43473945259403,47.10187191885946],[7.438223301914757,47.09570081983623],[7.433840394704811,47.08945446350784],[7.435975657191707,47.08275656334849],[7.441370004527026,47.07583289127365],[7.444179560430838,47.07583289127365],[7.454855872865322,47.07733803737687],[7.461261660326013,47.08072461610913],[7.463509305049062,47.08591737016526],[7.465532185299806,47.08207924760203],[7.46890365238438,47.08079987341429],[7.475983733261986,47.087949317404615],[7.474410381955851,47.09080909500074],[7.468116976731313,47.09667916480333],[7.46204833597908,47.10954816398591],[7.475871351025833,47.11353680115946],[7.493065833157161,47.11842852599495],[7.499246856145547,47.12256767777882],[7.505540261370085,47.12414808118721],[7.514081311317672,47.13062020943108],[7.515879427096111,47.13664079384399],[7.523746183626784,47.14379023783431],[7.525544299405224,47.148155161533666],[7.530601500032085,47.15011185146786],[7.530601500032085,47.152143798707215],[7.525319534932919,47.155229348218825],[7.522847125737565,47.15997055844399],[7.523970948099089,47.162153020293665],[7.5347596427697265,47.16538908441561],[7.539816843396587,47.16456125405883],[7.546672159801887,47.16200250568335],[7.559933263667879,47.16945297889431],[7.5646533175862825,47.169076692368506],[7.570160047157753,47.16388393831238],[7.575891541201529,47.16584062824657],[7.582409710898372,47.160798388800764],[7.587129764816776,47.14890773458528],[7.591063143082112,47.15297162906399],[7.605897598254238,47.15410048864141],[7.614888177146435,47.15583140666012],[7.620394906717906,47.15583140666012],[7.622979698149413,47.15447677516722],[7.636915095432318,47.153949974031086],[7.64107323816996,47.155078833608506],[7.645905674324516,47.150412880688506],[7.65197431507675,47.151240711045276],[7.653660048619036,47.15289637175883],[7.651861932840597,47.15831489773044],[7.6538848130913415,47.16380868100722],[7.660964893968947,47.16937772158916],[7.673664086654176,47.169754008114964],[7.674450762307242,47.173516873373025],[7.677597464919511,47.17916117126013],[7.678608905044884,47.18397763879045],[7.672090735348041,47.18593432872464],[7.675462202432615,47.192255942358194],[7.672540264292651,47.19616932222658],[7.6700678550972965,47.19571777839561],[7.664223978817368,47.19970641556916],[7.663212538691996,47.20234042124981],[7.648490465756023,47.20309299430142],[7.65197431507675,47.20790946183175],[7.650400963770615,47.211371297869164],[7.6497266703537,47.212349642836266],[7.647029496686041,47.216564051925296],[7.649164759172938,47.220326917183364],[7.641298002642265,47.223261952084655],[7.643995176309924,47.227024817342716],[7.641747531586875,47.23003510954917],[7.627362605359359,47.228379448835625],[7.621631111315583,47.23041139607498],[7.618259644231009,47.235303120910466],[7.610168123228031,47.2408721614924],[7.607021420615762,47.24072164688208],[7.605672833781933,47.243731939088526],[7.59825560619587,47.246365944769174],[7.598030841723565,47.25208549996143],[7.595895579236668,47.265105013754344],[7.585331649038336,47.27345857462725],[7.581061124064543,47.27767298371628],[7.608032860741135,47.281586363584665],[7.613876737021063,47.28241419394144],[7.650513346006767,47.28376882543434],[7.652086697312901,47.28422036926531],[7.661751569622014,47.2881337491337],[7.677822229391817,47.29039146828854],[7.6859137503947945,47.29528319312403],[7.6899595108962835,47.29174609978145],[7.702209174636902,47.28768220530274],[7.713110251543691,47.275565779171764],[7.717268394281333,47.277371954495635],[7.725921826465073,47.2708245689466],[7.725697061992768,47.267739019434984],[7.733451436287288,47.26104111927563],[7.739295312567216,47.261342148496276],[7.745026806610992,47.258632885510465],[7.75132021183553,47.260213288918855],[7.757950763768526,47.25946071586724],[7.765817520299199,47.268040048655635],[7.77593192155292,47.26841633518144],[7.777392890622902,47.26277203729434],[7.787170145168167,47.25742876862789],[7.803353187174123,47.26969570936918],[7.8062751253140865,47.269319422843374],[7.807960858856374,47.26472872722854],[7.815265704206284,47.2628472945995],[7.8261667811130735,47.266911189078215],[7.831336363976087,47.2605143181395],[7.828863954780733,47.25502053486272],[7.828976337016885,47.25140818421498],[7.827178221238445,47.248172120093045],[7.839765031687522,47.23605569396207],[7.837517386964472,47.22898150727691],[7.839427884979064,47.22431555435691],[7.8479689349266515,47.21859599916465],[7.850328961885854,47.21114552595368],[7.8529137533173605,47.20986615176594],[7.857409042763459,47.20211464933433],[7.860668127611881,47.20023321670529],[7.860780509848033,47.194062117682066],[7.864264359168759,47.19300851540981],[7.870445382157145,47.1869879309969],[7.876963551853988,47.184429182621415],[7.882133134717002,47.17758076785174],[7.884268397203899,47.173968417203994],[7.878087374215513,47.167044745129154],[7.877862609743208,47.16222827759883],[7.877637845270903,47.15718603815302],[7.883256957078526,47.148757219974954],[7.891011331373047,47.14213457712076],[7.890449420192285,47.13347998702721],[7.887639864288473,47.13295318589108],[7.887190335343863,47.1297923790743],[7.874715907130939,47.125653227290435],[7.869546324267926,47.12286870699946],[7.868197737434096,47.11880481252076],[7.870894911101755,47.11729966641753],[7.8694339420317725,47.11338628654914],[7.8759521117286155,47.110752280868496],[7.874153995950176,47.10563478411753],[7.877075934090141,47.10300077843688],[7.874828289367091,47.09938842778914],[7.880559783410867,47.096904936718815],[7.879098814340885,47.09449670295365],[7.881571223536239,47.091335896136876],[7.879548343285495,47.083509136400096],[7.88112169459163,47.08230501951752],[7.877974991979361,47.081025645329774],[7.880335018938562,47.080197814973005],[7.870557764393298,47.05995359988461],[7.868534884142553,47.04971860638267],[7.873254938060957,47.04505265346267],[7.8759521117286155,47.042343390476866],[7.882582663661612,47.04174133203557],[7.885392219565423,47.03444137343492],[7.8933713583322485,47.03135582392331],[7.89573138529145,47.023604321491696],[7.901462879335226,47.019389912402666],[7.897866647778347,47.014422930262015],[7.902811466169056,47.00757451549234],[7.924164091038024,47.01178892458137],[7.933828963347136,47.00561782555814],[7.942257631058572,47.00697245705105],[7.950236769825397,47.00712297166137],[7.951135827714617,47.00840234584911],[7.9570920862306975,47.00478999520137],[7.949337711936177,46.99493128822524],[7.953495854673818,46.98266434748395],[7.945179569198536,46.97844993839491],[7.946977684976975,46.96979534830136],[7.933379434402527,46.96302219083684],[7.932705140985612,46.951808852367805],[7.930007967317953,46.949551133212964],[7.922703121968042,46.94797072980458],[7.921916446314976,46.94338003418974],[7.915960187798895,46.93585430367361],[7.909442018102052,46.93404812834974],[7.89887808790372,46.93592956097877],[7.877637845270903,46.9284790877678],[7.873816849241719,46.92546879556135],[7.868422501906401,46.916212147026506],[7.876289258437073,46.91237402446328],[7.881009312355477,46.91229876715812],[7.884156014967746,46.907933843458764],[7.880896930119325,46.90244006018199],[7.882582663661612,46.90093491407876],[7.876514022909379,46.89717204882069],[7.873929231477872,46.89107620710263],[7.86887203085101,46.888366944116825],[7.859656687486508,46.88656076879295],[7.857409042763459,46.88287316084005],[7.8585328651249835,46.87256291003295],[7.864489123641064,46.87113302123488],[7.865950092711047,46.867821699807784],[7.870445382157145,46.86548872334778],[7.868422501906401,46.852469209554876],[7.870894911101755,46.84855582968649],[7.871456822282518,46.84516925095423],[7.878199756451665,46.838998151931],[7.925175531163397,46.820334340250994],[7.946415773796213,46.80716431184777],[7.951922503367684,46.80091795551938],[7.954507294799191,46.79557468685292],[7.955069205979953,46.79301593847744],[7.969678896679774,46.786468552928405],[7.974623715070482,46.77962013815873],[7.985637174213424,46.77623355942647],[7.995077282050231,46.78022219660002],[7.996987780064823,46.78308197419615],[8.006203123429326,46.78458712029938],[8.021599489782213,46.790306675491635],[8.032051037744393,46.79151079237422],[8.040030176511218,46.78887678669357],[8.048009315278044,46.7884252428626],[8.048458844222653,46.78857575747293],[8.055089396155648,46.789629359745184],[8.061719948088644,46.78789844172647],[8.070148615800079,46.78993038896583],[8.077678225622295,46.78722112598002],[8.091051711724438,46.788952043998734],[8.091950769613657,46.78541495065615],[8.100941348505856,46.77931910893808],[8.103301375465056,46.77510469984905],[8.112291954357254,46.77502944254389],[8.122968266791739,46.77164286381163],[8.145894242966842,46.7574944904413],[8.148141887689892,46.75636563086388],[8.159829640249749,46.7608058118684],[8.168820219141946,46.76637485245034],[8.173203126351892,46.765547022093564],[8.190172844010913,46.771341834590984],[8.196691013707756,46.76938514465679],[8.208940677448377,46.770664518844534],[8.222201781314368,46.76253672988711],[8.230855213498106,46.762235700666466],[8.234451445054987,46.76328930293872],[8.240182939098762,46.770890290760015],[8.26063650607851,46.76479444904195],[8.269851849443013,46.75568831511743],[8.276707165848315,46.75629037355872],[8.284573922378986,46.75455945554001],[8.299071230842655,46.76328930293872],[8.304240813705668,46.763816104074856],[8.317052388627049,46.77141709189615],[8.333909724049919,46.78157682809292],[8.360993842962664,46.78428609107873],[8.369984421854861,46.78925307321938],[8.378637854038601,46.78699535406454],[8.38358267242931,46.7814263134826],[8.39178657566844,46.778717050496795],[8.396281865114538,46.77284698069421],[8.397518069712216,46.7668263962813],[8.417971636691965,46.77548098637486],[8.425613628750332,46.77149234920131],[8.43685185236558,46.773825325661306],[8.443594786534728,46.77119131998066],[8.447640547036215,46.771341834590984],[8.449438662814655,46.76471919173679],[8.448539604925436,46.7594511803755],[8.444718608896252,46.75523677128646],[8.440223319450153,46.75358111057292],[8.444718608896252,46.74876464304259],[8.441571906283983,46.74455023395356],[8.442470964173204,46.738153363014845],[8.450674867412333,46.731229690940005],[8.44820245821698,46.72867094256452],[8.448427222689283,46.71557617146645],[8.453933952260755,46.71249062195484],[8.454720627913822,46.71203907812387],[8.454833010149974,46.71196382081871],[8.453147276607687,46.70556694988],[8.45606921474765,46.69864327780516],[8.453596805552298,46.690289716932256],[8.442021435228593,46.68682788089483],[8.42954700701567,46.68773096855677],[8.401226683505246,46.694278354105805],[8.398529509837587,46.68554850670709],[8.398979038782198,46.676216600867086],[8.403586710464449,46.66981972992838],[8.40954296898053,46.666884695027086],[8.411565849231273,46.654391982370306],[8.401900976922162,46.6549940408116],[8.399653332199113,46.65085488902773],[8.381110263233955,46.63550239877482],[8.375266386954028,46.63422302458708],[8.372793977758672,46.635201369554174],[8.369759657382556,46.62534266257804],[8.371557773160996,46.61548395560191],[8.366275808061829,46.60547473401546],[8.36301672321341,46.60299124294513],[8.364590074519544,46.59388510902061],[8.361780518615731,46.58793978191287],[8.365489132408763,46.58387588743416],[8.363915781102628,46.581467653669],[8.345485094373624,46.56566361958512],[8.33582022206451,46.5622017835477],[8.319412415586251,46.56099766666512],[8.313793303778628,46.55377296536964],[8.303903666997211,46.5468492932948],[8.288619682880475,46.54414003030899],[8.284461540142834,46.53954933469415],[8.28019101516904,46.53729161553931],[8.274459521125264,46.53774315937028],[8.264232737635389,46.534732867163825],[8.25917553700853,46.53066897268511],[8.238160058848017,46.52811022430963],[8.219392225410555,46.52765868047866],[8.206355886016869,46.524272101746405],[8.202085361043075,46.5252504467135],[8.192083342025505,46.52419684444124],[8.186127083509426,46.52186386798124],[8.181856558535632,46.52171335337092],[8.175675535547246,46.52532570401866],[8.174888859894178,46.53255040531415],[8.15128859030216,46.53300194914512],[8.1417361002292,46.53608749865673],[8.129149289780123,46.537592644759954],[8.115438656969523,46.547902895567056],[8.105998549132716,46.549859585501245],[8.098356557074348,46.54970907089093],[8.094872707753622,46.55241833387673],[8.08520783544451,46.553170906928344],[8.077341078913836,46.556783257576086],[8.06340568163093,46.55452553842125],[8.062394241505558,46.55271936309738],[8.054864631683344,46.557234801407056],[8.04418831924886,46.55821314637415],[8.031376744327478,46.56370692965093],[8.016542289155353,46.5645347600077],[8.002157362927836,46.55919149134125],[7.9984487491348055,46.55971829247738],[7.993953459688706,46.557460573322544],[7.986985761047253,46.549182269754795],[7.981029502531173,46.54940804167028],[7.97091510127745,46.54617197754834],[7.968779838790554,46.542785398816086],[7.963835020399845,46.54045242235608],[7.969791278915926,46.52841125353027],[7.973949421653567,46.52532570401866],[7.968779838790554,46.51426288015995],[7.955069205979953,46.50944641262962],[7.942931924475486,46.508919611493496],[7.935739461361728,46.5046299450993],[7.933828963347136,46.49943719104317],[7.926861264705684,46.497932044939944],[7.924276473274177,46.4929650627993],[7.917084010160419,46.49258877627349],[7.912813485186625,46.488148595268974],[7.906969608906697,46.48844962448962],[7.898765705667567,46.48385892887478],[7.891910389262266,46.484611501926395],[7.888201775469235,46.48220326816123],[7.871232057810213,46.479042461344456],[7.851565166483531,46.478590917513486],[7.848306081635109,46.480171320921876],[7.844372703369773,46.47911771864962],[7.829987777142257,46.47249507579542],[7.825380105460006,46.467904380180585],[7.799532191144938,46.46000236313864],[7.794250226045772,46.45548692482897],[7.787507291876624,46.45292817645348],[7.778966241929037,46.44464987288573],[7.773122365649108,46.44344575600316],[7.76952613409223,46.440661235712184],[7.745251571083297,46.42967366915864],[7.737497196788777,46.425308745459276],[7.7226627416166505,46.42192216672702],[7.71580742521135,46.41605209692444],[7.709738784459117,46.41522426656766],[7.706030170666086,46.41725621380702],[7.69939961873309,46.42094382175992],[7.694567182578535,46.426211833121215],[7.6911957154939605,46.42606131851089],[7.627250223123206,46.44600450437864],[7.619608231064839,46.43930660421928],[7.610730034408794,46.438027230031544],[7.611179563353404,46.42989944107412],[7.6088195363942015,46.426437605036696],[7.5994918107935465,46.4227499970838],[7.601177544335834,46.4174819857225],[7.596907019362041,46.41274077549734],[7.587466911525233,46.41499849465218],[7.584432591149117,46.41861084529992],[7.5780268036884255,46.41838507338444],[7.56364187746091,46.41424592160057],[7.555775120930237,46.414847980041856],[7.5350967894781835,46.41100985747863],[7.529590059906712,46.40182846624895],[7.541727341411179,46.396184168361856],[7.548020746635717,46.395205823394754],[7.556337032110999,46.39023884125411],[7.541727341411179,46.38504608719798],[7.5391425499796725,46.37864921625927],[7.52767956189212,46.37593995327346],[7.5095860218715735,46.37706881285088],[7.508462199510049,46.37714407015604],[7.508125052801591,46.376767783630235],[7.507225994912371,46.375864695968296],[7.507225994912371,46.375864695968296],[7.507001230440067,46.37556366674765],[7.506439319259305,46.37511212291668],[7.506326937023152,46.3748863510012],[7.504753585717017,46.37082245652249],[7.500258296270919,46.371123485743134],[7.495538242352515,46.37315543298249],[7.487783868057995,46.37195131609991],[7.484637165445726,46.38248733882249],[7.480479022708084,46.386325461385724],[7.474297999719699,46.38489557258766],[7.47070176816282,46.37947704661604],[7.464857891882891,46.37940178931088],[7.463059776104452,46.37767087129217],[7.458564486658354,46.38271311073798],[7.444629089375447,46.384142999536046],[7.439347124276281,46.38737906365798],[7.434402305885573,46.386325461385724],[7.428670811841797,46.38196053768637],[7.41788211717116,46.3815089938554],[7.40237336858212,46.37548840944249],[7.400462870567528,46.37774612859733],[7.383268388436201,46.366532790128296],[7.379447392407016,46.36593073168701],[7.368771079972532,46.35885654500184],[7.363713879345671,46.35795345733991],[7.36000526555264,46.354491621302486],[7.354610918217322,46.351556586401195],[7.348991806409698,46.352008130232164],[7.338989787392128,46.348245264974096],[7.31628857568933,46.345084458157324],[7.30898373033942,46.35306173250442],[7.3108942283540115,46.356899855067645],[7.309208494811725,46.360060661884425],[7.313591402021671,46.366532790128296],[7.311231375062469,46.37654201171475],[7.299543622502613,46.36766164970572],[7.2910025725550245,46.36841422275733],[7.263244160225366,46.35930808883281],[7.261221279974621,46.35569573818507],[7.263468924697671,46.35072875604442],[7.261108897738469,46.34561125929345],[7.263581306933823,46.33974118949087],[7.254028816860863,46.33176391514377],[7.246386824802496,46.32912990946313],[7.233912396589572,46.32777527797022],[7.22244940850202,46.33048454095603],[7.223236084155087,46.35012669760313],[7.219864617070513,46.35863077308636],[7.227169462420424,46.36036169110507],[7.230765693977302,46.3632214687012],[7.227057080184271,46.36615650360249],[7.216942678930549,46.363371983311524],[7.208289246746809,46.37481109369604],[7.2091883046360286,46.380079105057334],[7.1945786139362085,46.38022961966765],[7.19559005406158,46.38572340294443],[7.208626393455266,46.40431195731927],[7.208176864510657,46.41138614400444],[7.2107616559421635,46.41740672841734],[7.2033444283561,46.42425514318702],[7.200197725743831,46.43027572759993],[7.193679556046988,46.43516745243541],[7.1958148185338855,46.44186535259477],[7.202782517175338,46.44201586720509],[7.20649113096837,46.4404354637967],[7.223460848627392,46.44329524139283],[7.226382786767356,46.446305533599286],[7.227169462420424,46.45285291914832],[7.233238103172657,46.45518589560832],[7.227731373601186,46.45887350356122],[7.229979018324236,46.46045390696961],[7.231777134102675,46.46760335095993],[7.226158022295051,46.47828988829284],[7.225146582169679,46.48807333796381],[7.236946716965688,46.48942796945671],[7.236497188021079,46.493943407766395],[7.233575249881114,46.49612586961607],[7.240542948522567,46.49717947188833],[7.246162060330191,46.50350108552188],[7.250095438595527,46.52231541181221],[7.245600149149428,46.534507095248344],[7.246836353747105,46.53909779086318],[7.238295303799518,46.54775238095673],[7.237958157091061,46.55505233955738],[7.2480725583447825,46.55761108793286],[7.260659368793859,46.56468527461803],[7.268975654269141,46.57492026811997],[7.282349140371285,46.585305776232225],[7.300217915919527,46.58071508061739],[7.308421819158657,46.58252125594126],[7.313816166493976,46.59049853028836],[7.3202219539546665,46.59365933710513],[7.316400957925483,46.60412010252255],[7.318985749356989,46.61864476241868],[7.313141873077061,46.62481586144191],[7.314153313202433,46.637910632539985],[7.323593421039241,46.638587948286435],[7.330336355208388,46.6427271000703],[7.322581980913868,46.656122900389015],[7.346182250505886,46.65664970152515],[7.351464215605052,46.653037350877405],[7.3519137445496625,46.64912397100902],[7.356521416231914,46.64671573724385],[7.358094767538048,46.64061989552579],[7.363039585928757,46.64897345639869],[7.378435952281644,46.65762804649224],[7.370344431278667,46.65785381840773],[7.3733787516547835,46.66876612765612],[7.3721425470571065,46.6709485895058],[7.3774245121562725,46.67629185817225],[7.373828280599393,46.681334097618056],[7.378098805573186,46.68457016173999],[7.376974983211662,46.68893508543935],[7.380683597004694,46.69171960573032],[7.377536894392424,46.69375155296967],[7.3695577556256,46.69405258219032],[7.363264350401061,46.70044945312903],[7.360791941205707,46.69932059355161],[7.346744161686649,46.70037419582387],[7.351239451132747,46.709856616274195],[7.350340393243528,46.71361948153226],[7.329886826263778,46.71768337601097],[7.308646583630962,46.718736978283225],[7.300892209336443,46.723854475034194],[7.297745506724173,46.72867094256452],[7.297857888960325,46.73694924613226],[7.3052751165463885,46.74891515765292],[7.304151294184864,46.76148312761485],[7.299206475794155,46.76675113897615],[7.296621684362648,46.7668263962813],[7.294374039639599,46.77284698069421],[7.291789248208092,46.77390058296647],[7.3056122632548455,46.78458712029938],[7.303027471823339,46.78729638328518],[7.304376058657168,46.79015616088131],[7.303252236295644,46.794972628411635],[7.3080846724501995,46.7997138386368],[7.311231375062469,46.809422031002605],[7.321233394080038,46.81642096038261],[7.320783865135429,46.826430181969066],[7.321570540788496,46.82823635729294],[7.331010648625304,46.83117139219423],[7.330673501916846,46.836364146250354],[7.323705803275393,46.84193318683229],[7.308871348103267,46.84810428585552],[7.3068484678525225,46.851566121892944],[7.303139854059491,46.853372297216815],[7.312917108604756,46.85698464786456],[7.313703784257823,46.86187637270004],[7.31763716252316,46.863833062634235],[7.331347795333761,46.8592423670194],[7.324155332220003,46.85660836133875],[7.326515359179204,46.85322178260649],[7.331347795333761,46.852469209554876],[7.335056409126792,46.85374858374262],[7.339102169628281,46.850888806146486],[7.35090230442429,46.85510321523552],[7.360230030024945,46.86443512107552],[7.358993825427268,46.870530962793595],[7.355060447161931,46.872487652727784],[7.353374713619644,46.87745463486843],[7.354498535981168,46.88731334184456],[7.350340393243528,46.89039889135618],[7.326627741415357,46.89506484427618],[7.310107552700944,46.8928823824265],[7.2906654258465675,46.89506484427618],[7.28212437589898,46.89085043518715],[7.267627067435312,46.894839072360696],[7.257849812890047,46.89965553989102],[7.246386824802496,46.90131120060457],[7.2436896511348365,46.899505025280696],[7.238182921563365,46.899505025280696],[7.2334628676449615,46.90093491407876],[7.231327605158064,46.90514932316779],[7.224135142044307,46.903945206285215],[7.2185160302366835,46.89867719492392],[7.213571211845975,46.90289160401296],[7.209525451344486,46.903945206285215],[7.200759636924594,46.90364417706457],[7.196376729714648,46.90033285563747],[7.188622355420128,46.901687487130374],[7.200534872452289,46.90545035238844],[7.208738775691419,46.91064310644457],[7.20604160202376,46.92298530449102],[7.208064482274504,46.92607085400264],[7.2119978605398405,46.92840383046264],[7.212672153956755,46.93209143841554],[7.204805397426083,46.93969242623684],[7.204018721773015,46.94082128581425],[7.211098802650621,46.94450889376716],[7.210986420414468,46.94902433207684],[7.208738775691419,46.95037896356974],[7.211773096067535,46.95797995139103],[7.208626393455266,46.96091498629232],[7.199411050090764,46.96151704473362],[7.195477671825428,46.962721161616194],[7.196376729714648,46.96512939538136],[7.207165424385284,46.96558093921232],[7.208514011219114,46.96829020219813],[7.214807416443652,46.9687417460291],[7.2157064743328725,46.972504611287164],[7.223460848627392,46.975891190019425],[7.23155236963037,46.981911774432334],[7.236384805784926,46.98620144082653],[7.230091400560388,46.99199625332395],[7.223685613099697,46.99523231744588],[7.224247524280459,46.999747755755564],[7.218628412472836,47.00780028740782],[7.213571211845975,47.00757451549234],[7.211098802650621,47.005542568252984],[7.205816837551454,47.00727348627169],[7.200647254688441,47.003059077182655],[7.188172826475517,46.99854363887298],[7.179519394291778,46.99538283205621],[7.171989784469562,46.99274882637556],[7.160863943090468,46.98868493189685],[7.154682920102083,46.98755607231943],[7.147490456988324,46.98627669813169],[7.138837024804585,46.98484680933362],[7.090512663259023,46.97799839456394],[7.067923833792378,46.978148909174266],[7.062192339748602,46.97822416647943],[7.055786552287911,46.97867571031039],[7.0543255832179295,46.978750967615554],[7.0543255832179295,46.97822416647943],[7.039266363573499,46.98108394407556],[7.036344425433534,46.981686002516845],[7.0409520971157855,46.981008686770394],[7.040277803698871,46.9827396047891],[7.027129082069032,47.00591885477879],[7.027241464305185,47.00682194244072],[7.03297295834896,47.01434767295685],[7.034658691891248,47.02172288886266],[7.034209162946638,47.025184724900086],[7.0344339274189425,47.03150633853363],[7.038030158975822,47.03594651953815],[7.054437965454081,47.044751624242025],[7.0664628647223955,47.046332027650415],[7.077476323865337,47.05197632553751],[7.078600146226862,47.05333095703041],[7.08848978300828,47.061232974072354],[7.088152636299822,47.061910289818805],[7.082758288964503,47.066124698907835],[7.081297319894521,47.068532932673],[7.081409702130674,47.0745535170859],[7.077925852809948,47.07733803737687],[7.087927871827517,47.08298233526397],[7.085005933687553,47.08968023542333],[7.076577265976118,47.09728122324462],[7.057809432538656,47.10142037502849],[7.0416263905327,47.1101502224272],[7.0300510202089965,47.1054842695072],[7.02431952616522,47.113612058464625],[7.040839714879633,47.12602951381624],[7.039153981337346,47.12783568914011],[7.031062460334368,47.12866351949688],[7.026454788652117,47.12550271268011],[7.00881077757618,47.12557796998527],[6.997572553960933,47.12038521592914],[6.985435272456467,47.118052239469144],[6.952844423972252,47.11413885960075],[6.940257613523175,47.11105331008914],[6.937110910910906,47.110225479732364],[6.930592741214063,47.11376257307494],[6.919017370890359,47.106462614474296],[6.886988433586906,47.09336784337623],[6.867771071204833,47.08644417130139],[6.87215397841478,47.10209769077494],[6.881931232960045,47.11030073703753],[6.887100815823058,47.125201683459466],[6.888786549365345,47.133178957806564],[6.862264341633363,47.16696948782399],[6.869007275802511,47.172839557626574],[6.872491125123237,47.17314058684722],[6.880582646126215,47.15959427191818],[6.880582646126215,47.15590666396528],[6.884740788863857,47.15206854140205],[6.90631817820513,47.15846541234077],[6.91676972616731,47.16478702597431],[6.934638501715551,47.173366358762706],[6.941269053648547,47.18171991963561],[6.942392876010072,47.18578381411432],[6.946213872039256,47.18676215908142],[6.9529568062084035,47.188718849015615],[6.9570025667098925,47.18224672077174],[6.9622845318090585,47.18337558034916],[6.971387492937408,47.18262300729754],[6.977905662634251,47.176376650969154],[6.981164747482673,47.175548820612384],[6.985435272456467,47.177505510546574],[6.995999202654799,47.19060028164464],[7.000831638809355,47.194513661513035],[7.01701468081531,47.19616932222658],[7.0238699972206105,47.19699715258336],[7.02656717088827,47.199179614433035],[7.035894896488925,47.21114552595368],[7.04522262208958,47.22333720938981],[7.047807413521086,47.22815367692014],[7.059270401608638,47.232593857924655],[7.057809432538656,47.2418505064595],[7.058933254900181,47.2432051379524],[7.080285879769149,47.2492257223653],[7.080623026477607,47.24486079866595],[7.085904991576772,47.24666697398982],[7.089613605369804,47.24290410873176],[7.086916431702145,47.24102267610272],[7.0891640764251935,47.23846392772724],[7.09714321519202,47.238388670422076],[7.098604184262001,47.24132370532337],[7.104110913833472,47.244409254834984],[7.11265196378106,47.243280395257564],[7.129621681440082,47.246365944769174],[7.140185611638414,47.244635026750466],[7.151423835253661,47.247720576262076],[7.156593418116675,47.249075207754984],[7.150300012892136,47.25524630677821],[7.143781843195293,47.25735351132273],[7.144118989903751,47.26074009005499],[7.149850483947526,47.26367512495628],[7.146703781335257,47.266685417162726],[7.149625719475221,47.270448282420794],[7.169629757510361,47.27609258030789],[7.168730699621141,47.28263996585693],[7.171090726580342,47.28452139848596],[7.169854521982666,47.287381176082086],[7.165583997008872,47.29001518176273],[7.17007928645497,47.292272900917574],[7.164347792411195,47.29445536276725],[7.175361251554136,47.29558422234467],[7.2067158954406745,47.296938853837574],[7.209750215816792,47.296111023480805],[7.207277806621437,47.29317598857951],[7.211211184886773,47.29016569637306],[7.213683594082127,47.29091826942467],[7.233238103172657,47.289563637931764],[7.2436896511348365,47.2867791176408],[7.25751266618159,47.28692963225112],[7.262232720099993,47.28866055026983],[7.269088036505294,47.28723066147177],[7.281000553537456,47.285876029978866],[7.308309436922505,47.289413123321445],[7.319547660537752,47.28948838062661],[7.3202219539546665,47.28843477835435],[7.336292613724469,47.289563637931764],[7.340113609753653,47.28369356812919],[7.347755601812021,47.282489451246605],[7.355060447161931,47.27263074427047],[7.33955169857289,47.269996738589825],[7.337753582794451,47.269168908233056],[7.338315493975213,47.264201926092404],[7.34224887224055,47.263599867651116],[7.338652640683671,47.258632885510465],[7.346294632742039,47.2492257223653],[7.369445373389447,47.259761745087886],[7.376750218739357,47.25750402593305],[7.391247527203026,47.256676195576276],[7.393382789689922,47.25848237090015],[7.3945066120514475,47.268867879012404],[7.390460851549959,47.27586680839241],[7.393382789689922,47.28376882543434],[7.390685616022263,47.29310073127435],[7.396866639010649,47.29957285951822],[7.383830299616963,47.29686359653241],[7.361241470150317,47.29438010546209],[7.356521416231914,47.29558422234467],[7.348991806409698,47.293853304325964],[7.343485076838228,47.29897080107693],[7.351014686660442,47.30070171909564],[7.349216570882003,47.307023332729194],[7.350340393243528,47.307249104644676],[7.36596152406872,47.31063568337694],[7.379559774643169,47.316355238569194],[7.391809438383788,47.31447380594016],[7.412038240891232,47.31469957785564],[7.414061121141977,47.31131299912339],[7.4203545263665145,47.310108882240804],[7.422377406617259,47.30815219230661],[7.4414823867631785,47.30980785302016],[7.443280502541618,47.31003362493564],[7.46025022020064,47.30807693500145],[7.475197057608918,47.30830270691693],[7.4872219568772325,47.30356149669177],[7.491829628559484,47.30356149669177],[7.498235416020174,47.30378726860725],[7.524757623752157,47.31567792282274],[7.5593713524871164,47.323730454475005]],[[7.235260983423402,46.93306978338264],[7.235598130131859,46.93939139701619],[7.230765693977302,46.94097180042458],[7.230091400560388,46.93818728013361],[7.2185160302366835,46.93434915757038],[7.216493149985939,46.932016181110384],[7.217504590111312,46.92900588890393],[7.219527470362056,46.92569456747683],[7.23155236963037,46.9308120642278],[7.235148601187249,46.93073680692264],[7.235260983423402,46.93306978338264]],[[7.6927690668000945,47.16712000243432],[7.689060453007063,47.167722060875604],[7.682767047782525,47.16395919561754],[7.680519403059476,47.164410739448506],[7.675911731377225,47.15500357630334],[7.6822051366017625,47.15560563474463],[7.691308097730113,47.15417574594657],[7.694679564814686,47.15929324269754],[7.697039591773889,47.159067470782055],[7.70164726345614,47.16313136526077],[7.695691004940059,47.16335713717625],[7.6927690668000945,47.16712000243432]]],[[[7.115798666393329,46.9171904919936],[7.126362596591661,46.92035129881038],[7.1358027044284675,46.92072758533619],[7.136926526789993,46.91831935157102],[7.136476997845382,46.91335236943038],[7.139286553749194,46.909740018782635],[7.128835005787015,46.90612766813489],[7.124676863049373,46.90266583209747],[7.11950728018636,46.90379469167489],[7.119394897950208,46.90733178501747],[7.114225315087194,46.91192248063231],[7.115798666393329,46.9171904919936]]]]},"properties":{"id":2,"code":"BE","name":"Bern"}},{"type":"Feature","geometry":{"type":"Polygon","coordinates":[[[7.839427884979064,47.22431555435691],[7.837517386964472,47.22898150727691],[7.839765031687522,47.23605569396207],[7.843024116535943,47.237034038929174],[7.854374722387343,47.23409900402788],[7.868310119670248,47.2385391850324],[7.89573138529145,47.243957711004015],[7.911015369408186,47.245237085191754],[7.923265033148805,47.23906598616853],[7.934615639000204,47.23741032545498],[7.962486433566015,47.2558483652195],[7.952821561256903,47.26706170368853],[7.950461534297702,47.27308228810144],[7.951472974423074,47.27609258030789],[7.958215908592222,47.27812452754725],[7.972151305875128,47.2774472118008],[7.975747537432007,47.27594206569757],[7.986760996574949,47.27729669719047],[7.995189664286384,47.28166162088983],[7.998673513607111,47.28105956244854],[8.00597835895702,47.27571629378209],[8.00597835895702,47.27248022966015],[8.014968937849218,47.26344935304079],[8.018677551642249,47.25735351132273],[8.01687943586381,47.24561337171756],[8.030140539729802,47.24200102106982],[8.032725331161307,47.24365668178337],[8.064192357283998,47.24802160548273],[8.058573245476374,47.253515388759496],[8.057786569823307,47.25690196749176],[8.063518063867084,47.25803082706918],[8.067226677660114,47.25592362252466],[8.073744847356958,47.25645042366079],[8.079588723636887,47.26141740580144],[8.089365978182151,47.26427718339757],[8.100379437325092,47.26126689119111],[8.106672842549631,47.25404218989563],[8.107234753730394,47.250204067332405],[8.110156691870358,47.245914400938204],[8.120383475360232,47.24516182788659],[8.125440675987093,47.24275359412143],[8.130947405558564,47.24486079866595],[8.134993166060053,47.247946348177564],[8.143871362716098,47.248623663924015],[8.160841080375121,47.25035458194272],[8.1757879177834,47.25456899103176],[8.180620353937954,47.25178447074079],[8.181069882882564,47.246892745905306],[8.176237446728008,47.24162473454401],[8.170505952684232,47.24297936603691],[8.15713246658209,47.240796904187235],[8.157244848818241,47.239291758084015],[8.16308872509817,47.23741032545498],[8.160953462611273,47.23440003324853],[8.164662076404305,47.231239226431754],[8.169831659267317,47.229207279192394],[8.175563153311094,47.22898150727691],[8.17410218424111,47.22664853081691],[8.17724888685338,47.223261952084655],[8.186688994690188,47.22386401052594],[8.194892897929318,47.22755161847885],[8.205119681419191,47.22732584656336],[8.205681592599955,47.24403296830918],[8.208940677448377,47.24877417853434],[8.22096557671669,47.25359064606466],[8.229394244428125,47.27421114767886],[8.233889533874224,47.27534000725628],[8.243329641711032,47.27375960384789],[8.243554406183335,47.280081217481445],[8.24962304693557,47.282715223162086],[8.252207838367076,47.28753169069241],[8.259737448189291,47.28843477835435],[8.262771768565408,47.283844082739506],[8.27108805404069,47.28452139848596],[8.274009992180655,47.28196265011047],[8.279629103988277,47.28339253890854],[8.287833007227409,47.28068327592273],[8.29884646637035,47.273383317322086],[8.300869346621095,47.27210394313434],[8.29569976375808,47.26683593177305],[8.30019505320418,47.256826710186594],[8.302330315691076,47.25381641798015],[8.30749989855409,47.25238652918208],[8.315928566265525,47.241097933407886],[8.31660285968244,47.23206705678852],[8.319637180058557,47.224767098187876],[8.321997207017759,47.22288566555885],[8.320423855711624,47.21724136767175],[8.326717260936162,47.214983648516906],[8.328515376714602,47.21212387092078],[8.33121255038226,47.20377031004787],[8.331549697090718,47.19887858521239],[8.339191689149086,47.190223995118835],[8.340427893746762,47.18570855680916],[8.339865982566,47.17983848700658],[8.342113627289049,47.17524779139174],[8.347507974624367,47.171259154218184],[8.349980383819723,47.16742103165496],[8.34896894369435,47.16591588555173],[8.359308109420377,47.15808912581496],[8.359308109420377,47.15462728977754],[8.361892900851885,47.15387471672592],[8.363241487685713,47.14732733117689],[8.375940680370942,47.1443922962756],[8.377514031677077,47.14062943101754],[8.391112282251525,47.1410809748485],[8.406396266368262,47.138823255693666],[8.413363965009713,47.141908805205276],[8.417184961038897,47.13445833199431],[8.416510667621983,47.125803741900754],[8.42134310377654,47.12399756657688],[8.43190703397487,47.12490065423882],[8.44280811088166,47.130770724041405],[8.447191018091607,47.130544952125916],[8.450337720703875,47.13227587014463],[8.45550730356689,47.11519246187301],[8.46876840743288,47.12000892940333],[8.468431260724422,47.12015944401366],[8.478433279741992,47.12542745537495],[8.485288596147292,47.12369653735624],[8.494503939511794,47.11526771917817],[8.494054410567184,47.10149563233365],[8.477534221852773,47.1074409594414],[8.47472466594896,47.11353680115946],[8.465734087056763,47.11233268427688],[8.451573925301552,47.115568748398815],[8.449438662814655,47.11263371349753],[8.443931933243185,47.112934742718174],[8.438762350380172,47.11067702356333],[8.43820043919941,47.107591474051716],[8.43370514975331,47.1074409594414],[8.421905014957302,47.10322655035236],[8.410779173578208,47.09427093103817],[8.411678231467427,47.087196744353],[8.407969617674395,47.08064935880397],[8.390325606598457,47.07199476871042],[8.390550371070763,47.06943602033493],[8.392011340140744,47.06266286287042],[8.401563830213705,47.061007202156866],[8.431457505030261,47.06672675734913],[8.442583346409355,47.06439378088913],[8.446853871383148,47.05972782796913],[8.462924531152952,47.0516000390117],[8.465846469292917,47.049869120992994],[8.470341758739014,47.049191805246544],[8.476298017255095,47.044525852326544],[8.502145931570162,47.025786783341374],[8.509113630211615,47.02548575412073],[8.514620359783088,47.02300226305041],[8.514620359783088,47.01389612912589],[8.510012688100836,47.00584359747363],[8.501471638153248,47.002231246825886],[8.47472466594896,46.99688797815943],[8.469330318613643,46.99786632312653],[8.470229376502862,47.01058480769879],[8.429097478071059,47.01856208204589],[8.427861273473383,47.00358587831879],[8.427973655709534,47.00215598952072],[8.426512686639553,46.99944672653491],[8.415049698552,46.99959724114524],[8.397518069712216,47.00215598952072],[8.386616992805425,46.9996724984504],[8.38403220137392,47.002231246825886],[8.38583031715236,47.00426319406524],[8.384144583610073,47.01916414048718],[8.369647275146404,47.02127134503169],[8.335595457592206,46.990340592610394],[8.319974326767014,47.00087661533298],[8.313680921542476,46.999747755755564],[8.296374057174996,46.99944672653491],[8.289518740769696,46.99590963319233],[8.278505281626753,46.99914569731427],[8.267042293539202,46.99944672653491],[8.261086035023121,46.99764055121104],[8.245689668670233,46.98763132962459],[8.23872197002878,46.99312511290137],[8.22916947995582,46.99387768595298],[8.219279843174403,46.98251383287362],[8.22411227932896,46.97724582151233],[8.229956155608887,46.97446130122136],[8.2282704220666,46.97062317865814],[8.20410824129382,46.96829020219813],[8.188037581524018,46.97288089781297],[8.18309276313331,46.96994586291168],[8.178035562506448,46.96987060560652],[8.163313489570474,46.96482836616072],[8.15128859030216,46.95888303905297],[8.153423852789057,46.95263668272458],[8.165673516529676,46.94097180042458],[8.158143906707462,46.93480070140135],[8.135667459476966,46.92343684832199],[8.123530177972501,46.91071836374973],[8.112404336593407,46.8942370139194],[8.108695722800375,46.89626896115876],[8.107684282675002,46.89958028258586],[8.109482398453443,46.90951424686715],[8.102177553103532,46.91034207722392],[8.0961089123513,46.913051340209734],[8.087005951222949,46.907482299627794],[8.084084013082986,46.901085428689086],[8.070935291453146,46.89709679151554],[8.068238117785487,46.88866797333747],[8.07194673157852,46.88272264622972],[8.071497202633909,46.878959780971655],[8.072508642759281,46.87489588649295],[8.07059814474469,46.870079418962625],[8.066889530951658,46.868047471723266],[8.068125735549335,46.86375780532907],[8.0665523842432,46.86067225581746],[8.058685627712528,46.85879082318843],[8.059809450074052,46.85472692870972],[8.056999894170241,46.850663034231005],[8.046548346208061,46.84501873634391],[8.043401643595793,46.83786929235358],[8.065540944117828,46.80919625908712],[8.064866650700914,46.80453030616712],[8.05610083628102,46.800090125162605],[8.057112276406393,46.79444582727551],[8.048458844222653,46.78857575747293],[8.048009315278044,46.7884252428626],[8.040030176511218,46.78887678669357],[8.032051037744393,46.79151079237422],[8.021599489782213,46.790306675491635],[8.006203123429326,46.78458712029938],[7.996987780064823,46.78308197419615],[7.995077282050231,46.78022219660002],[7.985637174213424,46.77623355942647],[7.974623715070482,46.77962013815873],[7.969678896679774,46.786468552928405],[7.955069205979953,46.79301593847744],[7.954507294799191,46.79557468685292],[7.951922503367684,46.80091795551938],[7.946415773796213,46.80716431184777],[7.925175531163397,46.820334340250994],[7.878199756451665,46.838998151931],[7.871456822282518,46.84516925095423],[7.870894911101755,46.84855582968649],[7.868422501906401,46.852469209554876],[7.870445382157145,46.86548872334778],[7.865950092711047,46.867821699807784],[7.864489123641064,46.87113302123488],[7.8585328651249835,46.87256291003295],[7.857409042763459,46.88287316084005],[7.859656687486508,46.88656076879295],[7.86887203085101,46.888366944116825],[7.873929231477872,46.89107620710263],[7.876514022909379,46.89717204882069],[7.882582663661612,46.90093491407876],[7.880896930119325,46.90244006018199],[7.884156014967746,46.907933843458764],[7.881009312355477,46.91229876715812],[7.876289258437073,46.91237402446328],[7.868422501906401,46.916212147026506],[7.873816849241719,46.92546879556135],[7.877637845270903,46.9284790877678],[7.89887808790372,46.93592956097877],[7.909442018102052,46.93404812834974],[7.915960187798895,46.93585430367361],[7.921916446314976,46.94338003418974],[7.922703121968042,46.94797072980458],[7.930007967317953,46.949551133212964],[7.932705140985612,46.951808852367805],[7.933379434402527,46.96302219083684],[7.946977684976975,46.96979534830136],[7.945179569198536,46.97844993839491],[7.953495854673818,46.98266434748395],[7.949337711936177,46.99493128822524],[7.9570920862306975,47.00478999520137],[7.951135827714617,47.00840234584911],[7.950236769825397,47.00712297166137],[7.942257631058572,47.00697245705105],[7.933828963347136,47.00561782555814],[7.924164091038024,47.01178892458137],[7.902811466169056,47.00757451549234],[7.897866647778347,47.014422930262015],[7.901462879335226,47.019389912402666],[7.89573138529145,47.023604321491696],[7.8933713583322485,47.03135582392331],[7.885392219565423,47.03444137343492],[7.882582663661612,47.04174133203557],[7.8759521117286155,47.042343390476866],[7.873254938060957,47.04505265346267],[7.868534884142553,47.04971860638267],[7.870557764393298,47.05995359988461],[7.880335018938562,47.080197814973005],[7.877974991979361,47.081025645329774],[7.88112169459163,47.08230501951752],[7.879548343285495,47.083509136400096],[7.881571223536239,47.091335896136876],[7.879098814340885,47.09449670295365],[7.880559783410867,47.096904936718815],[7.874828289367091,47.09938842778914],[7.877075934090141,47.10300077843688],[7.874153995950176,47.10563478411753],[7.8759521117286155,47.110752280868496],[7.8694339420317725,47.11338628654914],[7.870894911101755,47.11729966641753],[7.868197737434096,47.11880481252076],[7.869546324267926,47.12286870699946],[7.874715907130939,47.125653227290435],[7.887190335343863,47.1297923790743],[7.887639864288473,47.13295318589108],[7.890449420192285,47.13347998702721],[7.891011331373047,47.14213457712076],[7.883256957078526,47.148757219974954],[7.877637845270903,47.15718603815302],[7.877862609743208,47.16222827759883],[7.878087374215513,47.167044745129154],[7.884268397203899,47.173968417203994],[7.882133134717002,47.17758076785174],[7.876963551853988,47.184429182621415],[7.870445382157145,47.1869879309969],[7.864264359168759,47.19300851540981],[7.860780509848033,47.194062117682066],[7.860668127611881,47.20023321670529],[7.857409042763459,47.20211464933433],[7.8529137533173605,47.20986615176594],[7.850328961885854,47.21114552595368],[7.8479689349266515,47.21859599916465],[7.839427884979064,47.22431555435691]]]},"properties":{"id":3,"code":"LU","name":"Luzern"}},{"type":"Feature","geometry":{"type":"Polygon","coordinates":[[[8.448427222689283,46.71557617146645],[8.44820245821698,46.72867094256452],[8.450674867412333,46.731229690940005],[8.442470964173204,46.738153363014845],[8.441571906283983,46.74455023395356],[8.444718608896252,46.74876464304259],[8.440223319450153,46.75358111057292],[8.444718608896252,46.75523677128646],[8.448539604925436,46.7594511803755],[8.449438662814655,46.76471919173679],[8.461126415374512,46.7701377177084],[8.467644585071355,46.770890290760015],[8.475398959365876,46.76900885813098],[8.492593441497203,46.773825325661306],[8.489446738884933,46.78255517306002],[8.479557102103517,46.790983991238086],[8.48292856918809,46.79534891493744],[8.482254275771176,46.79948806672132],[8.472926550170522,46.79685406104067],[8.466183616001373,46.7997138386368],[8.465846469292917,46.801444756655506],[8.473488461351284,46.80084269821422],[8.483490480368854,46.80513236460841],[8.484501920494225,46.809873574833574],[8.479332337631211,46.81484055697422],[8.48472668496653,46.82108691330261],[8.484501920494225,46.82831161459809],[8.48742385863419,46.83335385404391],[8.490008650065697,46.836890947386486],[8.505517398654737,46.84253524527358],[8.508102190086243,46.84674965436262],[8.498999228957894,46.85487744332004],[8.489446738884933,46.85480218601488],[8.480793306701194,46.85856505127294],[8.476747546199705,46.856006302897455],[8.471915110045149,46.85615681750778],[8.469105554141336,46.862026887310364],[8.472477021225911,46.86932684591101],[8.46831887848827,46.877605149478754],[8.479781866575822,46.88422779233295],[8.473937990295894,46.89280712512134],[8.475061812657419,46.89468855775037],[8.468656025196728,46.89890296683941],[8.45966544630453,46.89958028258586],[8.465396940348306,46.90612766813489],[8.48236665800733,46.90996579069812],[8.48697432968958,46.919523468453605],[8.492143912552592,46.91982449767425],[8.4992239934302,46.91967398306393],[8.504393576293213,46.9158358605007],[8.51653085779768,46.91937295384328],[8.52113852947993,46.92411416406844],[8.532938664275939,46.92494199442522],[8.545188328016557,46.929156403514256],[8.548672177337284,46.93615533289425],[8.544963563544252,46.94067077120393],[8.557437991757176,46.94067077120393],[8.556763698340262,46.94255220383297],[8.558337049646397,46.94887381746651],[8.555977022687195,46.964301565024584],[8.561371370022513,46.96701082801039],[8.563394250273257,46.974085014695554],[8.569687655497795,46.97694479229168],[8.57541914954157,46.98514783855427],[8.57216006469315,46.991469452187815],[8.583510670544548,46.99470551630975],[8.598232743480523,46.99154470949298],[8.604301384232755,46.988158130760716],[8.605312824358128,46.98364269245104],[8.60227850398201,46.976568505765876],[8.604638530941212,46.96987060560652],[8.605537588830433,46.95331399847103],[8.621945395308693,46.953840799607164],[8.629475005130908,46.95120679392652],[8.637678908370038,46.95105627931619],[8.671168814743474,46.945411981429096],[8.693982408682423,46.94819650172006],[8.697803404711607,46.944283121851676],[8.701399636268487,46.93434915757038],[8.698140551420066,46.93005949117619],[8.698702462600828,46.927726514716184],[8.708929246090701,46.91846986618135],[8.71881888287212,46.91989975497941],[8.730169488723519,46.928855374293605],[8.73758671630958,46.931790409194896],[8.738598156434954,46.93359658451877],[8.745116326131797,46.93389761373941],[8.746464912965626,46.93653161942006],[8.750398291230962,46.935101730621994],[8.771975680572236,46.94255220383297],[8.77534714765681,46.9411223150349],[8.779842437102909,46.93404812834974],[8.79175495413507,46.93194092380522],[8.799284563957286,46.93811202282845],[8.811534227697905,46.94232643191748],[8.828054416412318,46.93660687672522],[8.83131350126074,46.931790409194896],[8.830639207843824,46.925092509035544],[8.828728709829232,46.923737877542635],[8.8295153854823,46.91989975497941],[8.837494524249124,46.90936373225683],[8.843338400529053,46.91064310644457],[8.84817083668361,46.914857515533605],[8.849856570225896,46.91402968517683],[8.848957512336677,46.8928823824265],[8.854351859671993,46.88671128340327],[8.862555762911125,46.89295763973166],[8.862443380674971,46.895892674632954],[8.875929249013268,46.89649473307424],[8.887504619336973,46.90341840514908],[8.895933287048408,46.904170978200696],[8.903013367926013,46.90913796034134],[8.908632479733637,46.90891218842586],[8.912565857998972,46.91207299524263],[8.9366156565356,46.92117912916715],[8.944707177538579,46.90763281423812],[8.949764378165439,46.90289160401296],[8.954484432083843,46.90206377365618],[8.958417810349179,46.88911951716843],[8.9571816057515,46.877153605647784],[8.942684297287833,46.872036108896815],[8.934705158521009,46.86676809753553],[8.924141228322677,46.86458563568585],[8.91885926322351,46.86187637270004],[8.909194390914399,46.86180111539488],[8.896607580465322,46.85096406345165],[8.87233301745639,46.84336307563036],[8.874917808887897,46.84178267222197],[8.875704484540963,46.8362888889452],[8.881885507529349,46.82989201800648],[8.881098831876281,46.822366287490354],[8.876828306902489,46.817248790739384],[8.878176893736317,46.81416324122777],[8.874917808887897,46.80979831752841],[8.86098241160499,46.807013797237445],[8.853565184018928,46.80091795551938],[8.848620365628218,46.799412809416154],[8.849069894572828,46.79482211380132],[8.836033555179142,46.79647777451486],[8.828953474301537,46.79301593847744],[8.82771726970386,46.78925307321938],[8.830189678899213,46.78481289221486],[8.829290621009994,46.78014693929486],[8.835359261762228,46.76772948394324],[8.832662088094569,46.76562227939873],[8.826481065106183,46.76720268280711],[8.819738130937035,46.76351507485421],[8.820187659881645,46.76050478264776],[8.8158047526717,46.75666666008453],[8.815018077018632,46.75034504645098],[8.811646609934057,46.74628115197227],[8.814006636893259,46.73868016415098],[8.801195061971878,46.733035866263876],[8.793890216621968,46.73265957973807],[8.783213904187484,46.729649287531615],[8.774110943059133,46.740862626000656],[8.770739475974558,46.74206674288323],[8.77028994702995,46.745679093530974],[8.766693715473071,46.74590486544646],[8.74893732216098,46.737024503437425],[8.745565855076407,46.73017608866775],[8.75028590899481,46.72265035815162],[8.746802059674083,46.71843594906258],[8.736912422892667,46.714522569194195],[8.728708519653537,46.708727756696774],[8.71926841181673,46.70744838250903],[8.718256971691357,46.70398654647161],[8.710277832924533,46.700524710434195],[8.701399636268487,46.70481437682839],[8.693645261973966,46.703158716114835],[8.687801385694039,46.69585875751419],[8.67959748245491,46.696235044039994],[8.675551721953418,46.693601038359354],[8.674765046300353,46.672453735609025],[8.679147953510299,46.665755835449666],[8.672854548285759,46.66033730947805],[8.662515382559732,46.65672495883031],[8.656671506279805,46.65183323399482],[8.659705826655921,46.64867242717805],[8.657458181932872,46.645210591140625],[8.658357239822092,46.64287761468063],[8.653187656959078,46.639265264032886],[8.652288599069859,46.63557765607998],[8.657570564169024,46.63264262117869],[8.659481062183616,46.627224095207076],[8.665212556227392,46.62300968611804],[8.670944050271167,46.62105299618385],[8.67746221996801,46.62105299618385],[8.678923189037993,46.61909630624965],[8.680721304816434,46.6067541082032],[8.678024131148774,46.60058300917997],[8.682519420594872,46.590799559509],[8.679822246927213,46.5804893087019],[8.667909729895051,46.57785530302125],[8.661054413489751,46.574845010814805],[8.65734579969672,46.569878028674154],[8.641837051107679,46.56536259036448],[8.632059796562414,46.567018251078025],[8.630486445256281,46.57492026811997],[8.627339742644011,46.577704788410934],[8.615989136792612,46.579510963734805],[8.612055758527276,46.57627489961287],[8.59171457378368,46.57476975350964],[8.58261161265533,46.578607876072866],[8.574744856124656,46.58492948970642],[8.565866659468611,46.582596513246415],[8.549683617462655,46.58327382899287],[8.540355891862001,46.588015039218035],[8.537321571485885,46.586133606589],[8.532376753095177,46.585757320063195],[8.527656699176774,46.58297279977222],[8.525858583398334,46.57920993451416],[8.522374734077607,46.57853261876771],[8.522149969605302,46.568372882570934],[8.51439559531078,46.55979354978254],[8.52068900053532,46.5402266504406],[8.506641221016261,46.536463785182534],[8.484052391549616,46.53345349297608],[8.478770426450449,46.52886279736124],[8.474837048185114,46.52984114232834],[8.466183616001373,46.5369153290135],[8.458878770651463,46.534732867163825],[8.44651672467469,46.53819470320124],[8.442133817464745,46.54090396618705],[8.437076616837885,46.54128025271286],[8.434042296461769,46.544064773003825],[8.429996535960278,46.544967860665764],[8.427411744528772,46.54865546861867],[8.424377424152656,46.56137395319093],[8.420781192595776,46.56483578922835],[8.417971636691965,46.57236151974448],[8.411228702522816,46.57868313337803],[8.41134108475897,46.581768682889646],[8.40729532425748,46.58718720886126],[8.41134108475897,46.59787374619416],[8.409205822272073,46.60253969911417],[8.415836374205067,46.60682936550836],[8.421455486012691,46.61774167475675],[8.421455486012691,46.62684780868127],[8.423365984027283,46.628503469394815],[8.419882134706556,46.63715805948837],[8.423028837318826,46.64897345639869],[8.419432605761948,46.65341363740321],[8.411565849231273,46.654391982370306],[8.40954296898053,46.666884695027086],[8.403586710464449,46.66981972992838],[8.398979038782198,46.676216600867086],[8.398529509837587,46.68554850670709],[8.401226683505246,46.694278354105805],[8.42954700701567,46.68773096855677],[8.442021435228593,46.68682788089483],[8.453596805552298,46.690289716932256],[8.45606921474765,46.69864327780516],[8.453147276607687,46.70556694988],[8.454833010149974,46.71196382081871],[8.454720627913822,46.71203907812387],[8.453933952260755,46.71249062195484],[8.448427222689283,46.71557617146645]]]},"properties":{"id":4,"code":"UR","name":"Uri"}},{"type":"Feature","geometry":{"type":"Polygon","coordinates":[[[8.714435975662173,47.20437236848916],[8.742306770227984,47.21302695858272],[8.7886082515228,47.2225846363382],[8.798048359359608,47.22318669477949],[8.809736111919465,47.221455776760784],[8.810185640864075,47.221230004845296],[8.823334362493913,47.21287644397239],[8.841652666986766,47.209414607934974],[8.942571915051682,47.21949908682659],[8.956956841279197,47.217692911502716],[8.967071242532919,47.21882177108014],[8.97212844315978,47.21799394072336],[8.975387528008202,47.21423107546529],[8.969993180672883,47.212500157446584],[8.965835037935243,47.200985789756906],[8.960103543891467,47.19910435712787],[8.96302548203143,47.18518175567303],[8.963587393212192,47.18171991963561],[8.971566531979018,47.18029003083755],[8.975499910244354,47.18322506573884],[8.982242844413502,47.1846549545369],[8.995728712751799,47.180666317363354],[8.99853826865561,47.177505510546574],[9.005955496241672,47.17457047564528],[8.992469627903377,47.16298085065044],[8.975050381299745,47.141683033289794],[8.968532211602902,47.13799542533689],[8.970555091853646,47.13581296348721],[8.966284566879851,47.12324499352527],[8.968419829366749,47.120535730539466],[8.973252265521305,47.119406870962045],[8.974937999063592,47.11639657875559],[8.970555091853646,47.10992445051172],[8.971903678687475,47.105107982981394],[8.960777837308381,47.101345117723326],[8.955046343264605,47.09276578493494],[8.976960879314337,47.086820457827194],[8.967745535949835,47.08268130604333],[8.967857918185986,47.08095038802462],[8.96212642414221,47.07756380929236],[8.962800717559125,47.072596827151706],[8.952236787360793,47.06206080442912],[8.94931484922083,47.05069695134977],[8.942459532815528,47.04904129063622],[8.938301390077887,47.04505265346267],[8.922680259252694,47.039634127491055],[8.916724000736615,47.03978464210138],[8.915487796138937,47.04113927359428],[8.903125750162165,47.03925784096525],[8.901664781092183,47.03639806336912],[8.904586719232148,47.028721818242666],[8.894135171269967,47.02488369567944],[8.89604566928456,47.022249689998795],[8.90155239885603,47.02217443269363],[8.911666800109753,47.01818579552008],[8.912678240235124,47.010208521172984],[8.916724000736615,47.00877863237492],[8.919421174404274,47.003510621013625],[8.9297603401303,46.998844668093625],[8.938526154550193,46.988158130760716],[8.942122386107071,46.98597566891104],[8.933918482867941,46.98311589131491],[8.94661767555317,46.96889226063942],[8.951000582763116,46.970773693268455],[8.949989142637744,46.96956957638587],[8.956732076806892,46.964301565024584],[8.972802736576694,46.96121601551297],[8.963587393212192,46.955195431100066],[8.962351188614516,46.94864804555103],[8.956507312334587,46.94029448467813],[8.958080663640722,46.9354780171478],[8.965273126754479,46.93021000578651],[8.964149304392954,46.92787702932651],[8.949651995929287,46.92674816974909],[8.9366156565356,46.92117912916715],[8.912565857998972,46.91207299524263],[8.908632479733637,46.90891218842586],[8.903013367926013,46.90913796034134],[8.895933287048408,46.904170978200696],[8.887504619336973,46.90341840514908],[8.875929249013268,46.89649473307424],[8.862443380674971,46.895892674632954],[8.862555762911125,46.89295763973166],[8.854351859671993,46.88671128340327],[8.848957512336677,46.8928823824265],[8.849856570225896,46.91402968517683],[8.84817083668361,46.914857515533605],[8.843338400529053,46.91064310644457],[8.837494524249124,46.90936373225683],[8.8295153854823,46.91989975497941],[8.828728709829232,46.923737877542635],[8.830639207843824,46.925092509035544],[8.83131350126074,46.931790409194896],[8.828054416412318,46.93660687672522],[8.811534227697905,46.94232643191748],[8.799284563957286,46.93811202282845],[8.79175495413507,46.93194092380522],[8.779842437102909,46.93404812834974],[8.77534714765681,46.9411223150349],[8.771975680572236,46.94255220383297],[8.750398291230962,46.935101730621994],[8.746464912965626,46.93653161942006],[8.745116326131797,46.93389761373941],[8.738598156434954,46.93359658451877],[8.73758671630958,46.931790409194896],[8.730169488723519,46.928855374293605],[8.71881888287212,46.91989975497941],[8.708929246090701,46.91846986618135],[8.698702462600828,46.927726514716184],[8.698140551420066,46.93005949117619],[8.701399636268487,46.93434915757038],[8.697803404711607,46.944283121851676],[8.693982408682423,46.94819650172006],[8.671168814743474,46.945411981429096],[8.637678908370038,46.95105627931619],[8.629475005130908,46.95120679392652],[8.621945395308693,46.953840799607164],[8.605537588830433,46.95331399847103],[8.604638530941212,46.96987060560652],[8.60227850398201,46.976568505765876],[8.605312824358128,46.98364269245104],[8.604301384232755,46.988158130760716],[8.598232743480523,46.99154470949298],[8.583510670544548,46.99470551630975],[8.57216006469315,46.991469452187815],[8.54395212341888,46.98085817216007],[8.520464236063015,46.98115920138072],[8.497763024360216,46.97777262264846],[8.466295998237525,46.98559938238523],[8.469330318613643,46.99786632312653],[8.47472466594896,46.99688797815943],[8.501471638153248,47.002231246825886],[8.510012688100836,47.00584359747363],[8.514620359783088,47.01389612912589],[8.514620359783088,47.02300226305041],[8.509113630211615,47.02548575412073],[8.502145931570162,47.025786783341374],[8.476298017255095,47.044525852326544],[8.470341758739014,47.049191805246544],[8.465846469292917,47.049869120992994],[8.462924531152952,47.0516000390117],[8.446853871383148,47.05972782796913],[8.442583346409355,47.06439378088913],[8.431457505030261,47.06672675734913],[8.401563830213705,47.061007202156866],[8.392011340140744,47.06266286287042],[8.390550371070763,47.06943602033493],[8.390325606598457,47.07199476871042],[8.407969617674395,47.08064935880397],[8.411678231467427,47.087196744353],[8.410779173578208,47.09427093103817],[8.421905014957302,47.10322655035236],[8.43370514975331,47.1074409594414],[8.43820043919941,47.107591474051716],[8.438762350380172,47.11067702356333],[8.443931933243185,47.112934742718174],[8.449438662814655,47.11263371349753],[8.451573925301552,47.115568748398815],[8.465734087056763,47.11233268427688],[8.47472466594896,47.11353680115946],[8.477534221852773,47.1074409594414],[8.494054410567184,47.10149563233365],[8.523273791966826,47.091335896136876],[8.526757641287553,47.093066814155584],[8.541142567515069,47.09344310068139],[8.545525474725014,47.095776077141394],[8.563394250273257,47.095098761394944],[8.564518072634781,47.09396990181752],[8.565979041704765,47.088400861235584],[8.564630454870935,47.08298233526397],[8.575082002833113,47.083509136400096],[8.578678234389994,47.0858421128601],[8.58856787117141,47.087121487047845],[8.59677177441054,47.092615270324615],[8.608796673678853,47.09344310068139],[8.612505287471885,47.09630287827752],[8.639926553093087,47.0951740187001],[8.64554566490071,47.097582252465266],[8.650490483291419,47.10473169645559],[8.661054413489751,47.112708970802686],[8.661503942434361,47.11617080684011],[8.672854548285759,47.11722440911237],[8.67195549039654,47.12061098784463],[8.682744185067177,47.126481057647204],[8.688138532402496,47.13792016803173],[8.68510421202638,47.14213457712076],[8.689374737000172,47.147477845787215],[8.702186311921555,47.152595342538184],[8.700051049434657,47.15402523133625],[8.696904346822388,47.16433548214334],[8.693420497501663,47.16478702597431],[8.693195733029356,47.16809834740141],[8.691847146195528,47.17080761038722],[8.683418478484093,47.17547356330722],[8.68240703835872,47.18495598375755],[8.695218613280101,47.19752395371948],[8.703984427699993,47.19978167287432],[8.705108250061517,47.20354453813239],[8.7110645085776,47.20188887741884],[8.714435975662173,47.20437236848916]]]},"properties":{"id":5,"code":"SZ","name":"Schwyz"}},{"type":"Feature","geometry":{"type":"MultiPolygon","coordinates":[[[[8.397518069712216,46.7668263962813],[8.396281865114538,46.77284698069421],[8.415948756441221,46.77788922014002],[8.427074597820315,46.77660984595228],[8.427411744528772,46.77834076397099],[8.420556428123472,46.790306675491635],[8.41134108475897,46.791435535069056],[8.402912417047535,46.796778803735506],[8.39774283418452,46.79685406104067],[8.386167463860817,46.80490659269293],[8.389651313181544,46.81062614788519],[8.388977019764628,46.81378695470196],[8.378750236274755,46.817700334570354],[8.375154004717874,46.81762507726519],[8.378637854038601,46.82469926395035],[8.371782537633301,46.836890947386486],[8.369647275146404,46.850663034231005],[8.372906359994825,46.854651671404554],[8.372007302105606,46.86022071198649],[8.365039603464153,46.86082277042778],[8.362454812032645,46.86353203341359],[8.36537675017261,46.86842375824907],[8.370096804091014,46.86880004477488],[8.374704475773266,46.87579897415488],[8.381222645470109,46.87534743032391],[8.381447409942414,46.87181033698133],[8.385605552680055,46.867370155976815],[8.379649294163974,46.8639083199394],[8.376277827079399,46.85939288162972],[8.375715915898638,46.84945891734842],[8.382009321123174,46.857135162474876],[8.385717934916206,46.856006302897455],[8.39954094996296,46.86586500987359],[8.406508648604413,46.86654232562004],[8.413925876190476,46.87098250662456],[8.419769752470405,46.86375780532907],[8.421455486012691,46.85322178260649],[8.430783211613345,46.85141560728262],[8.43921187932478,46.85457641409939],[8.471915110045149,46.85615681750778],[8.476747546199705,46.856006302897455],[8.480793306701194,46.85856505127294],[8.489446738884933,46.85480218601488],[8.498999228957894,46.85487744332004],[8.508102190086243,46.84674965436262],[8.505517398654737,46.84253524527358],[8.490008650065697,46.836890947386486],[8.48742385863419,46.83335385404391],[8.484501920494225,46.82831161459809],[8.48472668496653,46.82108691330261],[8.479332337631211,46.81484055697422],[8.484501920494225,46.809873574833574],[8.483490480368854,46.80513236460841],[8.473488461351284,46.80084269821422],[8.465846469292917,46.801444756655506],[8.466183616001373,46.7997138386368],[8.472926550170522,46.79685406104067],[8.482254275771176,46.79948806672132],[8.48292856918809,46.79534891493744],[8.479557102103517,46.790983991238086],[8.489446738884933,46.78255517306002],[8.492593441497203,46.773825325661306],[8.475398959365876,46.76900885813098],[8.467644585071355,46.770890290760015],[8.461126415374512,46.7701377177084],[8.449438662814655,46.76471919173679],[8.447640547036215,46.771341834590984],[8.443594786534728,46.77119131998066],[8.43685185236558,46.773825325661306],[8.425613628750332,46.77149234920131],[8.417971636691965,46.77548098637486],[8.397518069712216,46.7668263962813]]],[[[8.055089396155648,46.789629359745184],[8.048458844222653,46.78857575747293],[8.057112276406393,46.79444582727551],[8.05610083628102,46.800090125162605],[8.064866650700914,46.80453030616712],[8.065540944117828,46.80919625908712],[8.043401643595793,46.83786929235358],[8.046548346208061,46.84501873634391],[8.056999894170241,46.850663034231005],[8.059809450074052,46.85472692870972],[8.058685627712528,46.85879082318843],[8.0665523842432,46.86067225581746],[8.068125735549335,46.86375780532907],[8.066889530951658,46.868047471723266],[8.07059814474469,46.870079418962625],[8.072508642759281,46.87489588649295],[8.071497202633909,46.878959780971655],[8.07194673157852,46.88272264622972],[8.068238117785487,46.88866797333747],[8.070935291453146,46.89709679151554],[8.084084013082986,46.901085428689086],[8.087005951222949,46.907482299627794],[8.0961089123513,46.913051340209734],[8.102177553103532,46.91034207722392],[8.109482398453443,46.90951424686715],[8.107684282675002,46.89958028258586],[8.108695722800375,46.89626896115876],[8.112404336593407,46.8942370139194],[8.123530177972501,46.91071836374973],[8.135667459476966,46.92343684832199],[8.158143906707462,46.93480070140135],[8.165673516529676,46.94097180042458],[8.153423852789057,46.95263668272458],[8.15128859030216,46.95888303905297],[8.163313489570474,46.96482836616072],[8.178035562506448,46.96987060560652],[8.18309276313331,46.96994586291168],[8.188037581524018,46.97288089781297],[8.20410824129382,46.96829020219813],[8.2282704220666,46.97062317865814],[8.229956155608887,46.97446130122136],[8.245352521961776,46.975665418103944],[8.255354540979345,46.9813849732962],[8.261872710676188,46.98161074521168],[8.263670826454629,46.97950354066717],[8.273897609944502,46.979879827192974],[8.282888188836699,46.97717056420717],[8.302330315691076,46.97897673953104],[8.308398956443309,46.97717056420717],[8.312107570236341,46.970322149437486],[8.307275134081785,46.9570768637291],[8.3103094544579,46.953389255776194],[8.299745524259569,46.947594443278774],[8.28929397629739,46.93525224523232],[8.301318875565704,46.93141412266909],[8.310646601166358,46.925769824781995],[8.323795322796197,46.92667291244393],[8.339191689149086,46.930661549617476],[8.342226009525202,46.92765125741103],[8.339865982566,46.91989975497941],[8.3443612720121,46.9158358605007],[8.342226009525202,46.91034207722392],[8.338067866787561,46.90688024118651],[8.338854542440629,46.89137723632327],[8.329639199076126,46.878959780971655],[8.330763021437651,46.87278868194843],[8.335145928647597,46.868724787469716],[8.335595457592206,46.86255368844649],[8.331886843799175,46.857586706305845],[8.329189670131516,46.84802902855036],[8.333684959577614,46.83546105858842],[8.336944044426037,46.834407456316164],[8.33615736877297,46.82944047417551],[8.32300864714313,46.82183948635422],[8.327841083297686,46.81596941655164],[8.332223990507632,46.81416324122777],[8.340427893746762,46.806788025321964],[8.3443612720121,46.8057344230497],[8.34582224108208,46.800993212824544],[8.362567194268799,46.79467159919099],[8.369984421854861,46.78925307321938],[8.360993842962664,46.78428609107873],[8.333909724049919,46.78157682809292],[8.317052388627049,46.77141709189615],[8.304240813705668,46.763816104074856],[8.299071230842655,46.76328930293872],[8.284573922378986,46.75455945554001],[8.276707165848315,46.75629037355872],[8.269851849443013,46.75568831511743],[8.26063650607851,46.76479444904195],[8.240182939098762,46.770890290760015],[8.234451445054987,46.76328930293872],[8.230855213498106,46.762235700666466],[8.222201781314368,46.76253672988711],[8.208940677448377,46.770664518844534],[8.196691013707756,46.76938514465679],[8.190172844010913,46.771341834590984],[8.173203126351892,46.765547022093564],[8.168820219141946,46.76637485245034],[8.159829640249749,46.7608058118684],[8.148141887689892,46.75636563086388],[8.145894242966842,46.7574944904413],[8.122968266791739,46.77164286381163],[8.112291954357254,46.77502944254389],[8.103301375465056,46.77510469984905],[8.100941348505856,46.77931910893808],[8.091950769613657,46.78541495065615],[8.091051711724438,46.788952043998734],[8.077678225622295,46.78722112598002],[8.070148615800079,46.78993038896583],[8.061719948088644,46.78789844172647],[8.055089396155648,46.789629359745184]]]]},"properties":{"id":6,"code":"OW","name":"Obwalden"}},{"type":"Feature","geometry":{"type":"Polygon","coordinates":[[[8.378637854038601,46.78699535406454],[8.369984421854861,46.78925307321938],[8.362567194268799,46.79467159919099],[8.34582224108208,46.800993212824544],[8.3443612720121,46.8057344230497],[8.340427893746762,46.806788025321964],[8.332223990507632,46.81416324122777],[8.327841083297686,46.81596941655164],[8.32300864714313,46.82183948635422],[8.33615736877297,46.82944047417551],[8.336944044426037,46.834407456316164],[8.333684959577614,46.83546105858842],[8.329189670131516,46.84802902855036],[8.331886843799175,46.857586706305845],[8.335595457592206,46.86255368844649],[8.335145928647597,46.868724787469716],[8.330763021437651,46.87278868194843],[8.329639199076126,46.878959780971655],[8.338854542440629,46.89137723632327],[8.338067866787561,46.90688024118651],[8.342226009525202,46.91034207722392],[8.3443612720121,46.9158358605007],[8.339865982566,46.91989975497941],[8.342226009525202,46.92765125741103],[8.339191689149086,46.930661549617476],[8.323795322796197,46.92667291244393],[8.310646601166358,46.925769824781995],[8.301318875565704,46.93141412266909],[8.28929397629739,46.93525224523232],[8.299745524259569,46.947594443278774],[8.3103094544579,46.953389255776194],[8.307275134081785,46.9570768637291],[8.312107570236341,46.970322149437486],[8.308398956443309,46.97717056420717],[8.302330315691076,46.97897673953104],[8.282888188836699,46.97717056420717],[8.273897609944502,46.979879827192974],[8.263670826454629,46.97950354066717],[8.261872710676188,46.98161074521168],[8.255354540979345,46.9813849732962],[8.245352521961776,46.975665418103944],[8.229956155608887,46.97446130122136],[8.22411227932896,46.97724582151233],[8.219279843174403,46.98251383287362],[8.22916947995582,46.99387768595298],[8.23872197002878,46.99312511290137],[8.245689668670233,46.98763132962459],[8.261086035023121,46.99764055121104],[8.267042293539202,46.99944672653491],[8.278505281626753,46.99914569731427],[8.289518740769696,46.99590963319233],[8.296374057174996,46.99944672653491],[8.313680921542476,46.999747755755564],[8.319974326767014,47.00087661533298],[8.335595457592206,46.990340592610394],[8.369647275146404,47.02127134503169],[8.384144583610073,47.01916414048718],[8.38583031715236,47.00426319406524],[8.38403220137392,47.002231246825886],[8.386616992805425,46.9996724984504],[8.397518069712216,47.00215598952072],[8.415049698552,46.99959724114524],[8.426512686639553,46.99944672653491],[8.427973655709534,47.00215598952072],[8.427861273473383,47.00358587831879],[8.429097478071059,47.01856208204589],[8.470229376502862,47.01058480769879],[8.469330318613643,46.99786632312653],[8.466295998237525,46.98559938238523],[8.497763024360216,46.97777262264846],[8.520464236063015,46.98115920138072],[8.54395212341888,46.98085817216007],[8.57216006469315,46.991469452187815],[8.57541914954157,46.98514783855427],[8.569687655497795,46.97694479229168],[8.563394250273257,46.974085014695554],[8.561371370022513,46.96701082801039],[8.555977022687195,46.964301565024584],[8.558337049646397,46.94887381746651],[8.556763698340262,46.94255220383297],[8.557437991757176,46.94067077120393],[8.544963563544252,46.94067077120393],[8.548672177337284,46.93615533289425],[8.545188328016557,46.929156403514256],[8.532938664275939,46.92494199442522],[8.52113852947993,46.92411416406844],[8.51653085779768,46.91937295384328],[8.504393576293213,46.9158358605007],[8.4992239934302,46.91967398306393],[8.492143912552592,46.91982449767425],[8.48697432968958,46.919523468453605],[8.48236665800733,46.90996579069812],[8.465396940348306,46.90612766813489],[8.45966544630453,46.89958028258586],[8.468656025196728,46.89890296683941],[8.475061812657419,46.89468855775037],[8.473937990295894,46.89280712512134],[8.479781866575822,46.88422779233295],[8.46831887848827,46.877605149478754],[8.472477021225911,46.86932684591101],[8.469105554141336,46.862026887310364],[8.471915110045149,46.85615681750778],[8.43921187932478,46.85457641409939],[8.430783211613345,46.85141560728262],[8.421455486012691,46.85322178260649],[8.419769752470405,46.86375780532907],[8.413925876190476,46.87098250662456],[8.406508648604413,46.86654232562004],[8.39954094996296,46.86586500987359],[8.385717934916206,46.856006302897455],[8.382009321123174,46.857135162474876],[8.375715915898638,46.84945891734842],[8.376277827079399,46.85939288162972],[8.379649294163974,46.8639083199394],[8.385605552680055,46.867370155976815],[8.381447409942414,46.87181033698133],[8.381222645470109,46.87534743032391],[8.374704475773266,46.87579897415488],[8.370096804091014,46.86880004477488],[8.36537675017261,46.86842375824907],[8.362454812032645,46.86353203341359],[8.365039603464153,46.86082277042778],[8.372007302105606,46.86022071198649],[8.372906359994825,46.854651671404554],[8.369647275146404,46.850663034231005],[8.371782537633301,46.836890947386486],[8.378637854038601,46.82469926395035],[8.375154004717874,46.81762507726519],[8.378750236274755,46.817700334570354],[8.388977019764628,46.81378695470196],[8.389651313181544,46.81062614788519],[8.386167463860817,46.80490659269293],[8.39774283418452,46.79685406104067],[8.402912417047535,46.796778803735506],[8.41134108475897,46.791435535069056],[8.420556428123472,46.790306675491635],[8.427411744528772,46.77834076397099],[8.427074597820315,46.77660984595228],[8.415948756441221,46.77788922014002],[8.396281865114538,46.77284698069421],[8.39178657566844,46.778717050496795],[8.38358267242931,46.7814263134826],[8.378637854038601,46.78699535406454]]]},"properties":{"id":7,"code":"NW","name":"Nidwalden"}},{"type":"Feature","geometry":{"type":"Polygon","coordinates":[[[8.87233301745639,46.84336307563036],[8.896607580465322,46.85096406345165],[8.909194390914399,46.86180111539488],[8.91885926322351,46.86187637270004],[8.924141228322677,46.86458563568585],[8.934705158521009,46.86676809753553],[8.942684297287833,46.872036108896815],[8.9571816057515,46.877153605647784],[8.958417810349179,46.88911951716843],[8.954484432083843,46.90206377365618],[8.949764378165439,46.90289160401296],[8.944707177538579,46.90763281423812],[8.9366156565356,46.92117912916715],[8.949651995929287,46.92674816974909],[8.964149304392954,46.92787702932651],[8.965273126754479,46.93021000578651],[8.958080663640722,46.9354780171478],[8.956507312334587,46.94029448467813],[8.962351188614516,46.94864804555103],[8.963587393212192,46.955195431100066],[8.972802736576694,46.96121601551297],[8.956732076806892,46.964301565024584],[8.949989142637744,46.96956957638587],[8.951000582763116,46.970773693268455],[8.94661767555317,46.96889226063942],[8.933918482867941,46.98311589131491],[8.942122386107071,46.98597566891104],[8.938526154550193,46.988158130760716],[8.9297603401303,46.998844668093625],[8.919421174404274,47.003510621013625],[8.916724000736615,47.00877863237492],[8.912678240235124,47.010208521172984],[8.911666800109753,47.01818579552008],[8.90155239885603,47.02217443269363],[8.89604566928456,47.022249689998795],[8.894135171269967,47.02488369567944],[8.904586719232148,47.028721818242666],[8.901664781092183,47.03639806336912],[8.903125750162165,47.03925784096525],[8.915487796138937,47.04113927359428],[8.916724000736615,47.03978464210138],[8.922680259252694,47.039634127491055],[8.938301390077887,47.04505265346267],[8.942459532815528,47.04904129063622],[8.94931484922083,47.05069695134977],[8.952236787360793,47.06206080442912],[8.962800717559125,47.072596827151706],[8.96212642414221,47.07756380929236],[8.967857918185986,47.08095038802462],[8.967745535949835,47.08268130604333],[8.976960879314337,47.086820457827194],[8.955046343264605,47.09276578493494],[8.960777837308381,47.101345117723326],[8.971903678687475,47.105107982981394],[8.970555091853646,47.10992445051172],[8.974937999063592,47.11639657875559],[8.973252265521305,47.119406870962045],[8.968419829366749,47.120535730539466],[8.966284566879851,47.12324499352527],[8.970555091853646,47.13581296348721],[8.968532211602902,47.13799542533689],[8.975050381299745,47.141683033289794],[8.992469627903377,47.16298085065044],[9.005955496241672,47.17457047564528],[9.009326963326247,47.17344161606786],[9.051582684119573,47.143037664782696],[9.068327637306291,47.13167381170334],[9.072935308988543,47.13122226787237],[9.087432617452212,47.13250164206011],[9.100468956845898,47.13400678816334],[9.109347153501943,47.13265215667043],[9.12058537711719,47.13363050163753],[9.182732753709503,47.12602951381624],[9.189026158934041,47.122718192389144],[9.190037599059414,47.117374923722686],[9.191161421420938,47.11142959661495],[9.18756518986406,47.09901214126333],[9.191948097074006,47.09186269727301],[9.190037599059414,47.08629365669107],[9.192959537199378,47.074177230560096],[9.187228043155603,47.064845324720096],[9.185092780668706,47.061232974072354],[9.169696414315817,47.05107323787558],[9.155199105852148,47.048740261415574],[9.13935321055465,47.040537215152995],[9.15755913281135,47.03150633853363],[9.169471649843512,47.02796924519105],[9.17621458401266,47.03007644973557],[9.18172131358413,47.027367186749764],[9.202736791744643,47.03639806336912],[9.209816872622248,47.03707537911557],[9.215997895610634,47.034290858824605],[9.2212798607098,47.03444137343492],[9.231394261963521,47.027141414834276],[9.237575284951907,47.025184724900086],[9.242520103342615,47.01878785396137],[9.243981072412598,47.00870337506976],[9.249263037511763,47.00177970299492],[9.250948771054052,46.996586948938784],[9.246565863844104,46.993275627511686],[9.247914450677934,46.98853441728652],[9.24499251253797,46.983416920535554],[9.247914450677934,46.9767190203762],[9.243981072412598,46.967236599925876],[9.24724015726102,46.96001189863039],[9.245779188191037,46.95775417947555],[9.238024813896518,46.95587274684652],[9.237575284951907,46.94631506909103],[9.240497223091872,46.940746028509096],[9.25139829999866,46.93585430367361],[9.25409547366632,46.92832857315748],[9.251623064470966,46.925544052866506],[9.25274688683249,46.92366262023748],[9.250162095400984,46.91756677851941],[9.245666805954885,46.91561008858522],[9.241171516508786,46.90943898956199],[9.23588955140962,46.90958950417231],[9.228022794878948,46.90695549849166],[9.219144598222902,46.896118446548435],[9.214199779832194,46.893258668952306],[9.205433965412302,46.884528821553594],[9.189475687878652,46.87798143600456],[9.179248904388777,46.88038966976972],[9.154524812435234,46.88106698551618],[9.15800866175596,46.87527217301876],[9.147781878266086,46.872487652727784],[9.141038944096938,46.86323100419295],[9.135419832289315,46.86172585808972],[9.111931944933449,46.85186715111359],[9.105975686417368,46.854049612963266],[9.104627099583539,46.860898027732944],[9.095973667399798,46.868950559385205],[9.095973667399798,46.87211136620198],[9.077880127379252,46.87647628990133],[9.066754286000158,46.87617526068069],[9.058999911705637,46.872487652727784],[9.055853209093367,46.86977838974198],[9.046525483492713,46.86639181100972],[9.045401661131189,46.85705990516972],[9.047199776909629,46.8516413791981],[9.039108255906651,46.84674965436262],[9.035062495405162,46.8403527834239],[9.035736788822076,46.836364146250354],[9.031129117139825,46.834181684400676],[9.02090233364995,46.81845290762197],[9.01090031463238,46.81303438165035],[8.966734095824462,46.80776637028906],[8.958642574821484,46.805659165744544],[8.954596814319995,46.80626122418583],[8.951787258416184,46.80400350503099],[8.945943382136255,46.8034014465897],[8.941448092690157,46.800767440909055],[8.929423193421842,46.7977571487026],[8.926501255281877,46.799412809416154],[8.91930879216812,46.79956332402647],[8.915375413902783,46.80197155779164],[8.916049707319699,46.81243232320906],[8.907958186316721,46.811453978241964],[8.899641900841438,46.815517872720676],[8.878176893736317,46.81416324122777],[8.876828306902489,46.817248790739384],[8.881098831876281,46.822366287490354],[8.881885507529349,46.82989201800648],[8.875704484540963,46.8362888889452],[8.874917808887897,46.84178267222197],[8.87233301745639,46.84336307563036]]]},"properties":{"id":8,"code":"GL","name":"Glarus"}},{"type":"Feature","geometry":{"type":"Polygon","coordinates":[[[8.681395598233347,47.163281879871086],[8.693420497501663,47.16478702597431],[8.696904346822388,47.16433548214334],[8.700051049434657,47.15402523133625],[8.702186311921555,47.152595342538184],[8.689374737000172,47.147477845787215],[8.68510421202638,47.14213457712076],[8.688138532402496,47.13792016803173],[8.682744185067177,47.126481057647204],[8.67195549039654,47.12061098784463],[8.672854548285759,47.11722440911237],[8.661503942434361,47.11617080684011],[8.661054413489751,47.112708970802686],[8.650490483291419,47.10473169645559],[8.64554566490071,47.097582252465266],[8.639926553093087,47.0951740187001],[8.612505287471885,47.09630287827752],[8.608796673678853,47.09344310068139],[8.59677177441054,47.092615270324615],[8.58856787117141,47.087121487047845],[8.578678234389994,47.0858421128601],[8.575082002833113,47.083509136400096],[8.564630454870935,47.08298233526397],[8.565979041704765,47.088400861235584],[8.564518072634781,47.09396990181752],[8.563394250273257,47.095098761394944],[8.545525474725014,47.095776077141394],[8.541142567515069,47.09344310068139],[8.526757641287553,47.093066814155584],[8.523273791966826,47.091335896136876],[8.494054410567184,47.10149563233365],[8.494503939511794,47.11526771917817],[8.485288596147292,47.12369653735624],[8.478433279741992,47.12542745537495],[8.468431260724422,47.12015944401366],[8.46876840743288,47.12000892940333],[8.45550730356689,47.11519246187301],[8.450337720703875,47.13227587014463],[8.447191018091607,47.130544952125916],[8.44280811088166,47.130770724041405],[8.43190703397487,47.12490065423882],[8.42134310377654,47.12399756657688],[8.416510667621983,47.125803741900754],[8.417184961038897,47.13445833199431],[8.413363965009713,47.141908805205276],[8.415948756441221,47.1467252727356],[8.413026818301256,47.15515409091367],[8.415386845260457,47.158390155035605],[8.41549922749661,47.158615926951086],[8.41639828538583,47.16553959902593],[8.412914436065105,47.174645732950445],[8.403586710464449,47.178182826293025],[8.4013390657414,47.184880726452384],[8.406508648604413,47.19699715258336],[8.401676212449857,47.20971563715562],[8.401900976922162,47.216564051925296],[8.397518069712216,47.22138051945562],[8.395944718406081,47.227250589258205],[8.397293305239911,47.2305619106853],[8.406733413076719,47.237937126591106],[8.409318204508224,47.24388245369885],[8.411902995939732,47.24674223129498],[8.411228702522816,47.249752523501435],[8.415162080788154,47.245086570581435],[8.417522107747356,47.24252782220595],[8.415386845260457,47.240571132271754],[8.418084018928116,47.23492683438466],[8.4195449879981,47.227927905004655],[8.422916455082673,47.224767098187876],[8.430895593849499,47.226347501596265],[8.438874732616323,47.22514338471368],[8.442246199700897,47.22649801620659],[8.447528164800064,47.224767098187876],[8.449101516106198,47.22153103406594],[8.457754948289939,47.219875373352394],[8.462587384444493,47.21505890582207],[8.468094114015965,47.21551044965304],[8.481018071173498,47.2099414090711],[8.485400978383446,47.20986615176594],[8.490345796774154,47.21212387092078],[8.499561140138656,47.21340324510852],[8.503944047348602,47.21340324510852],[8.506641221016261,47.21596199348401],[8.51338415518541,47.21686508114594],[8.514283213074629,47.22070320370917],[8.522487116313759,47.221455776760784],[8.532151988622871,47.21904754299562],[8.533725339929006,47.223412466694974],[8.537433953722037,47.222133092507235],[8.540468274098155,47.224390811662076],[8.544514034599644,47.223412466694974],[8.553279849019535,47.22311143747433],[8.555527493742584,47.22424029705175],[8.561146605550208,47.221004232929815],[8.573958180471589,47.21972485874207],[8.57541914954157,47.21821971263884],[8.578341087681535,47.22002588796272],[8.58440972843377,47.21882177108014],[8.582162083710719,47.21596199348401],[8.583735435016854,47.212048613615615],[8.589129782352172,47.21393004624465],[8.59542318757671,47.21332798780336],[8.598907036897437,47.21039295290207],[8.597558450063607,47.20617854381304],[8.599693712550504,47.203168251606584],[8.604413766468907,47.20444762579432],[8.609470967095769,47.20602802920271],[8.616438665737222,47.20068476053626],[8.619360603877187,47.19586829300594],[8.61857392822412,47.19368583115626],[8.622057777544846,47.19172914122206],[8.62183301307254,47.18901987823626],[8.629250240658603,47.180892089278835],[8.625316862393266,47.174645732950445],[8.640488464273849,47.172839557626574],[8.642848491233051,47.17028080925109],[8.653524803667535,47.172388013795604],[8.661616324670513,47.171710698049154],[8.66240300032358,47.16245404951432],[8.66689828976968,47.16109941802141],[8.676001250898029,47.16087364610593],[8.681395598233347,47.163281879871086]]]},"properties":{"id":9,"code":"ZG","name":"Zug"}},{"type":"Feature","geometry":{"type":"MultiPolygon","coordinates":[[[[6.7495449587724385,46.73311112356904],[6.753478337037775,46.737701819183876],[6.759996506734618,46.73890593606646],[6.769324232335273,46.74605538005678],[6.773931904017524,46.75275328021614],[6.777528135574403,46.75124813411291],[6.780112927005909,46.75230173638517],[6.787080625647363,46.74899041495807],[6.784945363160466,46.7471842396342],[6.785282509868923,46.736798731521944],[6.771571877058322,46.72197304240517],[6.763480356055345,46.71881223558839],[6.759434595553856,46.72332767389807],[6.759659360026161,46.726789509935486],[6.751792603495488,46.730100831362584],[6.7495449587724385,46.73311112356904]]],[[[7.217504590111312,46.92900588890393],[7.216493149985939,46.932016181110384],[7.2185160302366835,46.93434915757038],[7.230091400560388,46.93818728013361],[7.230765693977302,46.94097180042458],[7.235598130131859,46.93939139701619],[7.235260983423402,46.93306978338264],[7.235148601187249,46.93073680692264],[7.23155236963037,46.9308120642278],[7.219527470362056,46.92569456747683],[7.217504590111312,46.92900588890393]]],[[[6.780899602658977,46.8539743556581],[6.866759631079462,46.91079362105489],[6.892045634213767,46.88866797333747],[6.90631817820513,46.88016389785424],[6.911712525540448,46.881819558567784],[6.921377397849561,46.872487652727784],[6.91362302355504,46.86842375824907],[6.909914409762009,46.87060622009875],[6.892832309866834,46.86616603909424],[6.898001892729847,46.86300523227746],[6.91362302355504,46.86699386945101],[6.93092988792252,46.85525372984584],[6.920253575488036,46.84848057238133],[6.908453440692027,46.83598785972455],[6.906205795968978,46.82522606508648],[6.911712525540448,46.81378695470196],[6.9059810314966725,46.807691112983896],[6.908228676219722,46.80626122418583],[6.913398259082736,46.804756078082605],[6.915983050514242,46.80897048717164],[6.920703104432646,46.81175500746261],[6.924299335989525,46.80851894334067],[6.924186953753372,46.80979831752841],[6.928232714254861,46.81024986135938],[6.932390856992503,46.80716431184777],[6.927108891893337,46.80001486785744],[6.922051691266476,46.79813343522841],[6.917556401820377,46.7903819327968],[6.917781166292682,46.78744689789551],[6.911824907776601,46.78105002695679],[6.910701085415076,46.784737634909696],[6.897777128257543,46.78022219660002],[6.898676186146762,46.777813962834855],[6.8897979894907175,46.77946962354841],[6.8792340592923855,46.777813962834855],[6.875525445499354,46.78127579887228],[6.872378742887085,46.77969539546389],[6.86395007517565,46.78300671689099],[6.86484913306487,46.7857159798768],[6.860016696910313,46.78925307321938],[6.8540604383942325,46.786920096759374],[6.843946037140511,46.77999642468453],[6.8406869522920895,46.78195311461873],[6.836978338499058,46.777362419003886],[6.833944018122941,46.776007787510984],[6.828324906315318,46.778039734750344],[6.826189643828421,46.77450264140776],[6.8192219451869684,46.7790933370226],[6.815288566921632,46.78022219660002],[6.814164744560107,46.78157682809292],[6.805623694612519,46.786769582149056],[6.798880760443372,46.78413557646841],[6.792812119691138,46.788048956336795],[6.783484394090483,46.7940695407497],[6.776853842157488,46.790983991238086],[6.778090046755165,46.793166453087764],[6.787754919064278,46.800767440909055],[6.784832980924313,46.804304534251635],[6.7800005447697576,46.80219732970712],[6.777752900046708,46.80385299042067],[6.768088027737596,46.81024986135938],[6.753815483746232,46.82123742791293],[6.743139171311748,46.82876315842906],[6.780899602658977,46.8539743556581]]],[[[7.2480725583447825,46.55761108793286],[7.237958157091061,46.55505233955738],[7.224247524280459,46.54895649783931],[7.209862598052943,46.53420606602769],[7.207277806621437,46.53684007170834],[7.2010967836330515,46.543236942647056],[7.19559005406158,46.54639774946383],[7.1933424093385305,46.54767712365157],[7.183677537029419,46.54000087852511],[7.171989784469562,46.534055551417374],[7.159515356256638,46.52818548161479],[7.149288572766764,46.52976588502318],[7.14546757673758,46.527809195088984],[7.144680901084513,46.52374530061027],[7.141534198472244,46.521562838760595],[7.136701762317688,46.50899486879866],[7.127374036717033,46.50447943048898],[7.1236654229240015,46.50003924948446],[7.111190994711078,46.49605061231091],[7.106133794084217,46.490406314423815],[7.10130135792966,46.48822385257414],[7.098716566498154,46.489728998677364],[7.090063134314414,46.488374367184456],[7.078600146226862,46.49003002789801],[7.072756269946934,46.48784756604833],[7.066350482486243,46.49010528520317],[7.040277803698871,46.476107426443164],[7.021509970261409,46.4610559654109],[7.018588032121444,46.44863851005928],[7.003528812477014,46.444725130190896],[6.993639175695597,46.44013443457606],[6.984760979039552,46.43923134691412],[6.992964882278683,46.45014365616251],[6.983524774441875,46.46015287774897],[6.981052365246521,46.46022813505413],[6.978804720523471,46.47445176572962],[6.9821761876080455,46.4766342275793],[6.974758960021982,46.48250429738187],[6.973185608715848,46.49258877627349],[6.966555056782853,46.49454546620768],[6.9631835896982786,46.49830833146575],[6.951608219374574,46.50402788665801],[6.948573898998458,46.50267325516511],[6.934750883951704,46.50282376977543],[6.931716563575588,46.505984576592205],[6.928232714254861,46.50590931928704],[6.926097451767964,46.50876909688317],[6.913960170263498,46.512456704836076],[6.912611583429668,46.51441339477027],[6.901935270995184,46.514488652075435],[6.8966533058960175,46.50899486879866],[6.898339039438305,46.52133706684511],[6.884066495446942,46.51478968129608],[6.882493144140807,46.51388659363414],[6.8670967777879195,46.50184542480833],[6.863612928467193,46.495298039259296],[6.8590052567849416,46.49454546620768],[6.848890855531219,46.49492175273349],[6.846418446335865,46.49785678763478],[6.842822214778987,46.497932044939944],[6.83888883651365,46.50071656523091],[6.833606871414484,46.50636086311801],[6.8310220799829775,46.51373607902382],[6.825290585939201,46.51343504980317],[6.818884798478511,46.518025745418015],[6.811917099837058,46.52637930629092],[6.813265686670888,46.52728239395285],[6.818210505061596,46.533152463755435],[6.8192219451869684,46.537818416675435],[6.824728674758439,46.54240911229028],[6.8260772615922685,46.53954933469415],[6.833044960233721,46.538947276252856],[6.842147921362072,46.539624591999306],[6.851700411435031,46.54248436959544],[6.85619570088113,46.5425596269006],[6.857207141006502,46.53842047511673],[6.861028137035686,46.53729161553931],[6.859679550201856,46.532475148008984],[6.861927194924905,46.532023604178015],[6.867771071204833,46.54188231115415],[6.869232040274816,46.542935913426405],[6.889123696073803,46.559492520561896],[6.894293278936816,46.560546122834154],[6.9031714755928615,46.56265332737867],[6.89991239074444,46.566340935331574],[6.902272417703641,46.571006888251574],[6.898788568382915,46.57190997591351],[6.8888989316014975,46.56897494101222],[6.887213198059211,46.564158473481896],[6.884740788863857,46.563932701566415],[6.88035788165391,46.56829762526577],[6.875300681027049,46.566566707247055],[6.87260350735939,46.570856373641256],[6.864736750828717,46.579510963734805],[6.85349852721347,46.58327382899287],[6.847429886461237,46.5851552616219],[6.8431593614874435,46.58334908629803],[6.835629751665229,46.576651186138676],[6.829561110912995,46.578607876072866],[6.824841056994591,46.57890890529352],[6.8216943543823225,46.58492948970642],[6.814951420213174,46.586886179640615],[6.8123666287816675,46.58214496941545],[6.814052362323954,46.57958622103997],[6.805960841320977,46.579134677209],[6.800116965041049,46.57537181195093],[6.795734057831103,46.57657592883351],[6.800004582804896,46.58470371779094],[6.801915080819488,46.59403562363094],[6.799217907151829,46.60103455301094],[6.803151285417165,46.60299124294513],[6.804050343306385,46.62413854569546],[6.80292652094486,46.628955013225784],[6.797756938081847,46.63444879650256],[6.799892200568744,46.640996182051595],[6.804387490014842,46.64596316419224],[6.799892200568744,46.65047860250192],[6.811917099837058,46.65175797668966],[6.815962860338547,46.64874768448321],[6.828212524079166,46.66116513983483],[6.839450747694412,46.66379914551547],[6.844957477265883,46.66214348480192],[6.843946037140511,46.6596599937316],[6.850801353545811,46.658154847628374],[6.85439758510269,46.65680021613547],[6.860353843618771,46.66116513983483],[6.86395007517565,46.659735251036764],[6.867883453440986,46.66116513983483],[6.869232040274816,46.6643259466516],[6.865523426481785,46.666357893890954],[6.8727158895955425,46.67471145476386],[6.865523426481785,46.67787226158064],[6.863837692939498,46.682011413364506],[6.869456804747121,46.68697839550516],[6.8742892409016765,46.6849464482658],[6.8820436151961975,46.691418576509676],[6.885527464516923,46.69239692147677],[6.892158016449919,46.69698761709161],[6.894293278936816,46.701202026180646],[6.893169456575292,46.703836031861286],[6.898900950619067,46.70963084435871],[6.905306738079758,46.71527514224581],[6.919129753126511,46.72084418282775],[6.9218269267941706,46.72347818850839],[6.922838366919542,46.724832820001296],[6.9364366174939915,46.73446575506194],[6.936998528674754,46.7392069652871],[6.941943347065462,46.745980122751625],[6.938796644453193,46.750646075671625],[6.93137941686713,46.75538728589679],[6.922501220211085,46.75297905213162],[6.917781166292682,46.75591408703291],[6.911375378831991,46.75455945554001],[6.909127734108941,46.758849121934205],[6.915196374861175,46.7641171332955],[6.921152633377256,46.761558384920015],[6.929806065560996,46.7687830862155],[6.935987088549381,46.772922237999374],[6.932390856992503,46.773825325661306],[6.932503239228655,46.776685103257435],[6.939695702342413,46.78285620228066],[6.946326254275409,46.785791237181954],[6.95093392595766,46.78413557646841],[6.959250211432942,46.79151079237422],[6.9570025667098925,46.79482211380132],[6.966667439019005,46.802347844317445],[6.96554361665748,46.806788025321964],[6.958800682488333,46.81243232320906],[6.957452095654503,46.816345703077445],[6.960935944975229,46.819054966063256],[6.95913782919679,46.820635369471646],[6.966105527838243,46.829515731480676],[6.97194940411817,46.82537657969681],[6.979928542884996,46.82424772011939],[6.985772419164924,46.823269375152286],[6.989368650721803,46.82740852693616],[6.993189646750987,46.83184870794068],[6.99330202898714,46.834407456316164],[6.987008623762602,46.8362888889452],[6.9877952994156685,46.838471350794876],[6.984423832331094,46.840653812644554],[6.985884801401077,46.842008444137456],[6.9877952994156685,46.84584656670068],[6.9930772645148345,46.84870634429681],[6.989368650721803,46.85118983536714],[6.983861921150332,46.847577484719395],[6.978804720523471,46.8469754262781],[6.97419704884122,46.85510321523552],[6.977568515925794,46.85502795793036],[6.982400952080351,46.8685742728594],[6.989818179666413,46.874745371882625],[6.988020063887974,46.876325775291015],[6.97464657778583,46.88829168681166],[6.9675664969082245,46.8849051080794],[6.963071207462126,46.88550716652069],[6.959025446960637,46.882797903534886],[6.959924504849857,46.880088640549076],[6.963408354170584,46.87820720792004],[6.969589377158969,46.86932684591101],[6.96554361665748,46.86797221441811],[6.954867304222995,46.87662680451166],[6.951945366083032,46.876325775291015],[6.95228251279149,46.87903503827682],[6.946551018747713,46.88430304963811],[6.942730022718529,46.885431909215534],[6.939470937870108,46.8909256924923],[6.936661381966296,46.89069992057682],[6.933964208298637,46.89378547008844],[6.926884127421031,46.89393598469876],[6.924299335989525,46.89626896115876],[6.931267034630978,46.9008596567736],[6.928907007671776,46.90228954557166],[6.928232714254861,46.90266583209747],[6.925535540587202,46.90432149281102],[6.92542315835105,46.90432149281102],[6.9246364826979825,46.90499880855747],[6.92227645573878,46.906804983881344],[6.897102834840628,46.92667291244393],[6.929356536616385,46.954066571522645],[6.962621678517516,46.928855374293605],[6.972174168590476,46.922910047185866],[6.975433253438897,46.922609017965215],[6.978917102759624,46.92471622250974],[6.988244828360278,46.91959872575877],[6.983524774441875,46.91515854475425],[6.983187627733417,46.911019392970374],[6.9849857435118565,46.90913796034134],[7.010384128882315,46.89039889135618],[7.008248866395418,46.888366944116825],[6.994762998057122,46.880314412464564],[7.000269727628592,46.87579897415488],[7.0076869552146555,46.87444434266198],[7.014879418328413,46.87880926636134],[7.017127063051463,46.88189481587295],[7.022633792622933,46.87768040678392],[7.025780495235202,46.879185552887144],[7.026904317596728,46.87775566408908],[7.033647251765875,46.87677731912198],[7.03656918990584,46.874293828051655],[7.030950078098217,46.867370155976815],[7.0400530392265654,46.86210214461553],[7.034883456363552,46.85894133779875],[7.030163402445149,46.852243437639395],[7.036007278725077,46.84810428585552],[7.040277803698871,46.84750222741423],[7.051066498369508,46.8559310455923],[7.054887494398692,46.857586706305845],[7.063316162110127,46.86834850094392],[7.0676990693200725,46.87000416165746],[7.071857212057714,46.87512165840843],[7.06983433180697,46.87805669330972],[7.066013335777786,46.87926081019231],[7.067024775903158,46.881669043957466],[7.062754250929364,46.880991728211015],[7.06297901540167,46.8849051080794],[7.065563806833175,46.88738859914972],[7.079723968588387,46.89514010158134],[7.075341061378441,46.896569990379405],[7.084219258034485,46.89739782073618],[7.088265018535974,46.898827709534245],[7.087478342882907,46.902364802876825],[7.091524103384396,46.904773036641984],[7.09399651257975,46.90800910076393],[7.090962192203634,46.909062703036184],[7.088939311952889,46.91094413566522],[7.0866916672298395,46.91297608290457],[7.08534308039601,46.91425545709231],[7.06073137067862,46.93796150821812],[7.058820872664028,46.94006871276264],[7.062417104220907,46.94503569490329],[7.060506606206315,46.95308822655555],[7.057359903594046,46.95662531989813],[7.06028184173401,46.95767892217039],[7.059270401608638,46.96618299765362],[7.064102837763194,46.97220358206652],[7.054213200981777,46.97784787995362],[7.039266363573499,46.98108394407556],[7.0543255832179295,46.97822416647943],[7.0543255832179295,46.978750967615554],[7.055786552287911,46.97867571031039],[7.062192339748602,46.97822416647943],[7.067923833792378,46.978148909174266],[7.090512663259023,46.97799839456394],[7.138837024804585,46.98484680933362],[7.147490456988324,46.98627669813169],[7.154682920102083,46.98755607231943],[7.160863943090468,46.98868493189685],[7.171989784469562,46.99274882637556],[7.179519394291778,46.99538283205621],[7.188172826475517,46.99854363887298],[7.200647254688441,47.003059077182655],[7.205816837551454,47.00727348627169],[7.211098802650621,47.005542568252984],[7.213571211845975,47.00757451549234],[7.218628412472836,47.00780028740782],[7.224247524280459,46.999747755755564],[7.223685613099697,46.99523231744588],[7.230091400560388,46.99199625332395],[7.236384805784926,46.98620144082653],[7.23155236963037,46.981911774432334],[7.223460848627392,46.975891190019425],[7.2157064743328725,46.972504611287164],[7.214807416443652,46.9687417460291],[7.208514011219114,46.96829020219813],[7.207165424385284,46.96558093921232],[7.196376729714648,46.96512939538136],[7.195477671825428,46.962721161616194],[7.199411050090764,46.96151704473362],[7.208626393455266,46.96091498629232],[7.211773096067535,46.95797995139103],[7.208738775691419,46.95037896356974],[7.210986420414468,46.94902433207684],[7.211098802650621,46.94450889376716],[7.204018721773015,46.94082128581425],[7.204805397426083,46.93969242623684],[7.212672153956755,46.93209143841554],[7.2119978605398405,46.92840383046264],[7.208064482274504,46.92607085400264],[7.20604160202376,46.92298530449102],[7.208738775691419,46.91064310644457],[7.200534872452289,46.90545035238844],[7.188622355420128,46.901687487130374],[7.196376729714648,46.90033285563747],[7.200759636924594,46.90364417706457],[7.209525451344486,46.903945206285215],[7.213571211845975,46.90289160401296],[7.2185160302366835,46.89867719492392],[7.224135142044307,46.903945206285215],[7.231327605158064,46.90514932316779],[7.2334628676449615,46.90093491407876],[7.238182921563365,46.899505025280696],[7.2436896511348365,46.899505025280696],[7.246386824802496,46.90131120060457],[7.257849812890047,46.89965553989102],[7.267627067435312,46.894839072360696],[7.28212437589898,46.89085043518715],[7.2906654258465675,46.89506484427618],[7.310107552700944,46.8928823824265],[7.326627741415357,46.89506484427618],[7.350340393243528,46.89039889135618],[7.354498535981168,46.88731334184456],[7.353374713619644,46.87745463486843],[7.355060447161931,46.872487652727784],[7.358993825427268,46.870530962793595],[7.360230030024945,46.86443512107552],[7.35090230442429,46.85510321523552],[7.339102169628281,46.850888806146486],[7.335056409126792,46.85374858374262],[7.331347795333761,46.852469209554876],[7.326515359179204,46.85322178260649],[7.324155332220003,46.85660836133875],[7.331347795333761,46.8592423670194],[7.31763716252316,46.863833062634235],[7.313703784257823,46.86187637270004],[7.312917108604756,46.85698464786456],[7.303139854059491,46.853372297216815],[7.3068484678525225,46.851566121892944],[7.308871348103267,46.84810428585552],[7.323705803275393,46.84193318683229],[7.330673501916846,46.836364146250354],[7.331010648625304,46.83117139219423],[7.321570540788496,46.82823635729294],[7.320783865135429,46.826430181969066],[7.321233394080038,46.81642096038261],[7.311231375062469,46.809422031002605],[7.3080846724501995,46.7997138386368],[7.303252236295644,46.794972628411635],[7.304376058657168,46.79015616088131],[7.303027471823339,46.78729638328518],[7.3056122632548455,46.78458712029938],[7.291789248208092,46.77390058296647],[7.294374039639599,46.77284698069421],[7.296621684362648,46.7668263962813],[7.299206475794155,46.76675113897615],[7.304151294184864,46.76148312761485],[7.3052751165463885,46.74891515765292],[7.297857888960325,46.73694924613226],[7.297745506724173,46.72867094256452],[7.300892209336443,46.723854475034194],[7.308646583630962,46.718736978283225],[7.329886826263778,46.71768337601097],[7.350340393243528,46.71361948153226],[7.351239451132747,46.709856616274195],[7.346744161686649,46.70037419582387],[7.360791941205707,46.69932059355161],[7.363264350401061,46.70044945312903],[7.3695577556256,46.69405258219032],[7.377536894392424,46.69375155296967],[7.380683597004694,46.69171960573032],[7.376974983211662,46.68893508543935],[7.378098805573186,46.68457016173999],[7.373828280599393,46.681334097618056],[7.3774245121562725,46.67629185817225],[7.3721425470571065,46.6709485895058],[7.3733787516547835,46.66876612765612],[7.370344431278667,46.65785381840773],[7.378435952281644,46.65762804649224],[7.363039585928757,46.64897345639869],[7.358094767538048,46.64061989552579],[7.356521416231914,46.64671573724385],[7.3519137445496625,46.64912397100902],[7.351464215605052,46.653037350877405],[7.346182250505886,46.65664970152515],[7.322581980913868,46.656122900389015],[7.330336355208388,46.6427271000703],[7.323593421039241,46.638587948286435],[7.314153313202433,46.637910632539985],[7.313141873077061,46.62481586144191],[7.318985749356989,46.61864476241868],[7.316400957925483,46.60412010252255],[7.3202219539546665,46.59365933710513],[7.313816166493976,46.59049853028836],[7.308421819158657,46.58252125594126],[7.300217915919527,46.58071508061739],[7.282349140371285,46.585305776232225],[7.268975654269141,46.57492026811997],[7.260659368793859,46.56468527461803],[7.2480725583447825,46.55761108793286]],[[7.139286553749194,46.909740018782635],[7.136476997845382,46.91335236943038],[7.136926526789993,46.91831935157102],[7.1358027044284675,46.92072758533619],[7.126362596591661,46.92035129881038],[7.115798666393329,46.9171904919936],[7.114225315087194,46.91192248063231],[7.119394897950208,46.90733178501747],[7.11950728018636,46.90379469167489],[7.124676863049373,46.90266583209747],[7.128835005787015,46.90612766813489],[7.139286553749194,46.909740018782635]]],[[[6.818210505061596,46.7345410123671],[6.812141864309362,46.72919774370065],[6.8070846636825015,46.72829465603871],[6.794048324288815,46.72694002454581],[6.788878741425802,46.73062763249872],[6.794385470997273,46.73709976074259],[6.799105524915676,46.73544410002904],[6.8047246367233,46.73800284840453],[6.806972281446349,46.73672347421678],[6.816524771519309,46.73935747989743],[6.815962860338547,46.74184097096775],[6.830010639857605,46.75433368362453],[6.830010639857605,46.75719346122066],[6.83798977862443,46.76253672988711],[6.845182241738188,46.766450109755496],[6.849452766711982,46.77224492225292],[6.8552966429919096,46.773148009914856],[6.863837692939498,46.76449341982131],[6.873390183012457,46.75892437923937],[6.8783350014031654,46.75674191738969],[6.882942673085417,46.751097619502595],[6.8674339244963765,46.734164725841296],[6.866534866607156,46.730552375193554],[6.8686701290940535,46.729498772921296],[6.8630510172864305,46.72573590766323],[6.846867975280475,46.72904722909033],[6.839675512166717,46.73378843931549],[6.829111581968386,46.736798731521944],[6.818210505061596,46.7345410123671]]]]},"properties":{"id":10,"code":"FR","name":"Freiburg"}},{"type":"Feature","geometry":{"type":"MultiPolygon","coordinates":[[[[7.57319436753387,47.330353097329194],[7.563079966280148,47.34254478076533],[7.5577980011809816,47.343523125732425],[7.55319032949873,47.346683932549205],[7.540266372341197,47.34886639439888],[7.537793963145843,47.351575657384686],[7.542289252591941,47.35706944066146],[7.540603519049654,47.36150962166598],[7.5350967894781835,47.36120859244534],[7.533186291463592,47.3639931127363],[7.522959507973717,47.366476603806625],[7.525207152696766,47.372948732050496],[7.519812805361448,47.37347553318663],[7.49531347788021,47.372045644388564],[7.488570543711062,47.37106729942147],[7.480141875999627,47.37257244552469],[7.469690328037448,47.371594100557594],[7.459463544547573,47.37257244552469],[7.454631108393017,47.37483016467953],[7.441707151235484,47.38145280753373],[7.437099479553233,47.37949611759953],[7.438335684150909,47.3822806378905],[7.440021417693196,47.38739813464147],[7.444516707139295,47.39048368415308],[7.442381444652398,47.39928878885696],[7.444067178194685,47.403503197945994],[7.449686290002308,47.40094444957051],[7.450922494599986,47.404857829438896],[7.455417784046084,47.40561040249051],[7.460924513617555,47.40244959567373],[7.465307420827502,47.403879484471794],[7.472387501705107,47.40177227992728],[7.47845614245734,47.40267536758922],[7.479804729291169,47.39138677181502],[7.485199076626488,47.39048368415308],[7.491829628559484,47.387021848115666],[7.493290597629466,47.38664556158986],[7.502955469938578,47.386118760453726],[7.511833666594622,47.39093522798405],[7.518239454055314,47.38995688301696],[7.52992720661517,47.402374338368574],[7.532062469102067,47.4062124609318],[7.527342415183663,47.413286647616964],[7.5444245150788385,47.41546910946664],[7.567575255726246,47.41486705102535],[7.581623035245305,47.41614642521309],[7.579487772758408,47.41893094550406],[7.5724076918808025,47.42081237813309],[7.569373371504685,47.42367215572922],[7.5699352826854485,47.438272072930516],[7.576678216854596,47.43797104370987],[7.579375390522255,47.436240125691164],[7.580386830647628,47.43157417277116],[7.583533533259897,47.43014428397309],[7.593310787805161,47.43390714923116],[7.603312806822731,47.43270303234858],[7.609943358755727,47.43398240653632],[7.616798675161027,47.434057663841486],[7.617135821869485,47.43902464598213],[7.617360586341789,47.44662563380342],[7.62331684485787,47.45776371496729],[7.62331684485787,47.46258018249762],[7.627137840887054,47.46423584321117],[7.620282524481754,47.468751281520845],[7.605672833781933,47.4717615737273],[7.6088195363942015,47.47627701203698],[7.606684273907305,47.480792450346655],[7.609943358755727,47.48493160213053],[7.6084823896857445,47.48959755505053],[7.608370007449592,47.49087692923827],[7.61646152845257,47.49050064271247],[7.6283740454847315,47.48621097631827],[7.64197229605918,47.48402851446859],[7.645456145379907,47.4867377774544],[7.650400963770615,47.48651200553891],[7.656469604522848,47.48854395277827],[7.656244840050543,47.491478987679564],[7.650063817062158,47.493285163003435],[7.651637168368292,47.49599442598924],[7.654109577563646,47.49742431478731],[7.659953453843574,47.49674699904085],[7.667033534721179,47.49825214514408],[7.666808770248875,47.49230681803634],[7.669281179444229,47.48764086511633],[7.670854530750364,47.486813034759564],[7.699961529913852,47.48222233914472],[7.710974989056794,47.470783228760205],[7.707603521972221,47.469880141098265],[7.700972970039225,47.46325749824407],[7.699512000969243,47.457011141915686],[7.69209477338318,47.45422662162471],[7.6859137503947945,47.44925963948407],[7.684003252380203,47.44052979208536],[7.687374719464776,47.4351865234189],[7.685688985922489,47.43006902666794],[7.680856549767933,47.419307232029865],[7.6747879090157,47.41644745443374],[7.663999214345063,47.41132995768277],[7.633656010583897,47.41148047229309],[7.637926535557691,47.3879249357776],[7.634105539528507,47.38506515818147],[7.636802713196166,47.382054865975014],[7.642758971712247,47.381904351364696],[7.642084678295332,47.37972188951502],[7.645231380907601,47.3686590656563],[7.688610924062454,47.37264770282985],[7.701310116747682,47.37370130510211],[7.726820884354292,47.370465240980174],[7.729967586966561,47.368282779130496],[7.736710521135709,47.35774675640791],[7.752444034197055,47.3457055875821],[7.767840400549943,47.343974669563394],[7.77042519198145,47.340211804305326],[7.783012002430526,47.34096437735694],[7.788743496474302,47.3396850031692],[7.7944749905180775,47.34096437735694],[7.798071222074956,47.356241610304686],[7.803016040465665,47.362262194717594],[7.807286565439458,47.36376734082082],[7.823020078500804,47.36467042848275],[7.8317858929206965,47.36662711841695],[7.83470783106066,47.36888483757179],[7.840551707340589,47.37550748042598],[7.8625786256264725,47.38310846824728],[7.86977108874023,47.38280743902663],[7.876851169617836,47.38574247392792],[7.879885489993953,47.384989900876306],[7.880447401174715,47.389430081880825],[7.8731425558248045,47.39266614600276],[7.870557764393298,47.3968805550918],[7.880784547883172,47.403051654115025],[7.884156014967746,47.40252485297889],[7.884268397203899,47.40734132050922],[7.889550362303065,47.40862069469696],[7.901575261571379,47.402374338368574],[7.904946728655952,47.403503197945994],[7.910790604935881,47.39981558999309],[7.921804064078823,47.40365371255631],[7.925175531163397,47.40357845525115],[7.937762341612473,47.40937326774857],[7.936188990306339,47.41313613300664],[7.941695719877809,47.41546910946664],[7.94989962311694,47.41765157131632],[7.955968263869172,47.41712477018019],[7.957766379647612,47.42028557699696],[7.962935962510626,47.42322061189825],[7.951585356659226,47.4328535469589],[7.952709179020751,47.43450920767245],[7.9477643606300425,47.44459368656407],[7.948663418519263,47.4468514057189],[7.958890202009137,47.45279673282665],[7.957878761883764,47.45663485538988],[7.96855507431825,47.463859556685364],[7.975747537432007,47.4604729779531],[7.977545653210447,47.455430738507296],[7.976197066376617,47.4534740485731],[7.982940000545765,47.44767923607568],[7.988334347881083,47.429993769362774],[7.986199085394187,47.424198956865354],[7.984288587379595,47.42969274014213],[7.964172167108303,47.42367215572922],[7.975185626251244,47.42051134891245],[7.983052382781917,47.415092822940835],[7.990581992604133,47.41546910946664],[7.99271725509103,47.41268458917567],[8.003056420817057,47.410652641936316],[8.00822600368007,47.40801863625567],[8.011485088528492,47.39642901126083],[8.020700431892994,47.39530015168341],[8.022161400962975,47.39695581239695],[8.027668130534447,47.39695581239695],[8.028454806187515,47.394547578631794],[8.032275802216699,47.38491464357115],[8.028567188423667,47.37249718821953],[8.026207161464464,47.36911060948727],[8.02418428121372,47.36617557458598],[8.020250902948383,47.36489620039824],[8.011709853000797,47.35819830023888],[8.013957497723846,47.35548903725307],[8.012946057598473,47.35119937085888],[8.0050793010678,47.34660867524404],[8.008113621443918,47.340437576220815],[8.002044980691684,47.33614790982662],[7.992942019563334,47.333965447976944],[7.988446730117236,47.33005206810855],[7.979905680169648,47.32764383434339],[7.9769837420296845,47.32493457135758],[7.964846460525218,47.32245108028726],[7.949450094172329,47.31876347233435],[7.948888182991567,47.3340407052821],[7.932255612041002,47.33449224911307],[7.919219272647316,47.33674996826791],[7.916971627924267,47.33795408515049],[7.908992489157441,47.3410396346621],[7.897866647778347,47.32892320853113],[7.899215234612177,47.321246963404676],[7.893034211623791,47.31718306892597],[7.889437980066912,47.31229134409048],[7.881795988008545,47.31289340253177],[7.874828289367091,47.31311917444726],[7.861904332209558,47.30717384733951],[7.852576606608903,47.29129455595048],[7.850666108594311,47.289864667152415],[7.842911734299791,47.27586680839241],[7.834370684352203,47.269319422843374],[7.829313483725342,47.26788953404531],[7.8261667811130735,47.266911189078215],[7.815265704206284,47.2628472945995],[7.807960858856374,47.26472872722854],[7.8062751253140865,47.269319422843374],[7.803353187174123,47.26969570936918],[7.787170145168167,47.25742876862789],[7.777392890622902,47.26277203729434],[7.77593192155292,47.26841633518144],[7.765817520299199,47.268040048655635],[7.757950763768526,47.25946071586724],[7.75132021183553,47.260213288918855],[7.745026806610992,47.258632885510465],[7.739295312567216,47.261342148496276],[7.733451436287288,47.26104111927563],[7.725697061992768,47.267739019434984],[7.725921826465073,47.2708245689466],[7.717268394281333,47.277371954495635],[7.713110251543691,47.275565779171764],[7.702209174636902,47.28768220530274],[7.6899595108962835,47.29174609978145],[7.6859137503947945,47.29528319312403],[7.677822229391817,47.29039146828854],[7.661751569622014,47.2881337491337],[7.652086697312901,47.28422036926531],[7.650513346006767,47.28376882543434],[7.613876737021063,47.28241419394144],[7.608032860741135,47.281586363584665],[7.581061124064543,47.27767298371628],[7.585331649038336,47.27345857462725],[7.595895579236668,47.265105013754344],[7.598030841723565,47.25208549996143],[7.59825560619587,47.246365944769174],[7.605672833781933,47.243731939088526],[7.607021420615762,47.24072164688208],[7.610168123228031,47.2408721614924],[7.618259644231009,47.235303120910466],[7.621631111315583,47.23041139607498],[7.627362605359359,47.228379448835625],[7.641747531586875,47.23003510954917],[7.643995176309924,47.227024817342716],[7.641298002642265,47.223261952084655],[7.649164759172938,47.220326917183364],[7.647029496686041,47.216564051925296],[7.6497266703537,47.212349642836266],[7.650400963770615,47.211371297869164],[7.65197431507675,47.20790946183175],[7.648490465756023,47.20309299430142],[7.663212538691996,47.20234042124981],[7.664223978817368,47.19970641556916],[7.6700678550972965,47.19571777839561],[7.672540264292651,47.19616932222658],[7.675462202432615,47.192255942358194],[7.672090735348041,47.18593432872464],[7.678608905044884,47.18397763879045],[7.677597464919511,47.17916117126013],[7.674450762307242,47.173516873373025],[7.673664086654176,47.169754008114964],[7.660964893968947,47.16937772158916],[7.6538848130913415,47.16380868100722],[7.651861932840597,47.15831489773044],[7.653660048619036,47.15289637175883],[7.65197431507675,47.151240711045276],[7.645905674324516,47.150412880688506],[7.64107323816996,47.155078833608506],[7.636915095432318,47.153949974031086],[7.622979698149413,47.15447677516722],[7.620394906717906,47.15583140666012],[7.614888177146435,47.15583140666012],[7.605897598254238,47.15410048864141],[7.591063143082112,47.15297162906399],[7.587129764816776,47.14890773458528],[7.582409710898372,47.160798388800764],[7.575891541201529,47.16584062824657],[7.570160047157753,47.16388393831238],[7.5646533175862825,47.169076692368506],[7.559933263667879,47.16945297889431],[7.546672159801887,47.16200250568335],[7.539816843396587,47.16456125405883],[7.5347596427697265,47.16538908441561],[7.523970948099089,47.162153020293665],[7.522847125737565,47.15997055844399],[7.525319534932919,47.155229348218825],[7.530601500032085,47.152143798707215],[7.530601500032085,47.15011185146786],[7.525544299405224,47.148155161533666],[7.523746183626784,47.14379023783431],[7.515879427096111,47.13664079384399],[7.514081311317672,47.13062020943108],[7.505540261370085,47.12414808118721],[7.499246856145547,47.12256767777882],[7.493065833157161,47.11842852599495],[7.475871351025833,47.11353680115946],[7.46204833597908,47.10954816398591],[7.468116976731313,47.09667916480333],[7.474410381955851,47.09080909500074],[7.475983733261986,47.087949317404615],[7.46890365238438,47.08079987341429],[7.465532185299806,47.08207924760203],[7.463509305049062,47.08591737016526],[7.461261660326013,47.08072461610913],[7.454855872865322,47.07733803737687],[7.444179560430838,47.07583289127365],[7.441370004527026,47.07583289127365],[7.435975657191707,47.08275656334849],[7.433840394704811,47.08945446350784],[7.438223301914757,47.09570081983623],[7.43473945259403,47.10187191885946],[7.424625051340309,47.09901214126333],[7.420916437547277,47.1008183165872],[7.415634472448111,47.098259568211716],[7.413162063252757,47.09698019402397],[7.39147229167533,47.09359361529172],[7.389898940369196,47.096453392887845],[7.3830436239638955,47.09705545132913],[7.380121685823932,47.107591474051716],[7.370681577987124,47.11729966641753],[7.372816840474021,47.118729555215594],[7.372367311529411,47.12392230927172],[7.375626396377832,47.123395508135594],[7.380121685823932,47.12550271268011],[7.38416744632542,47.12459962501818],[7.387651295646147,47.12730888800398],[7.390910380494568,47.12106253167559],[7.395855198885277,47.122943964304625],[7.4045086310690165,47.11925635635172],[7.406531511319761,47.11970790018269],[7.428558429605644,47.124750139628496],[7.430468927620236,47.1257284845956],[7.441145240054721,47.1251264261543],[7.434177541413268,47.12798620375043],[7.436762332844775,47.13016866560011],[7.4362004216640125,47.132125355534306],[7.431143221037152,47.13084598134656],[7.4312556032733035,47.13250164206011],[7.4272098427718145,47.13302844319624],[7.423388846742631,47.13701708036979],[7.427546989480272,47.14243560634141],[7.439909035457044,47.14529538393754],[7.442156680180093,47.14732733117689],[7.440920475582416,47.15184276948657],[7.448899614349241,47.156358207796245],[7.455530166282236,47.15763758198399],[7.468566505675923,47.1527458571485],[7.480816169416542,47.156659237016896],[7.4831761963757435,47.159519014613025],[7.493402979865618,47.16448599675367],[7.491492481851026,47.167044745129154],[7.497561122603259,47.17118389691303],[7.496549682477887,47.17291481493174],[7.480591404944237,47.17517253408658],[7.473398941830479,47.18345083765432],[7.475084675372766,47.18480546914722],[7.473398941830479,47.186686901776255],[7.477444702331968,47.189546679372384],[7.4766580266789004,47.19210542774787],[7.457890193241439,47.18984770859303],[7.450135818946919,47.19097656817045],[7.450697730127681,47.18653638716593],[7.449461525530003,47.18292403651819],[7.442830973597008,47.18059106005819],[7.437998537442452,47.186461129860774],[7.433278483524048,47.18578381411432],[7.431817514454066,47.182472492687225],[7.431817514454066,47.17652716557948],[7.4196802329496,47.17261378571109],[7.416870677045788,47.16681897321367],[7.411139183002012,47.163507651786574],[7.401137163984442,47.16410971022786],[7.394057083106837,47.1617014764627],[7.387763677882299,47.16102416071625],[7.383493152908505,47.16275507873496],[7.383380770672353,47.166593201298184],[7.392483731800702,47.16787257548593],[7.381020743713151,47.18570855680916],[7.375626396377832,47.19007348050852],[7.36865869773638,47.192255942358194],[7.366635817485635,47.19556726378529],[7.355285211634236,47.19323428732529],[7.3478679840481735,47.20798471913691],[7.345620339325124,47.2085867775782],[7.3413498143513305,47.2188970283853],[7.356071887287303,47.222283607117554],[7.363489114873366,47.22115474754013],[7.375401631905528,47.22815367692014],[7.3988895192613935,47.234851577079496],[7.412712534308147,47.241925763764655],[7.416421148101178,47.241699991849174],[7.421815495436497,47.24425874022466],[7.417320205990398,47.253515388759496],[7.419904997421905,47.2558483652195],[7.435863274955555,47.261116376580794],[7.441145240054721,47.264051411482086],[7.446651969626192,47.26442769800789],[7.466880772133636,47.2661586160266],[7.473061795122021,47.271125598167245],[7.479018053638102,47.27985544556596],[7.486210516751861,47.28549974345306],[7.496100153533277,47.288058491828544],[7.495650624588667,47.289563637931764],[7.515542280387654,47.29392856163112],[7.533523438172049,47.295885251565316],[7.53903016774352,47.29866977185628],[7.5403787545773495,47.30348623938661],[7.54768359992726,47.30747487656016],[7.548919804524937,47.31492534977113],[7.5593713524871164,47.323730454475005],[7.563079966280148,47.323053138728554],[7.569260989268534,47.325536629798876],[7.57319436753387,47.330353097329194]]],[[[7.382144566074675,47.43345560540019],[7.386977002229232,47.43322983348471],[7.393495171926075,47.436164868386],[7.403946719888254,47.436917441437615],[7.403834337652102,47.43925041789761],[7.407542951445134,47.441583394357615],[7.414847796795044,47.443389569681486],[7.421478348728039,47.447152434939554],[7.421927877672649,47.44730294954987],[7.426198402646443,47.44481945847955],[7.438785213095519,47.447829750686005],[7.4402461821655015,47.444969973089876],[7.449798672238461,47.43864835945632],[7.4564292241714565,47.429542225531804],[7.448225320932327,47.415920653297604],[7.438785213095519,47.41426499258406],[7.428670811841797,47.415770138687286],[7.421478348728039,47.41253407456535],[7.4150725612673485,47.412383559955025],[7.397990461372173,47.41381344875309],[7.37686260097551,47.4155443667718],[7.380571214768541,47.42871439517503],[7.38371791738081,47.43127314355051],[7.382144566074675,47.43345560540019]]],[[[7.44609005844543,47.46325749824407],[7.451259641308443,47.46882653882601],[7.456316841935304,47.47183683103246],[7.455867312990694,47.474771865933754],[7.451484405780748,47.47672855586794],[7.448787232113089,47.47559969629052],[7.4447414716116,47.47988936268472],[7.430356545384084,47.48387799985827],[7.422152642144954,47.48154502339827],[7.422939317798021,47.48508211674085],[7.432941336815591,47.497499572092465],[7.435750892719403,47.4993810047215],[7.443168120305465,47.49591916868408],[7.448000556460022,47.49463979449634],[7.451821552489205,47.491478987679564],[7.457890193241439,47.4900490988815],[7.463059776104452,47.49050064271247],[7.47160082605204,47.4820718245344],[7.476995173387358,47.48139450878795],[7.4884581614749095,47.483652227942784],[7.492279157504093,47.48568417518214],[7.4949763311717525,47.489748069660855],[7.498460180492479,47.49065115732279],[7.502955469938578,47.49185527420537],[7.502843087702425,47.49494082371698],[7.511946048830775,47.498176887838916],[7.509698404107726,47.50336964189505],[7.511496519886165,47.50389644303118],[7.513182253428452,47.500208835078276],[7.520262334306057,47.49825214514408],[7.532849144755134,47.49877894628021],[7.533748202644354,47.492607847256984],[7.537232051965081,47.491704759595045],[7.53768158090969,47.486361490928594],[7.534085349352811,47.47996461998988],[7.530151971087475,47.47936256154859],[7.5285786197813405,47.474847123238916],[7.531612940157457,47.46258018249762],[7.5180146895830084,47.46235441058214],[7.510709844233098,47.460096691427296],[7.495987771297125,47.460698749868584],[7.485423841098793,47.45859154532407],[7.463621687285214,47.45287199013181],[7.455754930754542,47.45068952828213],[7.447775791987716,47.45904308915504],[7.44609005844543,47.46325749824407]]],[[[7.680519403059476,47.164410739448506],[7.682767047782525,47.16395919561754],[7.689060453007063,47.167722060875604],[7.6927690668000945,47.16712000243432],[7.695691004940059,47.16335713717625],[7.70164726345614,47.16313136526077],[7.697039591773889,47.159067470782055],[7.694679564814686,47.15929324269754],[7.691308097730113,47.15417574594657],[7.6822051366017625,47.15560563474463],[7.675911731377225,47.15500357630334],[7.680519403059476,47.164410739448506]]]]},"properties":{"id":11,"code":"SO","name":"Solothurn"}},{"type":"Feature","geometry":{"type":"Polygon","coordinates":[[[7.555550356457933,47.56575794787378],[7.555662738694085,47.56575794787378],[7.558359912361745,47.56673629284087],[7.559820881431726,47.570800187319584],[7.558472294597896,47.57403625144152],[7.567238109017789,47.57877746166668],[7.575779158965377,47.5775733447841],[7.5857811779829465,47.577046543647974],[7.586230706927556,47.58299187075571],[7.59005170295674,47.59127017432346],[7.5996041930297,47.588861940558296],[7.605897598254238,47.586227934877655],[7.605448069309627,47.57915374819249],[7.61646152845257,47.57937952010797],[7.620057760009448,47.57825066053056],[7.626351165233986,47.581260952737004],[7.628935956665494,47.58261558422991],[7.6405113269891975,47.59172171815443],[7.644219940782229,47.59270006312153],[7.642983736184552,47.59563509802282],[7.646804732213736,47.59834436100862],[7.656581986759001,47.596688700295076],[7.668269739318857,47.59345263617314],[7.6806317852956285,47.593753665393784],[7.672765028764956,47.58878668325314],[7.67298979323726,47.58645370679314],[7.681755607657153,47.58412073033313],[7.682092754365611,47.58231455500926],[7.68478992803327,47.57539088293442],[7.690521422077046,47.5729073918641],[7.686925190520166,47.567037322061516],[7.68434039908866,47.56982184235249],[7.679283198461799,47.57042390079378],[7.673326939945718,47.56515588943248],[7.671191677458821,47.567263093977004],[7.659841071607422,47.56575794787378],[7.653772430855189,47.56304868488797],[7.649164759172938,47.561242509564096],[7.642309442767637,47.562597141057],[7.637252242140776,47.56538166134797],[7.635116979653879,47.562597141057],[7.633656010583897,47.56289817027765],[7.618709173175619,47.56003839268152],[7.618821555411771,47.555673468982164],[7.623878756038632,47.551459059893126],[7.6234292270940225,47.543632300156354],[7.6234292270940225,47.541600352916994],[7.619271084356381,47.54212715405313],[7.614551030437978,47.540471493339574],[7.595783197000515,47.52075407938731],[7.590838378609807,47.52188293896473],[7.590501231901349,47.528957125649896],[7.584657355621421,47.532268447076994],[7.583533533259897,47.53377359318022],[7.587466911525233,47.54348178554603],[7.566001904420112,47.54709413619377],[7.55678656105561,47.54573950470087],[7.559596116959421,47.55281369138603],[7.565552375475502,47.55853324657829],[7.555550356457933,47.56575794787378]]]},"properties":{"id":12,"code":"BS","name":"Basel-Stadt"}},{"type":"Feature","geometry":{"type":"MultiPolygon","coordinates":[[[[7.421478348728039,47.447152434939554],[7.424287904631851,47.45219467438536],[7.429457487494864,47.454903937371164],[7.428895576314102,47.45844103071375],[7.431030838800999,47.460698749868584],[7.4349642170663355,47.46062349256343],[7.44609005844543,47.46325749824407],[7.447775791987716,47.45904308915504],[7.455754930754542,47.45068952828213],[7.463621687285214,47.45287199013181],[7.485423841098793,47.45859154532407],[7.495987771297125,47.460698749868584],[7.510709844233098,47.460096691427296],[7.5180146895830084,47.46235441058214],[7.531612940157457,47.46258018249762],[7.5285786197813405,47.474847123238916],[7.530151971087475,47.47936256154859],[7.534085349352811,47.47996461998988],[7.53768158090969,47.486361490928594],[7.537232051965081,47.491704759595045],[7.533748202644354,47.492607847256984],[7.532849144755134,47.49877894628021],[7.520262334306057,47.49825214514408],[7.513182253428452,47.500208835078276],[7.511496519886165,47.50389644303118],[7.510147933052336,47.51097062971634],[7.5043040567724075,47.515335553415696],[7.500145914034766,47.517367500655055],[7.4990220916732415,47.522484997406025],[7.500820207451681,47.52165716704925],[7.504528821244712,47.51601286916215],[7.5176775428745515,47.51842110292731],[7.519812805361448,47.516464412993116],[7.5248700059883085,47.516690184908605],[7.524757623752157,47.52007676364086],[7.528915766489797,47.52338808506796],[7.532287233574372,47.528505581818926],[7.528803384253646,47.53369833587506],[7.525431917169072,47.53332204934925],[7.5201499520699056,47.5359560550299],[7.517115631693788,47.5339993650957],[7.510822226469251,47.52993547061699],[7.5034049988831875,47.52986021331183],[7.50261832323012,47.533623078569896],[7.499246856145547,47.53798800226925],[7.500258296270919,47.54122406639119],[7.5058774080785415,47.54461064512345],[7.520262334306057,47.54754568002474],[7.526555739530596,47.552362147555066],[7.532624380282829,47.55582398359248],[7.537569198673538,47.55680232855958],[7.548357893344175,47.562973427582804],[7.552740800554121,47.56477960290668],[7.555662738694085,47.56575794787378],[7.555550356457933,47.56575794787378],[7.565552375475502,47.55853324657829],[7.559596116959421,47.55281369138603],[7.55678656105561,47.54573950470087],[7.566001904420112,47.54709413619377],[7.587466911525233,47.54348178554603],[7.583533533259897,47.53377359318022],[7.584657355621421,47.532268447076994],[7.590501231901349,47.528957125649896],[7.590838378609807,47.52188293896473],[7.595783197000515,47.52075407938731],[7.614551030437978,47.540471493339574],[7.619271084356381,47.54212715405313],[7.6234292270940225,47.541600352916994],[7.6234292270940225,47.543632300156354],[7.623878756038632,47.551459059893126],[7.618821555411771,47.555673468982164],[7.618709173175619,47.56003839268152],[7.633656010583897,47.56289817027765],[7.635116979653879,47.562597141057],[7.6392751223915205,47.56086622303829],[7.646692349977583,47.55356626443764],[7.649614288117547,47.5499539137899],[7.654783870980561,47.54777145194022],[7.662425863038928,47.546266305836994],[7.667033534721179,47.5386653180157],[7.67613649584953,47.5349777100628],[7.687599483937081,47.53384885048538],[7.697938649663108,47.53430039431635],[7.698388178607718,47.53437565162151],[7.704681583832256,47.5373106865228],[7.714795985085978,47.54077252256022],[7.7170436298090275,47.53723542921764],[7.721876065963584,47.53670862808151],[7.724460857395091,47.53813851687958],[7.726933266590445,47.53490245275764],[7.7341257297042025,47.53414987970603],[7.73491240535727,47.5326447336028],[7.738733401386454,47.52888186834473],[7.750084007237853,47.52639837727441],[7.75042115394631,47.52662414918989],[7.758737439421592,47.52752723685183],[7.772785218940651,47.5246674592557],[7.790878758961199,47.5203777928615],[7.791215905669656,47.51744275796022],[7.788743496474302,47.51518503880538],[7.790878758961199,47.506455191406666],[7.793351168156553,47.50510055991376],[7.792676874739638,47.50336964189505],[7.792901639211943,47.49998306316279],[7.788968260946607,47.494564537191174],[7.79503690169884,47.497499572092465],[7.799644573381091,47.49697277095634],[7.799082662200329,47.500886150824726],[7.803353187174123,47.49832740244924],[7.808410387800984,47.49855317436472],[7.8159399976231985,47.50585313296537],[7.829763012669952,47.515561325331184],[7.8330220975183735,47.51616338377247],[7.834483066588356,47.53144061672022],[7.8365059468391,47.53324679204409],[7.834370684352203,47.535203481978286],[7.847069877037432,47.534074622400865],[7.853475664498123,47.53663337077635],[7.858645247361136,47.53414987970603],[7.864489123641064,47.52496848847635],[7.865163417057979,47.521356137828604],[7.870557764393298,47.52105510860796],[7.874603524894787,47.52414065811957],[7.877750227507056,47.52406540081441],[7.876738787381683,47.51480875227957],[7.879435961049342,47.51488400958473],[7.885279837329271,47.50984177013892],[7.895169474110688,47.507132507153116],[7.896405678708366,47.50367067111569],[7.899215234612177,47.50254181153827],[7.900676203682159,47.49765008670279],[7.90573340430902,47.49358619222408],[7.905845786545172,47.48628623362343],[7.9347280212363565,47.48327594141698],[7.946977684976975,47.48688829206472],[7.9412461909331995,47.46348327015956],[7.9505739165338545,47.464311100516326],[7.959227348717594,47.46062349256343],[7.957878761883764,47.45663485538988],[7.958890202009137,47.45279673282665],[7.948663418519263,47.4468514057189],[7.9477643606300425,47.44459368656407],[7.952709179020751,47.43450920767245],[7.951585356659226,47.4328535469589],[7.962935962510626,47.42322061189825],[7.957766379647612,47.42028557699696],[7.955968263869172,47.41712477018019],[7.94989962311694,47.41765157131632],[7.941695719877809,47.41546910946664],[7.936188990306339,47.41313613300664],[7.937762341612473,47.40937326774857],[7.925175531163397,47.40357845525115],[7.921804064078823,47.40365371255631],[7.910790604935881,47.39981558999309],[7.904946728655952,47.403503197945994],[7.901575261571379,47.402374338368574],[7.889550362303065,47.40862069469696],[7.884268397203899,47.40734132050922],[7.884156014967746,47.40252485297889],[7.880784547883172,47.403051654115025],[7.870557764393298,47.3968805550918],[7.8731425558248045,47.39266614600276],[7.880447401174715,47.389430081880825],[7.879885489993953,47.384989900876306],[7.876851169617836,47.38574247392792],[7.86977108874023,47.38280743902663],[7.8625786256264725,47.38310846824728],[7.840551707340589,47.37550748042598],[7.83470783106066,47.36888483757179],[7.8317858929206965,47.36662711841695],[7.823020078500804,47.36467042848275],[7.807286565439458,47.36376734082082],[7.803016040465665,47.362262194717594],[7.798071222074956,47.356241610304686],[7.7944749905180775,47.34096437735694],[7.788743496474302,47.3396850031692],[7.783012002430526,47.34096437735694],[7.77042519198145,47.340211804305326],[7.767840400549943,47.343974669563394],[7.752444034197055,47.3457055875821],[7.736710521135709,47.35774675640791],[7.729967586966561,47.368282779130496],[7.726820884354292,47.370465240980174],[7.701310116747682,47.37370130510211],[7.688610924062454,47.37264770282985],[7.645231380907601,47.3686590656563],[7.642084678295332,47.37972188951502],[7.642758971712247,47.381904351364696],[7.636802713196166,47.382054865975014],[7.634105539528507,47.38506515818147],[7.637926535557691,47.3879249357776],[7.633656010583897,47.41148047229309],[7.663999214345063,47.41132995768277],[7.6747879090157,47.41644745443374],[7.680856549767933,47.419307232029865],[7.685688985922489,47.43006902666794],[7.687374719464776,47.4351865234189],[7.684003252380203,47.44052979208536],[7.6859137503947945,47.44925963948407],[7.69209477338318,47.45422662162471],[7.699512000969243,47.457011141915686],[7.700972970039225,47.46325749824407],[7.707603521972221,47.469880141098265],[7.710974989056794,47.470783228760205],[7.699961529913852,47.48222233914472],[7.670854530750364,47.486813034759564],[7.669281179444229,47.48764086511633],[7.666808770248875,47.49230681803634],[7.667033534721179,47.49825214514408],[7.659953453843574,47.49674699904085],[7.654109577563646,47.49742431478731],[7.651637168368292,47.49599442598924],[7.650063817062158,47.493285163003435],[7.656244840050543,47.491478987679564],[7.656469604522848,47.48854395277827],[7.650400963770615,47.48651200553891],[7.645456145379907,47.4867377774544],[7.64197229605918,47.48402851446859],[7.6283740454847315,47.48621097631827],[7.61646152845257,47.49050064271247],[7.608370007449592,47.49087692923827],[7.6084823896857445,47.48959755505053],[7.609943358755727,47.48493160213053],[7.606684273907305,47.480792450346655],[7.6088195363942015,47.47627701203698],[7.605672833781933,47.4717615737273],[7.620282524481754,47.468751281520845],[7.627137840887054,47.46423584321117],[7.62331684485787,47.46258018249762],[7.62331684485787,47.45776371496729],[7.617360586341789,47.44662563380342],[7.617135821869485,47.43902464598213],[7.616798675161027,47.434057663841486],[7.609943358755727,47.43398240653632],[7.603312806822731,47.43270303234858],[7.593310787805161,47.43390714923116],[7.583533533259897,47.43014428397309],[7.580386830647628,47.43157417277116],[7.579375390522255,47.436240125691164],[7.576678216854596,47.43797104370987],[7.5699352826854485,47.438272072930516],[7.569373371504685,47.42367215572922],[7.5724076918808025,47.42081237813309],[7.579487772758408,47.41893094550406],[7.581623035245305,47.41614642521309],[7.567575255726246,47.41486705102535],[7.5444245150788385,47.41546910946664],[7.527342415183663,47.413286647616964],[7.532062469102067,47.4062124609318],[7.52992720661517,47.402374338368574],[7.518239454055314,47.38995688301696],[7.511833666594622,47.39093522798405],[7.502955469938578,47.386118760453726],[7.493290597629466,47.38664556158986],[7.491829628559484,47.387021848115666],[7.485199076626488,47.39048368415308],[7.479804729291169,47.39138677181502],[7.47845614245734,47.40267536758922],[7.472387501705107,47.40177227992728],[7.465307420827502,47.403879484471794],[7.460924513617555,47.40244959567373],[7.455417784046084,47.40561040249051],[7.450922494599986,47.404857829438896],[7.449686290002308,47.40094444957051],[7.444067178194685,47.403503197945994],[7.442381444652398,47.39928878885696],[7.444516707139295,47.39048368415308],[7.440021417693196,47.38739813464147],[7.438335684150909,47.3822806378905],[7.431705132217914,47.38085074909244],[7.413049681016604,47.38197960866986],[7.417095441518093,47.38619401775889],[7.414623032322739,47.39085997067889],[7.415522090211958,47.39560118090405],[7.400013341622918,47.39831044388986],[7.396754256774496,47.40470731482857],[7.389337029188434,47.40470731482857],[7.384841739742335,47.41358767683761],[7.37686260097551,47.4155443667718],[7.397990461372173,47.41381344875309],[7.4150725612673485,47.412383559955025],[7.421478348728039,47.41253407456535],[7.428670811841797,47.415770138687286],[7.438785213095519,47.41426499258406],[7.448225320932327,47.415920653297604],[7.4564292241714565,47.429542225531804],[7.449798672238461,47.43864835945632],[7.4402461821655015,47.444969973089876],[7.438785213095519,47.447829750686005],[7.426198402646443,47.44481945847955],[7.421927877672649,47.44730294954987],[7.421478348728039,47.447152434939554]]],[[[7.328313474957644,47.44165865166278],[7.3307858841529985,47.4427875112402],[7.339664080809043,47.442260710104065],[7.3482051307566305,47.43676692682729],[7.356521416231914,47.4351865234189],[7.370232049042514,47.43548755263955],[7.382144566074675,47.43345560540019],[7.38371791738081,47.43127314355051],[7.380571214768541,47.42871439517503],[7.37686260097551,47.4155443667718],[7.3640510260541285,47.41607116790793],[7.3582071497742,47.416372197128574],[7.35865667871881,47.41945774664019],[7.345170810380514,47.42592987488406],[7.3413498143513305,47.430896857024706],[7.327189652596119,47.43345560540019],[7.328313474957644,47.44165865166278]]]]},"properties":{"id":13,"code":"BL","name":"Basel-Landschaft"}},{"type":"Feature","geometry":{"type":"MultiPolygon","coordinates":[[[[8.564068543690173,47.60075259477379],[8.567664775247051,47.59849487561895],[8.57260959363776,47.599548477891204],[8.583510670544548,47.59751653065185],[8.588905017879867,47.60316082853895],[8.592501249436747,47.603612372369916],[8.593849836270575,47.6075257522383],[8.59677177441054,47.60699895110218],[8.596097480993626,47.59879590483959],[8.59407460074288,47.59698972951572],[8.584522110669921,47.59473201036088],[8.580701114640737,47.592022747375076],[8.578341087681535,47.5865289640983],[8.5812630258215,47.578401175140876],[8.573171504818522,47.57569191215507],[8.568788597608576,47.563951772549906],[8.564518072634781,47.558984790409255],[8.56035992989714,47.55446935209958],[8.555864640451041,47.55416832287894],[8.552043644421857,47.557705416221516],[8.549458852990352,47.56575794787378],[8.542828301057355,47.57132698845571],[8.547211208267303,47.572832134558936],[8.54754835497576,47.57554139754475],[8.535972984652055,47.576820771732486],[8.538670158319714,47.57937952010797],[8.535523455707445,47.58269084153507],[8.538108247138952,47.58487330338475],[8.53844539384741,47.58901245516862],[8.546649297086539,47.59337737886798],[8.548784559573436,47.59412995191959],[8.556538933867957,47.59540932610733],[8.557775138465633,47.598871162144754],[8.564068543690173,47.60075259477379]]],[[[8.607785233553482,47.673526408864774],[8.599244183605894,47.674203724611225],[8.5949736586321,47.66848416941897],[8.592388867200594,47.66901097055509],[8.587106902101429,47.667280052536384],[8.579240145570754,47.663065643447354],[8.56575427723246,47.66675325140025],[8.564518072634781,47.671343947015096],[8.560697076605598,47.67156971893058],[8.547885501684217,47.668860455944774],[8.54024350962585,47.6647213041609],[8.541142567515069,47.6590770062738],[8.534961544526682,47.66133472542864],[8.534512015582074,47.664570789550574],[8.528218610357534,47.661711011954445],[8.530129108372126,47.65712031633961],[8.534624397818225,47.651701790367994],[8.533163428748244,47.64748738127896],[8.523835703147588,47.646358521701536],[8.514507977546934,47.64891727007702],[8.50978792362853,47.64801418241509],[8.504056429584754,47.6487667554667],[8.500460198027875,47.6477884104996],[8.494279175039491,47.64846572624606],[8.494616321747948,47.64447708907251],[8.491020090191068,47.64379977332605],[8.488435298759562,47.64650903631186],[8.48382762707731,47.64560594864992],[8.481692364590414,47.65064818809574],[8.477309457380468,47.651476018452506],[8.474837048185114,47.648390468940896],[8.478770426450449,47.64605749248089],[8.472252256753606,47.643724516020896],[8.467307438362898,47.64417605985186],[8.464947411403696,47.64997087234928],[8.46831887848827,47.657496602865415],[8.466745527182136,47.65847494783251],[8.458541623943006,47.65411002413315],[8.454833010149974,47.65621722867767],[8.450000573995418,47.65614197137251],[8.446179577966234,47.65516362640541],[8.437863292490952,47.65877597705315],[8.434267060934072,47.6627646142267],[8.424826953097266,47.668183140198316],[8.413476347245865,47.66765633906219],[8.406733413076719,47.67593464262993],[8.409655351216681,47.68014905171897],[8.417184961038897,47.6810521393809],[8.421792632721148,47.68526654846994],[8.419882134706556,47.68759952492994],[8.419320223525794,47.689631472169296],[8.413251582773562,47.6956520565822],[8.407520088729786,47.69685617346478],[8.40549720847904,47.69949017914542],[8.410217262397445,47.704231389370584],[8.416510667621983,47.70912311420607],[8.426962215584162,47.71250969293833],[8.435840412240207,47.7186055346564],[8.439549026033239,47.719884908844136],[8.44370716877088,47.72312097296608],[8.44820245821698,47.72455086176414],[8.456181596983804,47.723873546017685],[8.455844450275347,47.72861475624285],[8.458092094998396,47.730571446177045],[8.453933952260755,47.73185082036479],[8.450787249648485,47.7396023227964],[8.45191107201001,47.74163427003576],[8.456968272636871,47.744193018411245],[8.457305419345328,47.74938577246737],[8.458991152887615,47.75156823431705],[8.467981731779812,47.75540635688028],[8.468206496252117,47.75563212879576],[8.46876840743288,47.75826613447641],[8.472701785698217,47.76428671888931],[8.477084692908162,47.76707123918028],[8.482479040243481,47.76970524486093],[8.490121032301849,47.774672227001574],[8.497201113179454,47.77211347862609],[8.503269753931686,47.77504851352738],[8.510462217045445,47.77572582927383],[8.511248892698513,47.777607261902865],[8.521250911716082,47.772038221320926],[8.523723320911436,47.77632788771512],[8.527656699176774,47.77956395183706],[8.533837722165158,47.77941343722674],[8.541929243168136,47.78287527326415],[8.544738799071947,47.78287527326415],[8.553841760200298,47.78603608008093],[8.562944721328648,47.781821670991896],[8.563731396981716,47.77926292261641],[8.5675523930109,47.7794886945319],[8.578228705445383,47.78302578787448],[8.57541914954157,47.788068027320286],[8.576093442958486,47.790927804916414],[8.562832339092495,47.79416386903835],[8.563619014745562,47.802818459131906],[8.564630454870935,47.80673183900029],[8.56901336208088,47.809892645817065],[8.573508651526978,47.80778544127255],[8.576655354139248,47.80311948835255],[8.582049701474567,47.801840114164804],[8.588905017879867,47.80402257601448],[8.593625071798272,47.80018445345126],[8.599244183605894,47.803796804099],[8.602503268454315,47.804323605235126],[8.61497769666724,47.802517429911255],[8.619810132821796,47.79973290962029],[8.619023457168728,47.79732467585513],[8.62318159990637,47.796045301667384],[8.621608248600236,47.7901752318648],[8.61677581244568,47.78844431384609],[8.616213901264917,47.784681448588024],[8.618798692696423,47.781595899076414],[8.6200348972941,47.779338179921574],[8.624305422267895,47.77858560686996],[8.620372044002558,47.76872689989383],[8.626103538046333,47.76518980655125],[8.628800711713993,47.76067436824157],[8.63273408997933,47.75962076596931],[8.634869352466225,47.76172797051383],[8.643522784649967,47.76654443804415],[8.646557105026083,47.76639392343383],[8.650265718819114,47.77143616287964],[8.654199097084451,47.77474748430674],[8.64914189645759,47.775349542748025],[8.651164776708335,47.782724758653835],[8.650490483291419,47.78535876433448],[8.646669487262235,47.788293799235774],[8.647680927387608,47.796045301667384],[8.65060286552757,47.799883424230615],[8.658132475349786,47.80176485685965],[8.661391560198208,47.79739993316029],[8.662964911504343,47.79303500946094],[8.668359258839661,47.78912162959254],[8.672292637104999,47.78912162959254],[8.682744185067177,47.78490722050351],[8.683980389664855,47.77858560686996],[8.689374737000172,47.77504851352738],[8.684317536373312,47.77188770671061],[8.689149972527868,47.76308260200673],[8.689037590291715,47.76052385363125],[8.69375764421012,47.75758881872996],[8.69881484483698,47.758190877171245],[8.70016343167081,47.761125912072536],[8.708030188201482,47.765114549246086],[8.71061497963299,47.764663005415116],[8.715335033551392,47.76692072456996],[8.72207796772054,47.764663005415116],[8.727247550583554,47.76413620427899],[8.731855222265805,47.76097539746222],[8.730057106487365,47.759319736748665],[8.740958183394156,47.75450326921834],[8.742643916936442,47.74946102977253],[8.740621036685699,47.74780536905899],[8.735451453822684,47.74810639827963],[8.727809461764316,47.74645073756608],[8.724662759152046,47.74712805331254],[8.721291292067473,47.74246210039253],[8.715559798023698,47.74012912393253],[8.713087388828344,47.73230236419575],[8.716683620385222,47.726357037088015],[8.719156029580576,47.723045715660916],[8.719380794052881,47.72281994374543],[8.73432763146116,47.71973439423382],[8.737474334073429,47.71755193238414],[8.733091426863483,47.71288597946414],[8.732304751210416,47.70904785690091],[8.727584697292011,47.69806029034736],[8.729045666361994,47.694297425089296],[8.71881888287212,47.69211496323962],[8.718594118399814,47.69640462963381],[8.712300713175276,47.697608746516394],[8.713087388828344,47.70242521404671],[8.709603539507617,47.70543550625317],[8.708142570437635,47.711155061445425],[8.7065692191315,47.71153134797123],[8.707693041493025,47.71175711988672],[8.702748223102317,47.716573587417045],[8.701736782976944,47.716272558196394],[8.700837725087725,47.71634781550156],[8.699713902726199,47.71634781550156],[8.699376756017742,47.716122043586076],[8.69926437378159,47.71597152897575],[8.698590080364674,47.715218955924136],[8.690835706070155,47.713187008684784],[8.690723323834003,47.712133406412526],[8.691397617250917,47.71168186258156],[8.69150999948707,47.71085403222478],[8.685216594262531,47.71010145917317],[8.682294656122568,47.711155061445425],[8.681395598233347,47.712584950243496],[8.682744185067177,47.713187008684784],[8.682744185067177,47.713638552515754],[8.678586042329536,47.71439112556737],[8.67510219300881,47.7139395817364],[8.673416459466523,47.71243443563317],[8.67195549039654,47.712133406412526],[8.670494521326559,47.712584950243496],[8.667347818714289,47.71424061095704],[8.665437320699697,47.71469215478801],[8.667010672005832,47.70934888612155],[8.668471641075815,47.708746827680265],[8.674989810772658,47.70618807930478],[8.67746221996801,47.69881286339897],[8.677012691023402,47.69888812070413],[8.675214575244961,47.6993396645351],[8.674315517355742,47.69617885771833],[8.66925831672888,47.6946737116151],[8.669483081201186,47.69354485203768],[8.667909729895051,47.69354485203768],[8.65959344441977,47.692717021680906],[8.65959344441977,47.692039705934455],[8.659930591128226,47.692039705934455],[8.660717266781294,47.69083558905187],[8.664987791755088,47.68940570025381],[8.664650645046631,47.68775003954026],[8.664538262810478,47.68729849570929],[8.660829649017446,47.68775003954026],[8.645208518192254,47.6956520565822],[8.633520765632397,47.693695366648],[8.626328302518639,47.693168565511876],[8.62542924462942,47.6900077586951],[8.62857594724169,47.681578940517035],[8.625092097920962,47.677740817953804],[8.6200348972941,47.676461443766065],[8.61497769666724,47.68007379441381],[8.609808113804226,47.67322537964413],[8.608909055915007,47.67322537964413],[8.608459526970396,47.67141920432026],[8.607560469081177,47.671343947015096],[8.607560469081177,47.67292435042348],[8.607785233553482,47.673526408864774]]],[[[8.796137861345017,47.67683773029187],[8.794564510038882,47.68135316860155],[8.797711212651151,47.689179928338326],[8.800970297499573,47.69309330820671],[8.807038938251806,47.69301805090155],[8.811084698753294,47.6946737116151],[8.807376084960264,47.697834518431875],[8.79894741724883,47.698737606093815],[8.79894741724883,47.70370458823446],[8.794676892275035,47.70573653547381],[8.794564510038882,47.705811792778974],[8.788271104814344,47.7059623073893],[8.770627093738407,47.70814476923898],[8.773998560822982,47.71461689748285],[8.77208806280839,47.716272558196394],[8.773324267406066,47.719884908844136],[8.781977699589806,47.72312097296608],[8.785012019965922,47.72643229439317],[8.792991158732747,47.730345674261564],[8.800183621846505,47.72869001354801],[8.800183621846505,47.729292071989306],[8.797598830414998,47.73606522945382],[8.800296004082657,47.737495118251886],[8.80861228955794,47.73847346321898],[8.80816276061333,47.735914714843496],[8.812320903350972,47.72951784390479],[8.806139880362586,47.72710961013963],[8.813781872420954,47.72530343481576],[8.819738130937035,47.71905707848737],[8.82636868287003,47.718379762740916],[8.81996289540934,47.71491792670349],[8.825357242744658,47.71235917832801],[8.83097635455228,47.713412780600265],[8.834460203873007,47.71597152897575],[8.846709867613626,47.71243443563317],[8.848957512336677,47.706037564694455],[8.862218616202668,47.70543550625317],[8.867051052357223,47.70679013774607],[8.872557781928695,47.706338593915106],[8.870872048386406,47.70310252979317],[8.877165453610946,47.69813554765252],[8.875704484540963,47.69580257119252],[8.868174874718747,47.69550154197187],[8.867275816829528,47.69790977573704],[8.859296678062703,47.70016749489188],[8.852553743893555,47.69903863531446],[8.85142992153203,47.69587782849768],[8.855700446505825,47.69595308580284],[8.858397620173484,47.69422216778413],[8.857273797811958,47.690459302526065],[8.852216597185098,47.68714798109897],[8.85277850836586,47.68233151356865],[8.856037593214282,47.682030484348],[8.856599504395044,47.681804712432516],[8.861544322785752,47.68195522704284],[8.868624403663357,47.677364531428],[8.871883488511779,47.67299960772864],[8.87469304441559,47.67187074815122],[8.876603542430182,47.66404398841445],[8.876154013485573,47.657722374780896],[8.876041631249421,47.65621722867767],[8.867388199065681,47.657496602865415],[8.864016731981106,47.656367743287994],[8.859071913590398,47.65162653306283],[8.852890890602012,47.652604878029926],[8.847608925502847,47.65486259718477],[8.85547568203352,47.66208729848025],[8.842888871584442,47.66585016373832],[8.838056435429888,47.672698578508],[8.819176219756272,47.67902019214155],[8.81041040533638,47.678192361784774],[8.806477027071043,47.67962225058284],[8.799846475138049,47.677590303343486],[8.796137861345017,47.67683773029187]]]]},"properties":{"id":14,"code":"SH","name":"Schaffhausen"}},{"type":"Feature","geometry":{"type":"Polygon","coordinates":[[[9.504258331341711,47.34879113709372],[9.48818767157191,47.35142514277437],[9.480545679513542,47.348490107873076],[9.466722664466788,47.34833959326275],[9.448067213265478,47.357370469882106],[9.439638545554043,47.35804778562856],[9.436941371886384,47.361584878971144],[9.431996553495676,47.36843329374082],[9.432333700204133,47.37212090169373],[9.42356788578424,47.3692611240976],[9.420421183171971,47.37091678481114],[9.41311633782206,47.370314726369855],[9.404575287874474,47.37467965006921],[9.402552407623729,47.37949611759953],[9.40030476290068,47.378743544547916],[9.39479803332921,47.38152806483889],[9.39165133071694,47.37904457376857],[9.379289284740167,47.38220538058534],[9.380637871573999,47.38777442116728],[9.3785026090871,47.38845173691373],[9.37434446634946,47.387623906556954],[9.373108261751783,47.38536618740211],[9.360184304594249,47.386344532369215],[9.357824277635046,47.384764128960825],[9.351418490174357,47.38446309974018],[9.359847157885792,47.379420860294374],[9.360746215775011,47.37475490737437],[9.358161424343503,47.37287347474534],[9.362656713789603,47.36775597799437],[9.361532891428078,47.36572403075501],[9.365578651929567,47.3593271598163],[9.352767077008187,47.35631686760985],[9.344900320477514,47.353607604624045],[9.347372729672868,47.34660867524404],[9.344563173769057,47.34608187410791],[9.33512306593225,47.34231900884985],[9.330065865305388,47.332159272653065],[9.317366672620158,47.32869743661565],[9.312534236465602,47.32643971746081],[9.311185649631774,47.322827366813065],[9.315231410133261,47.322827366813065],[9.318265730509378,47.31740884084145],[9.31691714367555,47.314774835160804],[9.319501935107056,47.31086145529242],[9.31646761473094,47.30732436194984],[9.318265730509378,47.30295943825048],[9.3146694989525,47.297616169584025],[9.314894263424804,47.292799702053706],[9.324896282442374,47.284295626570476],[9.34377649811599,47.25080612577369],[9.33332495015381,47.25080612577369],[9.323547695608545,47.247494804346594],[9.309724680561791,47.256224651745306],[9.309837062797943,47.260213288918855],[9.306016066768759,47.260890604665306],[9.298711221418849,47.25870814281563],[9.285450117552859,47.26698644638337],[9.276684303132965,47.26698644638337],[9.275223334062984,47.27150188469305],[9.26825563542153,47.26992148128466],[9.258478380876266,47.264653469923374],[9.248925890803307,47.26743799021434],[9.242520103342615,47.26608335872144],[9.234653346811942,47.266911189078215],[9.218245540333683,47.27232971504983],[9.207456845663046,47.27774824102144],[9.209479725913791,47.28151110627951],[9.218245540333683,47.2858007726737],[9.22543800344744,47.29415433354661],[9.218020775861378,47.30092749101112],[9.21903221598675,47.30920579457887],[9.214199779832194,47.32109644879436],[9.211053077219924,47.32230056567694],[9.234653346811942,47.33336338953565],[9.225999914628204,47.34382415495307],[9.22307797648824,47.34457672800468],[9.207793992371503,47.34058809083113],[9.206894934482284,47.34359838303759],[9.19992723584083,47.34916742361953],[9.208468285788419,47.357370469882106],[9.206108258829216,47.35887561598533],[9.197230062173173,47.35481172150662],[9.192510008254768,47.36391785543114],[9.200152000313135,47.36286425315888],[9.211165459456078,47.364519913872435],[9.214199779832194,47.366476603806625],[9.214312162068346,47.369637410623405],[9.222066536362867,47.374529135458886],[9.221055096237494,47.37746417036018],[9.223190358724391,47.37949611759953],[9.220043656112122,47.385892988538245],[9.224201798849764,47.388978538049855],[9.233304759978115,47.38935482457566],[9.233866671158875,47.39928878885696],[9.237687667188059,47.39755787083825],[9.253308798013252,47.40207330914792],[9.257242176278588,47.402148566453086],[9.259377438765487,47.40004136190857],[9.266232755170787,47.40252485297889],[9.269491840019208,47.40071867765502],[9.27320045381224,47.40229908106341],[9.280842445870608,47.399665075382764],[9.295452136570429,47.3982351865847],[9.304442715462624,47.39673004048147],[9.319501935107056,47.39868673041567],[9.32658201598466,47.40177227992728],[9.330515394249998,47.40275062489438],[9.334111625806877,47.40094444957051],[9.34107932444833,47.40086919226535],[9.355689015148151,47.40478257213373],[9.359847157885792,47.403503197945994],[9.372883497279478,47.408996981222764],[9.379626431448626,47.40869595200212],[9.389178921521586,47.406588747457604],[9.393561828731531,47.40252485297889],[9.39895617606685,47.40199805184277],[9.40996963520979,47.403879484471794],[9.414352542419739,47.406814519373086],[9.427051735104968,47.40847018008664],[9.429186997591863,47.411932016124055],[9.429861291008779,47.41403922066858],[9.434131815982571,47.41501756563567],[9.431434642314914,47.41915671741954],[9.436154696233316,47.42231752423632],[9.433682287037962,47.43082159971954],[9.436042313997165,47.43586383916536],[9.445257657361665,47.435562809944706],[9.453349178364643,47.43255251773826],[9.45413585401771,47.434057663841486],[9.465149313160653,47.43676692682729],[9.469195073662142,47.43940093250794],[9.495829663630277,47.44369059890213],[9.504595478050168,47.446700891108584],[9.509765060913182,47.45068952828213],[9.515384172720806,47.45084004289245],[9.520553755583819,47.45324827665762],[9.525386191738376,47.452947247436974],[9.527296689752967,47.454753422760845],[9.532241508143676,47.455581253117614],[9.527521454225273,47.46130080830988],[9.527071925280662,47.462805954413106],[9.530892921309846,47.46626779045052],[9.53381485944981,47.469202825351815],[9.544378789648142,47.470331684929235],[9.54831216791348,47.468525509605364],[9.547975021205021,47.46438635782149],[9.554156044193407,47.46551521739891],[9.55887609811181,47.46619253314536],[9.563146623085604,47.464311100516326],[9.581240163106152,47.46401007129568],[9.590455506470654,47.46062349256343],[9.590230741998349,47.459193603765364],[9.597198440639803,47.46002143412213],[9.598322263001327,47.45791422957762],[9.613269100409605,47.45061427097697],[9.630575964777085,47.445797803446645],[9.632374080555524,47.44361534159697],[9.631137875957847,47.44135762244213],[9.627429262164815,47.440454534780194],[9.619337741161837,47.438497844846],[9.618775829981075,47.438497844846],[9.606076637295846,47.43736898526858],[9.594501266972143,47.43699269874277],[9.5766324914239,47.435337038029225],[9.57202481974165,47.435788581860194],[9.570114321727058,47.43970196172858],[9.567641912531704,47.44015350555955],[9.565956178989417,47.43909990328729],[9.563034240849452,47.437143213353096],[9.559999920473334,47.43526178072406],[9.559775156001031,47.43300406156922],[9.564158063210977,47.43037005588858],[9.570900997380125,47.42984325475245],[9.576520109187747,47.427133991766645],[9.569552410546295,47.42246803884664],[9.57798107825773,47.4225432961518],[9.584948776899182,47.42066186352277],[9.583375425593049,47.41765157131632],[9.586971657149927,47.41426499258406],[9.583824954537658,47.411254700377604],[9.584274483482268,47.41102892846212],[9.584274483482268,47.41027635541051],[9.5766324914239,47.4062124609318],[9.576070580243139,47.405911431711154],[9.575059140117766,47.40538463057502],[9.56842858818477,47.40184753723244],[9.556740835624915,47.39785890005889],[9.55336936854034,47.40004136190857],[9.547413110024259,47.40688977667825],[9.543704496231229,47.409523782358896],[9.552245546178815,47.410803156546635],[9.554942719846474,47.40914749583309],[9.560112302709488,47.41005058349503],[9.564944738864044,47.40937326774857],[9.566293325697874,47.406814519373086],[9.575059140117766,47.40877120930728],[9.573485788811631,47.41449076449954],[9.57753154931312,47.41727528479051],[9.566405707934026,47.4178773432318],[9.560449449417945,47.41960826125051],[9.557415129041829,47.42164020848987],[9.556066542207999,47.42788656481826],[9.55112172381729,47.42871439517503],[9.54831216791348,47.43119788624535],[9.540220646910502,47.43300406156922],[9.538759677840519,47.42833810864922],[9.538759677840519,47.42826285134406],[9.538422531132062,47.42705873446148],[9.532241508143676,47.425553588358255],[9.531005303546,47.425327816442774],[9.528195747642187,47.424650500696316],[9.527746218697578,47.424499986086],[9.524824280557613,47.422618553456964],[9.525049045029919,47.42231752423632],[9.52830812987834,47.416372197128574],[9.524487133849156,47.41524333755115],[9.528982423295254,47.41178150151374],[9.52471189832146,47.407943378950506],[9.517744199680008,47.40696503398341],[9.512012705636232,47.403728969861476],[9.513248910233909,47.39876198772083],[9.509765060913182,47.39710632700728],[9.510326972093946,47.39597746742986],[9.510326972093946,47.395902210124696],[9.50920314973242,47.39432180671631],[9.504033566869406,47.38529093009696],[9.504483095814017,47.376561082698245],[9.506618358300914,47.37588376695179],[9.500324953076376,47.37069101289566],[9.502010686618663,47.3692611240976],[9.500212570840223,47.36309002507437],[9.502235451090968,47.362262194717594],[9.50369642016095,47.35571480916856],[9.504258331341711,47.34879113709372]]]},"properties":{"id":15,"code":"AR","name":"Appenzell Ausserrhoden"}},{"type":"Feature","geometry":{"type":"MultiPolygon","coordinates":[[[[9.556740835624915,47.39785890005889],[9.554605573138018,47.39545066629373],[9.547975021205021,47.3949238651576],[9.5447159363566,47.396353753955665],[9.54651405213504,47.39974033268793],[9.54381687846738,47.40139599340147],[9.510326972093946,47.395902210124696],[9.510326972093946,47.39597746742986],[9.509765060913182,47.39710632700728],[9.513248910233909,47.39876198772083],[9.512012705636232,47.403728969861476],[9.517744199680008,47.40696503398341],[9.52471189832146,47.407943378950506],[9.528982423295254,47.41178150151374],[9.524487133849156,47.41524333755115],[9.52830812987834,47.416372197128574],[9.525049045029919,47.42231752423632],[9.524824280557613,47.422618553456964],[9.527746218697578,47.424499986086],[9.528195747642187,47.424650500696316],[9.531005303546,47.425327816442774],[9.532241508143676,47.425553588358255],[9.538422531132062,47.42705873446148],[9.538759677840519,47.42826285134406],[9.538759677840519,47.42833810864922],[9.540220646910502,47.43300406156922],[9.54831216791348,47.43119788624535],[9.55112172381729,47.42871439517503],[9.556066542207999,47.42788656481826],[9.557415129041829,47.42164020848987],[9.560449449417945,47.41960826125051],[9.566405707934026,47.4178773432318],[9.57753154931312,47.41727528479051],[9.573485788811631,47.41449076449954],[9.575059140117766,47.40877120930728],[9.566293325697874,47.406814519373086],[9.564944738864044,47.40937326774857],[9.560112302709488,47.41005058349503],[9.554942719846474,47.40914749583309],[9.552245546178815,47.410803156546635],[9.543704496231229,47.409523782358896],[9.547413110024259,47.40688977667825],[9.55336936854034,47.40004136190857],[9.556740835624915,47.39785890005889]]],[[[9.618775829981075,47.438497844846],[9.619337741161837,47.438497844846],[9.608324282018897,47.43300406156922],[9.603379463628187,47.431348400855676],[9.60259278797512,47.431122628940194],[9.589668830817587,47.426832962545994],[9.589893595289892,47.42577936027374],[9.590567888706806,47.42276906806729],[9.591129799887568,47.42246803884664],[9.591579328832179,47.42231752423632],[9.591916475540636,47.42209175232083],[9.595962236042125,47.42028557699696],[9.597760351820565,47.41945774664019],[9.59989561430746,47.41840414436793],[9.605964255059694,47.41561962407696],[9.606076637295846,47.4155443667718],[9.60484043269817,47.415318594856316],[9.604728050462018,47.41524333755115],[9.599670849835157,47.414189735278896],[9.592366004485246,47.41268458917567],[9.584274483482268,47.41102892846212],[9.583824954537658,47.411254700377604],[9.586971657149927,47.41426499258406],[9.583375425593049,47.41765157131632],[9.584948776899182,47.42066186352277],[9.57798107825773,47.4225432961518],[9.569552410546295,47.42246803884664],[9.576520109187747,47.427133991766645],[9.570900997380125,47.42984325475245],[9.564158063210977,47.43037005588858],[9.559775156001031,47.43300406156922],[9.559999920473334,47.43526178072406],[9.563034240849452,47.437143213353096],[9.565956178989417,47.43909990328729],[9.567641912531704,47.44015350555955],[9.570114321727058,47.43970196172858],[9.57202481974165,47.435788581860194],[9.5766324914239,47.435337038029225],[9.594501266972143,47.43699269874277],[9.606076637295846,47.43736898526858],[9.618775829981075,47.438497844846]]],[[[9.480545679513542,47.348490107873076],[9.48818767157191,47.35142514277437],[9.504258331341711,47.34879113709372],[9.50414594910556,47.33863140089694],[9.499538277423309,47.31996758921694],[9.494031547851836,47.31447380594016],[9.497403014936411,47.307249104644676],[9.49054769853111,47.303185210165964],[9.491783903128788,47.30092749101112],[9.486389555793469,47.28504819962209],[9.482231413055828,47.282940995077574],[9.47413989205285,47.27255548696531],[9.452562502711576,47.26141740580144],[9.44862912444624,47.2572029967124],[9.427613646285728,47.24869892122918],[9.41626304043433,47.24779583356724],[9.403339083276796,47.238840214253045],[9.383672191950115,47.23552889282595],[9.365578651929567,47.24486079866595],[9.350744196757441,47.246215430158855],[9.34377649811599,47.25080612577369],[9.324896282442374,47.284295626570476],[9.314894263424804,47.292799702053706],[9.3146694989525,47.297616169584025],[9.318265730509378,47.30295943825048],[9.31646761473094,47.30732436194984],[9.319501935107056,47.31086145529242],[9.31691714367555,47.314774835160804],[9.318265730509378,47.31740884084145],[9.315231410133261,47.322827366813065],[9.311185649631774,47.322827366813065],[9.312534236465602,47.32643971746081],[9.317366672620158,47.32869743661565],[9.330065865305388,47.332159272653065],[9.33512306593225,47.34231900884985],[9.344563173769057,47.34608187410791],[9.347372729672868,47.34660867524404],[9.344900320477514,47.353607604624045],[9.352767077008187,47.35631686760985],[9.365578651929567,47.3593271598163],[9.361532891428078,47.36572403075501],[9.362656713789603,47.36775597799437],[9.358161424343503,47.37287347474534],[9.360746215775011,47.37475490737437],[9.359847157885792,47.379420860294374],[9.351418490174357,47.38446309974018],[9.357824277635046,47.384764128960825],[9.360184304594249,47.386344532369215],[9.373108261751783,47.38536618740211],[9.37434446634946,47.387623906556954],[9.3785026090871,47.38845173691373],[9.380637871573999,47.38777442116728],[9.379289284740167,47.38220538058534],[9.39165133071694,47.37904457376857],[9.39479803332921,47.38152806483889],[9.40030476290068,47.378743544547916],[9.402552407623729,47.37949611759953],[9.404575287874474,47.37467965006921],[9.41311633782206,47.370314726369855],[9.420421183171971,47.37091678481114],[9.42356788578424,47.3692611240976],[9.432333700204133,47.37212090169373],[9.431996553495676,47.36843329374082],[9.436941371886384,47.361584878971144],[9.439638545554043,47.35804778562856],[9.448067213265478,47.357370469882106],[9.466722664466788,47.34833959326275],[9.480545679513542,47.348490107873076]]]]},"properties":{"id":16,"code":"AI","name":"Appenzell Innerrhoden"}},{"type":"Feature","geometry":{"type":"Polygon","coordinates":[[[9.504033566869406,47.548599282297],[9.52100328452843,47.53836428879506],[9.54561499424582,47.53783748765893],[9.551908399470358,47.53573028311441],[9.560337067181793,47.51367989270215],[9.562584711904842,47.50186449579182],[9.56247232966869,47.50118718004537],[9.564158063210977,47.496370712515045],[9.567080001350941,47.493736706834405],[9.577082020368511,47.48831818086279],[9.584724012426879,47.482598625670526],[9.595400324861362,47.46581624661955],[9.60214325903051,47.462956469023425],[9.606301401768151,47.46536470278859],[9.607762370838135,47.47093374337052],[9.612931953701148,47.470783228760205],[9.618213918800313,47.46333275554923],[9.622034914829497,47.45979566220665],[9.627541644400967,47.45806474418794],[9.644960891004601,47.45723691383117],[9.655749585675238,47.455581253117614],[9.660806786302098,47.452721475521486],[9.659345817232117,47.449184382178906],[9.652153354118358,47.4441421427331],[9.647433300199955,47.44052979208536],[9.64585994889382,47.43789578640471],[9.646534242310736,47.43315457617955],[9.65035523833992,47.42608038949439],[9.652040971882206,47.41878043089374],[9.652153354118358,47.4178773432318],[9.652153354118358,47.41780208592664],[9.652940029771425,47.405986689016316],[9.655749585675238,47.40576091710083],[9.658671523815201,47.4015465080118],[9.663728724442063,47.39778364275373],[9.671932627681192,47.394999122462764],[9.674180272404243,47.39349397635954],[9.674854565821157,47.39266614600276],[9.674629801348852,47.38288269633179],[9.671595480972735,47.37881880185308],[9.663728724442063,47.37242193091437],[9.658109612634439,47.37016421175953],[9.650804767284528,47.36880958026663],[9.636644605529318,47.368734322961465],[9.627541644400967,47.36640134650146],[9.626417822039443,47.36707866224792],[9.625743528622529,47.36753020607888],[9.606413784004305,47.35262925965694],[9.600682289960528,47.34638290332855],[9.590567888706806,47.32049439035307],[9.582813514412287,47.31244185870081],[9.56752953029555,47.30574395854145],[9.557864657986439,47.2997986314337],[9.556403688916456,47.29821822802532],[9.552695075123426,47.28835952104919],[9.547413110024259,47.281360591669184],[9.5447159363566,47.27955441634531],[9.534152006158267,47.27428640498402],[9.53201674367137,47.27195342852402],[9.53201674367137,47.271802913913696],[9.531117685782151,47.270674054336276],[9.531117685782151,47.26548130028015],[9.529544334476016,47.26141740580144],[9.521565195709192,47.24538759980208],[9.511675558927774,47.23312065906079],[9.50549453593939,47.2262722442911],[9.502572597799425,47.22130526215046],[9.500437335312528,47.21197335631046],[9.49144675642033,47.19955590095884],[9.488861964988823,47.1916538839169],[9.486951466974231,47.18254774999238],[9.487513378154993,47.179311685870445],[9.490435316294958,47.17050658116658],[9.492008667601093,47.16614165746722],[9.49549251692182,47.15997055844399],[9.496728721519496,47.15823964042528],[9.505045006994779,47.14853144805947],[9.5083040918432,47.14491909741173],[9.51055173656625,47.14138200406915],[9.51381082141467,47.13280267128076],[9.514035585886976,47.13205009822914],[9.51650799508233,47.12324499352527],[9.517069906263092,47.121137788980754],[9.518418493096922,47.11654709336592],[9.518418493096922,47.116471836060754],[9.521340431236887,47.10473169645559],[9.521565195709192,47.10149563233365],[9.520778520056124,47.0984853401272],[9.520778520056124,47.09841008282204],[9.516845141790789,47.089755492728486],[9.515721319429263,47.08802457470978],[9.514485114831587,47.087272001658164],[9.513698439178519,47.08674520052204],[9.513473674706214,47.086669943216876],[9.492008667601093,47.074177230560096],[9.481219972930456,47.07003807877622],[9.476162772303596,47.06717830118009],[9.473465598635936,47.062587605565255],[9.477174212428967,47.05333095703041],[9.47728659466512,47.053255699725256],[9.47728659466512,47.05310518511493],[9.478522799262796,47.05039592212912],[9.492907725490312,47.03489291726589],[9.508079327370895,47.01923939779234],[9.51145079445547,47.01148789536072],[9.521340431236887,47.00050032880718],[9.546738816607345,46.977923137258784],[9.542693056105856,46.975665418103944],[9.525049045029919,46.97385924278007],[9.518868022041532,46.9697200909962],[9.519767079930752,46.9570768637291],[9.506056447120152,46.954969659184584],[9.49965065965946,46.94608929717555],[9.494481076796447,46.938939853185225],[9.48818767157191,46.93660687672522],[9.48683908473808,46.93171515188973],[9.479197092679712,46.92185644491361],[9.47998376833278,46.91703997738328],[9.48830005380806,46.913051340209734],[9.474027509816699,46.9055256096936],[9.468745544717532,46.9008596567736],[9.468970309189837,46.898150393787795],[9.47099318944058,46.89280712512134],[9.46818363353677,46.887463856454886],[9.457956850046894,46.88784014298069],[9.456608263213067,46.885431909215534],[9.455709205323846,46.87835772253037],[9.450202475752375,46.87414331344134],[9.439301398845586,46.880991728211015],[9.434693727163335,46.88595871035166],[9.415139218072806,46.89250609590069],[9.401091438553747,46.893258668952306],[9.383222663005505,46.898827709534245],[9.36614056311033,46.89830090839811],[9.34883369874285,46.9008596567736],[9.344450791532903,46.89958028258586],[9.339843119850652,46.903267890538764],[9.322648637719325,46.901913259045855],[9.31107326739562,46.90695549849166],[9.294777843153513,46.908385387289734],[9.287922526748213,46.90657921196586],[9.277920507730643,46.90868641651038],[9.267806106476922,46.90469777933683],[9.258927909820876,46.90966476147747],[9.255668824972455,46.9144812290078],[9.250162095400984,46.91756677851941],[9.25274688683249,46.92366262023748],[9.251623064470966,46.925544052866506],[9.25409547366632,46.92832857315748],[9.25139829999866,46.93585430367361],[9.240497223091872,46.940746028509096],[9.237575284951907,46.94631506909103],[9.238024813896518,46.95587274684652],[9.245779188191037,46.95775417947555],[9.24724015726102,46.96001189863039],[9.243981072412598,46.967236599925876],[9.247914450677934,46.9767190203762],[9.24499251253797,46.983416920535554],[9.247914450677934,46.98853441728652],[9.246565863844104,46.993275627511686],[9.250948771054052,46.996586948938784],[9.249263037511763,47.00177970299492],[9.243981072412598,47.00870337506976],[9.242520103342615,47.01878785396137],[9.237575284951907,47.025184724900086],[9.231394261963521,47.027141414834276],[9.2212798607098,47.03444137343492],[9.215997895610634,47.034290858824605],[9.209816872622248,47.03707537911557],[9.202736791744643,47.03639806336912],[9.18172131358413,47.027367186749764],[9.17621458401266,47.03007644973557],[9.169471649843512,47.02796924519105],[9.15755913281135,47.03150633853363],[9.13935321055465,47.040537215152995],[9.155199105852148,47.048740261415574],[9.169696414315817,47.05107323787558],[9.185092780668706,47.061232974072354],[9.187228043155603,47.064845324720096],[9.192959537199378,47.074177230560096],[9.190037599059414,47.08629365669107],[9.191948097074006,47.09186269727301],[9.18756518986406,47.09901214126333],[9.191161421420938,47.11142959661495],[9.190037599059414,47.117374923722686],[9.189026158934041,47.122718192389144],[9.182732753709503,47.12602951381624],[9.12058537711719,47.13363050163753],[9.109347153501943,47.13265215667043],[9.100468956845898,47.13400678816334],[9.087432617452212,47.13250164206011],[9.072935308988543,47.13122226787237],[9.068327637306291,47.13167381170334],[9.051582684119573,47.143037664782696],[9.009326963326247,47.17344161606786],[9.005955496241672,47.17457047564528],[8.99853826865561,47.177505510546574],[8.995728712751799,47.180666317363354],[8.982242844413502,47.1846549545369],[8.975499910244354,47.18322506573884],[8.971566531979018,47.18029003083755],[8.963587393212192,47.18171991963561],[8.96302548203143,47.18518175567303],[8.960103543891467,47.19910435712787],[8.965835037935243,47.200985789756906],[8.969993180672883,47.212500157446584],[8.975387528008202,47.21423107546529],[8.97212844315978,47.21799394072336],[8.967071242532919,47.21882177108014],[8.956956841279197,47.217692911502716],[8.942571915051682,47.21949908682659],[8.841652666986766,47.209414607934974],[8.823334362493913,47.21287644397239],[8.810185640864075,47.221230004845296],[8.809736111919465,47.221455776760784],[8.796924536998084,47.24042061766143],[8.803892235639537,47.24802160548273],[8.810298023100227,47.249300979670465],[8.827829651940013,47.252838073013045],[8.8295153854823,47.25185972804595],[8.835808790706837,47.25065561116337],[8.838955493319107,47.24839789200853],[8.843338400529053,47.24824737739821],[8.852890890602012,47.25246178648724],[8.856599504395044,47.24568862902272],[8.86188146949421,47.244635026750466],[8.871321577331017,47.24666697398982],[8.874805426651744,47.24899995044982],[8.87469304441559,47.253289616844015],[8.886380796975448,47.25411744720079],[8.90930677315055,47.25803082706918],[8.911666800109753,47.255998879829825],[8.936952803244058,47.26186894963241],[8.941560474926309,47.26856684979176],[8.945381470955493,47.270674054336276],[8.942234768343223,47.273383317322086],[8.948415791331609,47.27639360952854],[8.949651995929287,47.28226367933112],[8.947291968970084,47.28331728160338],[8.942684297287833,47.28121007705886],[8.942234768343223,47.284897685011764],[8.934929922993312,47.289638895236926],[8.949876760401592,47.29347701780016],[8.958305428113027,47.30581921584661],[8.976286585897421,47.30845322152726],[8.986288604914991,47.32072016226855],[8.978646612856624,47.32832115008984],[8.980444728635062,47.33900768742275],[8.974713234591286,47.34134066388275],[8.975387528008202,47.34871587978856],[8.973027501049,47.353758119234364],[8.968756976075206,47.355564294558235],[8.961452130725295,47.35518800803243],[8.952349169596946,47.373174503965984],[8.949539613693133,47.37595902425695],[8.94481955977473,47.37716314113953],[8.946055764372407,47.37957137490469],[8.95572063668152,47.38265692441631],[8.95886733929379,47.387699163862116],[8.966734095824462,47.38649504697953],[8.969094122783662,47.39228985947695],[8.972690354340543,47.3925908886976],[8.976848497078183,47.4005681630447],[8.973589412229762,47.40576091710083],[8.977747554967404,47.411706244208574],[8.983141902302721,47.41358767683761],[8.98988483647187,47.41268458917567],[8.99348106802875,47.424424728780835],[8.991008658833394,47.42653193332535],[8.991121041069547,47.43059582780406],[8.98853624963804,47.430671085109225],[9.001010677850964,47.433530862705354],[9.000448766670202,47.436465897606645],[9.004606909407844,47.43548755263955],[9.011237461340839,47.43654115491181],[9.013372723827736,47.43496075150342],[9.02000327576073,47.43819681562535],[9.023262360609152,47.44286276854535],[9.028993854652928,47.438272072930516],[9.039333020378955,47.44286276854535],[9.043828309825054,47.44165865166278],[9.046975012437322,47.44421740003826],[9.053493182134165,47.445120487700194],[9.059674205122551,47.44459368656407],[9.058887529469484,47.44707717763439],[9.064057112332499,47.44767923607568],[9.055740826857216,47.44993695523052],[9.051245537411116,47.45422662162471],[9.044839749950427,47.45512970928665],[9.028431943472166,47.459193603765364],[9.027645267819098,47.4614513229202],[9.028993854652928,47.46220389597181],[9.031466263848284,47.46325749824407],[9.030342441486757,47.468299737689875],[9.009776492270856,47.47364300635633],[9.00988887450701,47.47718009969891],[9.009776492270856,47.48086770765182],[9.004719291643996,47.48229759644988],[9.011911754757753,47.486813034759564],[9.013485106063888,47.49080167193311],[9.018654688926901,47.491478987679564],[9.02135186259456,47.48967281235569],[9.027532885582946,47.49132847306924],[9.029780530305995,47.49012435618666],[9.043378780880444,47.49719854287182],[9.051245537411116,47.491027443848594],[9.055178915676453,47.491027443848594],[9.057201795927197,47.488844981998916],[9.063832347860194,47.49381196413956],[9.065855228110937,47.492156303426015],[9.076306776073118,47.49381196413956],[9.081813505644588,47.49644596982021],[9.085971648382229,47.49343567761375],[9.087544999688363,47.48967281235569],[9.092265053606766,47.48410377177375],[9.098670841067458,47.485232631351174],[9.100019427901287,47.486813034759564],[9.114067207420346,47.485759432487306],[9.117213910032614,47.48101822226214],[9.125417813271746,47.48267388297569],[9.125417813271746,47.48493160213053],[9.130137867190149,47.48583468979246],[9.137442712540059,47.48688829206472],[9.143286588819986,47.485909947097625],[9.159020101881332,47.49035012810214],[9.16385253803589,47.4980263732286],[9.161942040021296,47.500886150824726],[9.16711162288431,47.50540158913441],[9.172618352455782,47.50457375877763],[9.170483089968885,47.49960677663699],[9.174978379414984,47.496144940599564],[9.178799375444168,47.498402659754404],[9.182170842528741,47.49847791705957],[9.184193722779485,47.492833619172465],[9.190599510240176,47.49426350797053],[9.19442050626936,47.49253258995182],[9.194308124033208,47.49035012810214],[9.198016737826238,47.49162950228988],[9.202736791744643,47.49019961349182],[9.211165459456078,47.490575900017625],[9.207681610135351,47.48786663703182],[9.210266401566859,47.48139450878795],[9.214312162068346,47.480340906515686],[9.21858268704214,47.4844048009944],[9.225550385683594,47.48560891787698],[9.233417142214266,47.48455531560472],[9.238361960604974,47.48222233914472],[9.24589157042719,47.48139450878795],[9.248363979622544,47.47733061430924],[9.252184975651728,47.47597598281633],[9.264547021628498,47.47582546820601],[9.275223334062984,47.480115134600204],[9.279718623509083,47.48071719304149],[9.28230341494059,47.484329543689235],[9.288034908984365,47.4834264560273],[9.289271113582043,47.481243994177625],[9.301408395086508,47.47906153232795],[9.322311491010868,47.49208104612085],[9.319052406162445,47.50141295196086],[9.316130468022482,47.50186449579182],[9.309949445034096,47.498854203585374],[9.30961229832564,47.502617068843435],[9.311522796340231,47.50863765325634],[9.316242850258634,47.50856239595118],[9.318265730509378,47.509992284749245],[9.304667479934931,47.51684069951892],[9.303993186518015,47.513980921922794],[9.292642580666616,47.50826136673054],[9.288034908984365,47.508863425171825],[9.284663441899792,47.507283021763435],[9.275785245243746,47.508186109425374],[9.27005375119997,47.512852062345374],[9.27690906760527,47.514432465753764],[9.28140435705137,47.51134691624215],[9.281067210342911,47.51518503880538],[9.28376438401057,47.51601286916215],[9.285899646497468,47.519625219809896],[9.283652001774419,47.52195819626989],[9.288933966873586,47.52293654123699],[9.296351194459648,47.52414065811957],[9.29781216352963,47.52572106152796],[9.302307452975729,47.525570546917635],[9.304442715462624,47.52752723685183],[9.309499916089486,47.526699406495055],[9.314332352244042,47.523613856983445],[9.313882823299434,47.528957125649896],[9.317816201564769,47.5303117571428],[9.316692379203245,47.5316663886357],[9.319839081815513,47.532945762823445],[9.329166807416168,47.52986021331183],[9.331414452139217,47.53098907288925],[9.338157386308366,47.53016124253248],[9.34062979550372,47.53287050551828],[9.340517413267566,47.52632311996925],[9.345125084949817,47.521581909744086],[9.357599513162743,47.5209798513028],[9.355689015148151,47.51684069951892],[9.351530872410509,47.51684069951892],[9.347260347436716,47.51330360617634],[9.347597494145173,47.50961599822344],[9.344113644824446,47.50780982289957],[9.340517413267566,47.50826136673054],[9.337707857363755,47.50389644303118],[9.343102204699074,47.50510055991376],[9.356475690801219,47.50231603962279],[9.358049042107352,47.50479953069311],[9.365915798638024,47.50314386997957],[9.375468288710984,47.50141295196086],[9.375018759766375,47.49644596982021],[9.369961559139513,47.49418825066537],[9.373782555168697,47.49162950228988],[9.369174883486446,47.488844981998916],[9.367713914416465,47.486813034759564],[9.374456848585613,47.4867377774544],[9.376592111072508,47.48839343816795],[9.381761693935523,47.48854395277827],[9.380975018282456,47.48688829206472],[9.390077979410805,47.48274914028085],[9.392550388606159,47.47860998849698],[9.398169500413783,47.47650278395246],[9.400641909609137,47.479437818853754],[9.403339083276796,47.48606046170795],[9.401990496442966,47.487490350506015],[9.405024816819083,47.488844981998916],[9.407497226014438,47.49516659563247],[9.411093457571317,47.49494082371698],[9.4149144536005,47.498854203585374],[9.41896021410199,47.498402659754404],[9.42266882789502,47.49780060131311],[9.426602206160357,47.50284284075892],[9.437053754122537,47.50788508020473],[9.504033566869406,47.548599282297]],[[9.323547695608545,47.247494804346594],[9.33332495015381,47.25080612577369],[9.34377649811599,47.25080612577369],[9.350744196757441,47.246215430158855],[9.365578651929567,47.24486079866595],[9.383672191950115,47.23552889282595],[9.403339083276796,47.238840214253045],[9.41626304043433,47.24779583356724],[9.427613646285728,47.24869892122918],[9.44862912444624,47.2572029967124],[9.452562502711576,47.26141740580144],[9.47413989205285,47.27255548696531],[9.482231413055828,47.282940995077574],[9.486389555793469,47.28504819962209],[9.491783903128788,47.30092749101112],[9.49054769853111,47.303185210165964],[9.497403014936411,47.307249104644676],[9.494031547851836,47.31447380594016],[9.499538277423309,47.31996758921694],[9.50414594910556,47.33863140089694],[9.504258331341711,47.34879113709372],[9.50369642016095,47.35571480916856],[9.502235451090968,47.362262194717594],[9.500212570840223,47.36309002507437],[9.502010686618663,47.3692611240976],[9.500324953076376,47.37069101289566],[9.506618358300914,47.37588376695179],[9.504483095814017,47.376561082698245],[9.504033566869406,47.38529093009696],[9.50920314973242,47.39432180671631],[9.510326972093946,47.395902210124696],[9.54381687846738,47.40139599340147],[9.54651405213504,47.39974033268793],[9.5447159363566,47.396353753955665],[9.547975021205021,47.3949238651576],[9.554605573138018,47.39545066629373],[9.556740835624915,47.39785890005889],[9.56842858818477,47.40184753723244],[9.575059140117766,47.40538463057502],[9.576070580243139,47.405911431711154],[9.5766324914239,47.4062124609318],[9.584274483482268,47.41027635541051],[9.584274483482268,47.41102892846212],[9.592366004485246,47.41268458917567],[9.599670849835157,47.414189735278896],[9.604728050462018,47.41524333755115],[9.60484043269817,47.415318594856316],[9.606076637295846,47.4155443667718],[9.605964255059694,47.41561962407696],[9.59989561430746,47.41840414436793],[9.597760351820565,47.41945774664019],[9.595962236042125,47.42028557699696],[9.591916475540636,47.42209175232083],[9.591579328832179,47.42231752423632],[9.591129799887568,47.42246803884664],[9.590567888706806,47.42276906806729],[9.589893595289892,47.42577936027374],[9.589668830817587,47.426832962545994],[9.60259278797512,47.431122628940194],[9.603379463628187,47.431348400855676],[9.608324282018897,47.43300406156922],[9.619337741161837,47.438497844846],[9.627429262164815,47.440454534780194],[9.631137875957847,47.44135762244213],[9.632374080555524,47.44361534159697],[9.630575964777085,47.445797803446645],[9.613269100409605,47.45061427097697],[9.598322263001327,47.45791422957762],[9.597198440639803,47.46002143412213],[9.590230741998349,47.459193603765364],[9.590455506470654,47.46062349256343],[9.581240163106152,47.46401007129568],[9.563146623085604,47.464311100516326],[9.55887609811181,47.46619253314536],[9.554156044193407,47.46551521739891],[9.547975021205021,47.46438635782149],[9.54831216791348,47.468525509605364],[9.544378789648142,47.470331684929235],[9.53381485944981,47.469202825351815],[9.530892921309846,47.46626779045052],[9.527071925280662,47.462805954413106],[9.527521454225273,47.46130080830988],[9.532241508143676,47.455581253117614],[9.527296689752967,47.454753422760845],[9.525386191738376,47.452947247436974],[9.520553755583819,47.45324827665762],[9.515384172720806,47.45084004289245],[9.509765060913182,47.45068952828213],[9.504595478050168,47.446700891108584],[9.495829663630277,47.44369059890213],[9.469195073662142,47.43940093250794],[9.465149313160653,47.43676692682729],[9.45413585401771,47.434057663841486],[9.453349178364643,47.43255251773826],[9.445257657361665,47.435562809944706],[9.436042313997165,47.43586383916536],[9.433682287037962,47.43082159971954],[9.436154696233316,47.42231752423632],[9.431434642314914,47.41915671741954],[9.434131815982571,47.41501756563567],[9.429861291008779,47.41403922066858],[9.429186997591863,47.411932016124055],[9.427051735104968,47.40847018008664],[9.414352542419739,47.406814519373086],[9.40996963520979,47.403879484471794],[9.39895617606685,47.40199805184277],[9.393561828731531,47.40252485297889],[9.389178921521586,47.406588747457604],[9.379626431448626,47.40869595200212],[9.372883497279478,47.408996981222764],[9.359847157885792,47.403503197945994],[9.355689015148151,47.40478257213373],[9.34107932444833,47.40086919226535],[9.334111625806877,47.40094444957051],[9.330515394249998,47.40275062489438],[9.32658201598466,47.40177227992728],[9.319501935107056,47.39868673041567],[9.304442715462624,47.39673004048147],[9.295452136570429,47.3982351865847],[9.280842445870608,47.399665075382764],[9.27320045381224,47.40229908106341],[9.269491840019208,47.40071867765502],[9.266232755170787,47.40252485297889],[9.259377438765487,47.40004136190857],[9.257242176278588,47.402148566453086],[9.253308798013252,47.40207330914792],[9.237687667188059,47.39755787083825],[9.233866671158875,47.39928878885696],[9.233304759978115,47.38935482457566],[9.224201798849764,47.388978538049855],[9.220043656112122,47.385892988538245],[9.223190358724391,47.37949611759953],[9.221055096237494,47.37746417036018],[9.222066536362867,47.374529135458886],[9.214312162068346,47.369637410623405],[9.214199779832194,47.366476603806625],[9.211165459456078,47.364519913872435],[9.200152000313135,47.36286425315888],[9.192510008254768,47.36391785543114],[9.197230062173173,47.35481172150662],[9.206108258829216,47.35887561598533],[9.208468285788419,47.357370469882106],[9.19992723584083,47.34916742361953],[9.206894934482284,47.34359838303759],[9.207793992371503,47.34058809083113],[9.22307797648824,47.34457672800468],[9.225999914628204,47.34382415495307],[9.234653346811942,47.33336338953565],[9.211053077219924,47.32230056567694],[9.214199779832194,47.32109644879436],[9.21903221598675,47.30920579457887],[9.218020775861378,47.30092749101112],[9.22543800344744,47.29415433354661],[9.218245540333683,47.2858007726737],[9.209479725913791,47.28151110627951],[9.207456845663046,47.27774824102144],[9.218245540333683,47.27232971504983],[9.234653346811942,47.266911189078215],[9.242520103342615,47.26608335872144],[9.248925890803307,47.26743799021434],[9.258478380876266,47.264653469923374],[9.26825563542153,47.26992148128466],[9.275223334062984,47.27150188469305],[9.276684303132965,47.26698644638337],[9.285450117552859,47.26698644638337],[9.298711221418849,47.25870814281563],[9.306016066768759,47.260890604665306],[9.309837062797943,47.260213288918855],[9.309724680561791,47.256224651745306],[9.323547695608545,47.247494804346594]],[[9.477623741373577,47.49072641462795],[9.467621722356007,47.497499572092465],[9.453012031656186,47.50043460699376],[9.450652004696984,47.5026923261486],[9.450764386933137,47.49358619222408],[9.454810147434626,47.4914037303744],[9.46638551775833,47.48959755505053],[9.46548645986911,47.48568417518214],[9.477623741373577,47.49072641462795]]]},"properties":{"id":17,"code":"SG","name":"St. Gallen"}},{"type":"Feature","geometry":{"type":"Polygon","coordinates":[[[9.608324282018897,47.062136061734286],[9.61855106550877,47.0549113604388],[9.633947431861658,47.0525783839788],[9.637768427890842,47.05302992780977],[9.642600864045399,47.055212389659445],[9.646421860074582,47.06108245946203],[9.659570581704422,47.05950205605364],[9.66822401388816,47.061232974072354],[9.670584040847363,47.0605556583259],[9.683170851296438,47.06341543592203],[9.683395615768745,47.06025462910525],[9.689464256520978,47.05656702115235],[9.698904364357784,47.05370724355622],[9.702950124859274,47.0535567289459],[9.706995885360762,47.051675296316866],[9.708344472194591,47.04934231985686],[9.718121726739856,47.04618151304009],[9.719582695809839,47.04467636693686],[9.726325629978987,47.04535368268331],[9.733405710856593,47.044751624242025],[9.739474351608825,47.043171220833635],[9.742621054221095,47.04392379388525],[9.74655443248643,47.04241864778202],[9.749363988390243,47.03820423869299],[9.758242185046287,47.039182583660086],[9.764423208034673,47.03865578252396],[9.768581350772314,47.040085671322025],[9.783752952652897,47.03978464210138],[9.784652010542118,47.03978464210138],[9.790945415766656,47.036097034148476],[9.793193060489704,47.03301148463686],[9.802745550562664,47.03037747895621],[9.809038955787202,47.02525998220524],[9.813646627469453,47.02307752035557],[9.816793330081723,47.02383009340718],[9.825446762265463,47.020895058505886],[9.832077314198457,47.0156270471446],[9.837471661533776,47.01382087182073],[9.842304097688332,47.016454877501374],[9.854104232484342,47.01773425168911],[9.861970989015013,47.024657923763954],[9.868489158711856,47.0226259765246],[9.877592119840207,47.02255071921944],[9.881637880341696,47.0193146550975],[9.872534919213347,47.01434767295685],[9.872085390268737,47.0109610942246],[9.874333034991785,47.00780028740782],[9.890066548053131,47.0020054749104],[9.893662779610011,46.9916952241033],[9.884335054009355,46.984545780112974],[9.88590840531549,46.982137546347815],[9.877030208659445,46.97498810235749],[9.876917826423293,46.968817003334266],[9.872647301449499,46.96437682232975],[9.880064529035561,46.95835623791684],[9.876243533006377,46.951658337757486],[9.877929266548666,46.942025402696835],[9.881188351397086,46.940444999288445],[9.877479737604055,46.93592956097877],[9.881300733633239,46.93638110480974],[9.885796023079337,46.93434915757038],[9.895798042096906,46.93291926877232],[9.90141715390453,46.92862960237812],[9.909283910435203,46.926221368612964],[9.913666817645149,46.92735022819038],[9.917937342618943,46.92298530449102],[9.92411836560733,46.919523468453605],[9.929737477414951,46.9181688369607],[9.938952820779454,46.91455648631296],[9.947493870727042,46.91365339865102],[9.955810156202325,46.91658843355231],[9.960417827884577,46.91734100660393],[9.964463588386064,46.913728655956184],[9.973004638333652,46.91478225822844],[9.974465607403634,46.91651317624715],[9.979185661322038,46.9171904919936],[9.982107599462001,46.91470700092328],[9.98379333300429,46.907482299627794],[9.987389564561168,46.90672972657618],[9.991435325062657,46.90371943436973],[9.997166819106432,46.90356891975941],[10.00211163749714,46.901235943299405],[10.007281220360154,46.900107083721984],[10.01110221638934,46.9018380017407],[10.016271799252351,46.90146171521489],[10.027847169576056,46.89709679151554],[10.029982432062953,46.893258668952306],[10.036051072815185,46.88784014298069],[10.038748246482845,46.888065914896174],[10.04256924251203,46.885206137300045],[10.043805447109706,46.88174430126263],[10.046727385249671,46.88129275743166],[10.053919848363428,46.87707834834263],[10.052796026001904,46.87489588649295],[10.052234114821141,46.86571449526327],[10.05627987532263,46.86300523227746],[10.060887547004882,46.86210214461553],[10.07628391335777,46.86323100419295],[10.082464936346156,46.86165060078456],[10.087184990264557,46.86180111539488],[10.093028866544486,46.86007019737617],[10.0937031599614,46.85299601069101],[10.098198449407501,46.849985718484554],[10.103368032270513,46.846222853226486],[10.106739499355088,46.84223421605294],[10.112133846690405,46.84291153179939],[10.12045013216569,46.84547028017487],[10.121349190054907,46.84863108699165],[10.124495892667177,46.84975994656907],[10.132924560378612,46.84863108699165],[10.140791316909286,46.84863108699165],[10.148658073439957,46.852694981470364],[10.155962918789868,46.8516413791981],[10.15877247469368,46.84915788812778],[10.164054439792846,46.852243437639395],[10.170460227253535,46.85194240841875],[10.173157400921195,46.8549527006252],[10.182372744285697,46.856232074812944],[10.195071936970926,46.86774644250262],[10.200353902070093,46.86789695711295],[10.20518633822465,46.86594026717875],[10.220582704577538,46.8685742728594],[10.234068572915833,46.8675959278923],[10.232270457137393,46.870756734709076],[10.234180955151984,46.872939196558754],[10.233843808443527,46.87737937756327],[10.235979070930425,46.881819558567784],[10.235641924221968,46.887012312623916],[10.229011372288973,46.8915277509336],[10.227325638746684,46.897924621872306],[10.231820928192784,46.89958028258586],[10.23575430645812,46.90537509508328],[10.238451480125779,46.91696472007812],[10.243621062988794,46.920652328031025],[10.242047711682659,46.92524302364586],[10.24305915180803,46.93291926877232],[10.258905047105529,46.93103783614328],[10.259129811577832,46.93103783614328],[10.268232772706183,46.93013474848135],[10.29497974491047,46.92313581910135],[10.29823882975889,46.92125438647231],[10.302172208024228,46.92592033939231],[10.31093802244412,46.927124456274896],[10.317456192140963,46.92652239783361],[10.318580014502487,46.932241953025866],[10.311612315861035,46.936907905945866],[10.307566555359546,46.94142334425555],[10.3100389645549,46.944734665682645],[10.309139906665681,46.94857278824587],[10.310713257971816,46.95150782314716],[10.315208547417914,46.952486168114255],[10.325997242088551,46.95346451308136],[10.329256326936973,46.95527068840523],[10.331054442715413,46.96023767054587],[10.330492531534649,46.963097448142],[10.332627794021548,46.96821494489297],[10.33453829203614,46.96926854716523],[10.338134523593016,46.97596644732459],[10.342067901858353,46.97965405527749],[10.34139360844144,46.982589090178784],[10.34600128012369,46.98401897897685],[10.347911778138283,46.99086739374653],[10.35645282808587,46.99365191403749],[10.373422545744893,46.99199625332395],[10.379828333205584,46.99613540510782],[10.38612173843012,47.001252901858784],[10.390729410112371,47.00185496030008],[10.40016951794918,46.998167352347174],[10.403540985033754,46.992146767934265],[10.408148656716005,46.98988904877943],[10.41208203498134,46.98537361046975],[10.425005992138875,46.97957879797233],[10.428602223695753,46.97626747654523],[10.42759078357038,46.97017163482717],[10.42433169872196,46.966785056094906],[10.423769787541197,46.96121601551297],[10.430063192765736,46.957453150254906],[10.435232775628748,46.95767892217039],[10.439952829547153,46.955797489541354],[10.450516759745485,46.953615027691676],[10.456922547206176,46.95414182882781],[10.458383516276157,46.95218513889361],[10.465351214917611,46.949400618602645],[10.470296033308319,46.94842227363555],[10.474566558282113,46.94420786454651],[10.480185670089735,46.94142334425555],[10.489513395690391,46.94006871276264],[10.486703839786578,46.932768754162],[10.489738160162695,46.927576000105866],[10.486703839786578,46.91989975497941],[10.4876028976758,46.91673894816264],[10.484793341771987,46.91380391326135],[10.479960905617432,46.91184722332715],[10.479174229964364,46.904773036641984],[10.476589438532857,46.90244006018199],[10.476477056296705,46.89559164541231],[10.470633180016776,46.89062466327166],[10.466137890570678,46.88558242382585],[10.470633180016776,46.88242161700908],[10.472656060267521,46.87421857074649],[10.4717570023783,46.86797221441811],[10.469396975419098,46.863381518803266],[10.473217971448282,46.85006097578972],[10.470296033308319,46.849082630822615],[10.465351214917611,46.842685759883906],[10.467936006349117,46.84072906994971],[10.467936006349117,46.83719197660713],[10.4580463695677,46.831547678720035],[10.46175498336073,46.82582812352777],[10.457372076150785,46.82334463245745],[10.459170191929225,46.81777559187551],[10.452202493287771,46.80550865113422],[10.44894340843935,46.80242310162261],[10.440402358491763,46.79888600828002],[10.430962250654956,46.79805817792325],[10.428040312514991,46.79068296201744],[10.424219316485807,46.78955410244002],[10.430400339474193,46.78654381023357],[10.435232775628748,46.78315723150131],[10.436468980226426,46.77886756510711],[10.44073950520022,46.77653458864712],[10.443099532159422,46.77322326722002],[10.443099532159422,46.76833154238453],[10.445234794646318,46.76449341982131],[10.445234794646318,46.75854809271356],[10.443099532159422,46.75335533865743],[10.436918509171036,46.75388213979356],[10.424444080958112,46.74650692388775],[10.414329679704391,46.74206674288323],[10.412419181689799,46.73943273720259],[10.401630487019162,46.73408946853613],[10.409047714605224,46.73062763249872],[10.411070594855968,46.72686476724065],[10.415903031010526,46.72197304240517],[10.420173555984318,46.720317381691615],[10.41938688033125,46.71572668607678],[10.416802088899743,46.71346896692194],[10.415565884302067,46.7088782713071],[10.411407741564426,46.70669580945742],[10.404777189631432,46.70677106676258],[10.399607606768416,46.69947110816193],[10.394775170613862,46.690440231542574],[10.38881891209778,46.68840828430322],[10.384997916068595,46.68855879891354],[10.383199800290157,46.68554850670709],[10.386683649610884,46.68329078755225],[10.392752290363116,46.673958881712245],[10.39286467259927,46.673131051355476],[10.39241514365466,46.66914241418193],[10.394213259433098,46.66267028593805],[10.39241514365466,46.66011153756257],[10.395449464030776,46.65589712847353],[10.401630487019162,46.647242538379984],[10.403653367269905,46.6380611471503],[10.410508683675207,46.636330229131595],[10.421634525054301,46.63956629325353],[10.44489764793786,46.64061989552579],[10.447482439369367,46.64250132815482],[10.46400262808378,46.634298281892235],[10.485692399661207,46.61864476241868],[10.493446773955727,46.61661281517933],[10.492547716066507,46.61232314878514],[10.485917164133511,46.60630256437223],[10.488839102273475,46.59922837768707],[10.485242870716597,46.593358307884486],[10.489288631218086,46.59072430220384],[10.485018106244292,46.58214496941545],[10.486254310841968,46.57845736146255],[10.476139909588248,46.567695566824476],[10.475465616171332,46.56385744426125],[10.479174229964364,46.558363660984476],[10.472431295795214,46.5495585562806],[10.473667500392892,46.544742088750276],[10.467036948459898,46.54248436959544],[10.460518778763054,46.5425596269006],[10.459956867582292,46.537818416675435],[10.454225373538517,46.53194834687286],[10.43804233153256,46.53864624703221],[10.419499262567403,46.552568848487056],[10.398708548879197,46.545193632581245],[10.385672209485511,46.55128947429931],[10.380615008858651,46.551214216994154],[10.371849194438758,46.5552028541677],[10.353418507709753,46.55693377218641],[10.351620391931313,46.55068741585802],[10.339820257135305,46.54391425839351],[10.326222006560856,46.55294513501286],[10.312061844805644,46.547902895567056],[10.308802759957224,46.55068741585802],[10.296777860688909,46.55113895968899],[10.295092127146622,46.553020392318025],[10.298014065286587,46.556331713745124],[10.296553096216606,46.559944064392866],[10.289922544283609,46.56581413419545],[10.288012046269017,46.57153368938771],[10.272503297679977,46.57522129734061],[10.270030888484623,46.57875839068319],[10.264411776676999,46.57823158954706],[10.254971668840192,46.5725120343548],[10.247329676781824,46.5758233557819],[10.244969649822622,46.579059419903835],[10.242946769571878,46.592831506748354],[10.260253633939357,46.61172109034384],[10.2462058544203,46.62346122994901],[10.24260962286342,46.628277697479334],[10.240586742612676,46.636556001047076],[10.230584723595108,46.63286839309417],[10.22530275849594,46.63023438741353],[10.221032233522147,46.62519214796772],[10.221369380230605,46.62285917150772],[10.2166493263122,46.61819321858772],[10.207771129656155,46.622031341150944],[10.19473479026247,46.62436431761095],[10.194172879081707,46.627224095207076],[10.184395624536442,46.62519214796772],[10.163604910848235,46.61698910170514],[10.153715274066819,46.6160860140432],[10.145061841883079,46.612247891479974],[10.138768436658541,46.61202211956449],[10.13786937876932,46.60901182735804],[10.129777857766342,46.6067541082032],[10.120674896637993,46.60728090933933],[10.11460625588576,46.60833451161159],[10.108088086188918,46.61187160495417],[10.10370517897897,46.61194686225933],[10.100221329658245,46.606678850898035],[10.1026937388536,46.602238669893524],[10.09954703624133,46.59945414960255],[10.098423213879805,46.59448716746191],[10.102468974381294,46.59027275837287],[10.102918503325903,46.58583257736836],[10.099659418477483,46.58319857168771],[10.096737480337518,46.578607876072866],[10.084263052124594,46.57657592883351],[10.0799925271508,46.57642541422319],[10.081003967276173,46.572587291659964],[10.086623079083797,46.568372882570934],[10.07898108702543,46.56197601163222],[10.072462917328586,46.5598688070877],[10.069091450244011,46.55159050351996],[10.064933307506369,46.55001010011157],[10.062910427255625,46.54707506521028],[10.057965608864917,46.545870948327696],[10.053357937182666,46.5462472348535],[10.048075972083499,46.54526888988641],[10.045266416179688,46.5415812819335],[10.04537879841584,46.53864624703221],[10.047064531958128,46.53684007170834],[10.054594141780342,46.53307720645027],[10.051896968112683,46.52999165693866],[10.055268435197258,46.5238958152206],[10.055043670724952,46.51953089152124],[10.052796026001904,46.51456390938059],[10.048413118791958,46.511779389089625],[10.043693064873555,46.511327845258656],[10.044030211582012,46.507564980000595],[10.046390238541214,46.503124798996076],[10.050435999042701,46.50109285175672],[10.046839767485823,46.4976310157193],[10.046502620777366,46.49161043130639],[10.049874087861939,46.489051682930906],[10.045266416179688,46.484310472705744],[10.044479740526622,46.48152595241478],[10.046502620777366,46.47821463098768],[10.05313317271036,46.47302187693155],[10.052908408238057,46.469033239758],[10.055156052961106,46.46504460258445],[10.053807466127274,46.461658023852195],[10.047963589847347,46.4587229889509],[10.043355918165096,46.4536807495051],[10.043693064873555,46.45006839885735],[10.04268162474818,46.44909005389025],[10.040658744497437,46.44811170892316],[10.043468300401248,46.443822042528964],[10.05762846215646,46.44209112451025],[10.059538960171052,46.43960763343993],[10.0594265779349,46.43328601980638],[10.061561840421795,46.429598411853476],[10.065719983159436,46.427114920783154],[10.075609619940854,46.429748926463795],[10.081453496220782,46.42719017808831],[10.080666820567714,46.42433040049218],[10.088084048153778,46.42252422516831],[10.095613657975994,46.42365308474573],[10.096063186920603,46.423126283609605],[10.101907063200532,46.42259948247347],[10.109436673022746,46.42952315454831],[10.118539634151098,46.42719017808831],[10.12056251440184,46.43035098490509],[10.128429270932514,46.43163035909283],[10.13056453341941,46.43298499058573],[10.130676915655563,46.43298499058573],[10.134385529448593,46.43035098490509],[10.144499930702317,46.42952315454831],[10.145623753063841,46.425760289290245],[10.148433308967654,46.42417988588186],[10.150793335926855,46.414020149685086],[10.158435327985224,46.417105699196696],[10.162930617431321,46.41492323734702],[10.167987818058183,46.408827395628954],[10.168100200294335,46.40830059449282],[10.164054439792846,46.40634390455863],[10.163604910848235,46.40032332014572],[10.165065879918219,46.39708725602379],[10.16517826215437,46.3918192446625],[10.163380146375932,46.38888420976121],[10.15742388785985,46.38625020408056],[10.143938019521554,46.38745432096314],[10.128766417640971,46.37887498817475],[10.129890240002496,46.37548840944249],[10.128204506460209,46.37375749142378],[10.13056453341941,46.3622431237341],[10.120674896637993,46.3585555157812],[10.114943402594218,46.3538895628612],[10.111459553273491,46.35441636399732],[10.109324290786596,46.35208338753733],[10.110785259856577,46.347567949227646],[10.107413792772004,46.343504054748934],[10.105615676993562,46.33492472196055],[10.111234788801188,46.329054652157964],[10.115168167066523,46.32228149469345],[10.11775295849803,46.31535782261861],[10.124833039375634,46.313250618074086],[10.134835058393204,46.30707951905086],[10.13966749454776,46.30580014486312],[10.138993201130845,46.30218779421538],[10.146859957661519,46.29684452554892],[10.153827656302973,46.295414636750856],[10.157985799040613,46.29044765461021],[10.156187683262173,46.28600747360569],[10.16382967532054,46.283599239840534],[10.162593470722864,46.2784064857844],[10.16472873320976,46.275621965493436],[10.16472873320976,46.27261167328698],[10.16922402265586,46.27125704179408],[10.173269783157348,46.267795205756656],[10.175517427880397,46.26230142247988],[10.1778774548396,46.25951690218891],[10.176304103533464,46.25582929423601],[10.152254304996838,46.24085309050891],[10.14730948660613,46.23174695658439],[10.13550935181012,46.22730677557987],[10.120337749929536,46.22662945983342],[10.106964263827393,46.228811921683096],[10.09640033362906,46.2297902666502],[10.084824963305357,46.22760780480052],[10.07223815285628,46.21842641357084],[10.059876106879509,46.22625317330761],[10.050548381278855,46.22843563515729],[10.045266416179688,46.23159644197407],[10.055043670724952,46.23701496794568],[10.055156052961106,46.24296029505342],[10.058190373337222,46.245067499597944],[10.05852752004568,46.24792727719407],[10.062011369366406,46.249507680602456],[10.0617866048941,46.25003448173859],[10.0617866048941,46.25010973904375],[10.059763724643357,46.25477569196375],[10.0594265779349,46.25944164488375],[10.055043670724952,46.268246749587625],[10.05212173258499,46.26839726419795],[10.04492926947123,46.271332299099235],[10.040209215552828,46.274718877831496],[10.030431961007562,46.27863225769988],[10.010540305208576,46.281868321821825],[9.997391583578736,46.28600747360569],[9.993121058604943,46.29737132668505],[9.997391583578736,46.298575443567636],[10.002224019733294,46.30474654259086],[9.997616348051043,46.30873517976441],[10.000987815135616,46.31106815622441],[10.001549726316378,46.314304220346344],[9.996267761217212,46.315282565313446],[9.987164800088863,46.321679436252154],[9.98154568828124,46.324388699237964],[9.985816213255033,46.330183511735385],[9.986940035616557,46.335526780401835],[9.99750396581489,46.343579312054096],[9.996267761217212,46.349599896467],[9.998065876995652,46.35215864484248],[9.995143938855687,46.35366379094571],[9.9866028889081,46.35298647519926],[9.985591448782728,46.35479265052313],[9.972667491625195,46.362017351818615],[9.965924557456047,46.36502764402507],[9.95738350750846,46.37466057908572],[9.960080681176118,46.37947704661604],[9.954461569368494,46.38038013427798],[9.939739496432521,46.37729458476636],[9.933333708971832,46.374961608306364],[9.931086064248781,46.372779146456686],[9.932322268846459,46.36976885425023],[9.926141245858073,46.367134848569584],[9.925466952441159,46.36999462616571],[9.921308809703516,46.37285440376185],[9.918049724855095,46.371800801489584],[9.91096964397749,46.3809069354141],[9.90860961701829,46.382111052296686],[9.887594138857777,46.37443480717023],[9.881975027050153,46.36969359694507],[9.869500598837229,46.36367301253217],[9.866466278461113,46.365855474381846],[9.85758808180507,46.364049299057974],[9.85084514763592,46.365855474381846],[9.847473680551346,46.36307095409087],[9.833313518796135,46.3618668372083],[9.829267758294646,46.35697511237281],[9.819040974804771,46.351105042570225],[9.81072468932949,46.34975041107732],[9.803644608451883,46.34546074468313],[9.794429265087382,46.344632914326354],[9.789484446696672,46.34229993786636],[9.785888215139794,46.342224680561195],[9.779931956623713,46.336655639979256],[9.770941377731516,46.337107183810225],[9.762962238964692,46.34124633559409],[9.758916478463203,46.34561125929345],[9.748689694973327,46.349148352636035],[9.744868698944144,46.35306173250442],[9.734979062162726,46.35005144029797],[9.731832359550458,46.34704114809152],[9.728011363521274,46.34546074468313],[9.724415131964395,46.34199890864571],[9.726775158923596,46.33913913104958],[9.728348510229731,46.333946376993445],[9.724639896436699,46.33251648819538],[9.724527514200547,46.33025876904055],[9.720369371462906,46.32837733641151],[9.718571255684466,46.325216529594734],[9.719582695809839,46.32288355313474],[9.727337070104358,46.32092686320054],[9.727112305632055,46.31452999226183],[9.725763718798223,46.311218670834734],[9.719470313573686,46.3066279752199],[9.715649317544502,46.29842492895731],[9.715761699780655,46.29413526256312],[9.703961564984645,46.2920280580186],[9.695420515037059,46.295188864835374],[9.689913785465588,46.29503835022505],[9.683058469060287,46.29834967165215],[9.682496557879524,46.301209449248276],[9.677776503961121,46.30429499875989],[9.671258334264278,46.30113419194312],[9.670584040847363,46.29752184129538],[9.664740164567434,46.29834967165215],[9.65676102580061,46.294511549088924],[9.652265736354511,46.29375897603731],[9.651029531756834,46.2910497130515],[9.643949450879228,46.2883404500657],[9.639678925905434,46.2877383916244],[9.636419841057013,46.287362105098595],[9.625743528622529,46.289619824253435],[9.623608266135632,46.28909302311731],[9.62349588389948,46.28909302311731],[9.620124416814905,46.28856622198118],[9.612931953701148,46.29421051986828],[9.600569907724376,46.29691978285408],[9.593939355791381,46.294737321004405],[9.591242182123722,46.29616720980247],[9.584499247954573,46.29556515136118],[9.580565869689236,46.29609195249731],[9.574384846700852,46.300306361586344],[9.570788615143972,46.30068264811215],[9.562359947432537,46.30482179989602],[9.56112374283486,46.30753106288183],[9.55561701326339,46.307230033661185],[9.550784577108832,46.30361768301344],[9.540445411382805,46.3093372382057],[9.534601535102878,46.31385267651538],[9.519879462166905,46.32807630719087],[9.519092786513838,46.33236597358506],[9.515496554956957,46.333570090467646],[9.513248910233909,46.33763398494635],[9.512012705636232,46.34342879744377],[9.509427914204725,46.34967515377216],[9.509765060913182,46.352685445978615],[9.506393593828609,46.35373904825087],[9.501785922146357,46.35742665620378],[9.501224010965595,46.36096374954636],[9.496054428102582,46.36623176090765],[9.488524818280366,46.36736062048507],[9.483242853181201,46.369166795808944],[9.480545679513542,46.37247811723604],[9.466160753286026,46.37511212291668],[9.462114992784537,46.377219327461205],[9.464025490799129,46.380304876972815],[9.463014050673756,46.384745057977334],[9.46638551775833,46.38549763102895],[9.469869367079056,46.39016358394895],[9.467621722356007,46.393249133460564],[9.468071251300618,46.39942023248379],[9.465374077632958,46.40656967647411],[9.46278928620145,46.4104830563425],[9.46278928620145,46.41341809124379],[9.458406378991505,46.416428383450246],[9.457507321102286,46.41718095650186],[9.457057792157675,46.41763250033283],[9.45548444085154,46.421997424032185],[9.457394938866132,46.430200470294764],[9.458968290172267,46.43351179172186],[9.458293996755353,46.43795197272638],[9.461890228312232,46.4437467852238],[9.46132831713147,46.45217560340187],[9.459867348061486,46.45902401817155],[9.460316877006097,46.464593058753486],[9.46548645986911,46.467904380180585],[9.466610282230635,46.47091467238703],[9.46413787303528,46.48175172433026],[9.450989151405443,46.481224923194134],[9.450314857988527,46.48558984689349],[9.462339757256842,46.486116648029615],[9.464025490799129,46.49891038990704],[9.462339757256842,46.50673714964382],[9.46548645986911,46.50914538340898],[9.459754965825335,46.50959692723995],[9.456271116504608,46.50658663503349],[9.435368020580249,46.49921141912769],[9.431996553495676,46.49469598081801],[9.426040294979595,46.48987951328768],[9.427726028521882,46.48717025030188],[9.42581553050729,46.48408470079026],[9.425703148271136,46.477913601767035],[9.41896021410199,46.4733229061522],[9.4149144536005,46.46843118131671],[9.411992515460536,46.4680548947909],[9.390977037300026,46.47430125111929],[9.38940368599389,46.48024657822704],[9.386369365617774,46.48340738504381],[9.377041640017119,46.48664344916575],[9.374681613057916,46.49048157172897],[9.372433968334867,46.490632086339296],[9.369624412431056,46.495749583090266],[9.371085381501038,46.4989856472122],[9.374569230821765,46.50101759445156],[9.374681613057916,46.50478045970962],[9.374456848585613,46.504855717014784],[9.36895011901414,46.50688766425414],[9.365466269693414,46.51034950029156],[9.363555771678822,46.51072578681737],[9.356363308565065,46.505533032761235],[9.352317548063576,46.50658663503349],[9.340292648795263,46.505081488930266],[9.338719297489128,46.507263950779944],[9.312309471993299,46.50538251815092],[9.306353213477218,46.502146454028974],[9.291968287249702,46.49830833146575],[9.284326295191335,46.49800730224511],[9.280392916925997,46.4929650627993],[9.280842445870608,46.49078260094962],[9.275560480771441,46.48491253114704],[9.278819565619862,46.480321835532195],[9.277583361022185,46.47347342076252],[9.275110951826832,46.470989929692195],[9.275560480771441,46.464593058753486],[9.278931947856016,46.462937398039934],[9.275110951826832,46.45804567320445],[9.271514720269952,46.455035380998],[9.263423199266974,46.45134777304509],[9.253983091430168,46.450745714603805],[9.248251597386393,46.448036451617995],[9.250049713164831,46.439381861524446],[9.249487801984069,46.43449013668896],[9.251061153290204,46.43223241753412],[9.262074612433146,46.426211833121215],[9.264771786100804,46.42184690942186],[9.270840426853038,46.4194386756567],[9.274436658409916,46.42056753523412],[9.277246214313728,46.41921290374121],[9.278145272202948,46.416202611534764],[9.281741503759827,46.41432117890573],[9.283314855065962,46.40634390455863],[9.28095482810676,46.39949548978895],[9.276571920896814,46.396184168361856],[9.279718623509083,46.39031409855927],[9.284775824135943,46.3875295782683],[9.284775824135943,46.38489557258766],[9.27915671232832,46.38022961966765],[9.277358596549881,46.36901628119862],[9.28005577021754,46.367812164316035],[9.28376438401057,46.35908231691732],[9.297699781293478,46.356899855067645],[9.298935985891154,46.34937412455152],[9.301183630614204,46.344858686241835],[9.294328314208903,46.33959067488055],[9.293541638555837,46.335526780401835],[9.299947426016526,46.327022704918605],[9.297025487876562,46.32371138349151],[9.296351194459648,46.31904543057151],[9.29241781619431,46.31678771141667],[9.28646155767823,46.31558359453409],[9.282865326121351,46.31046609778312],[9.284888206372095,46.30715477635602],[9.286236793205926,46.298123899736666],[9.275335716299136,46.292479601849564],[9.268929928838446,46.283373467925045],[9.260388878890858,46.2797611172773],[9.260164114418554,46.27953534536182],[9.260388878890858,46.27441784861085],[9.25825361640396,46.270654983352784],[9.258141234167809,46.270654983352784],[9.253308798013252,46.26862303611343],[9.253308798013252,46.26847252150311],[9.2531964157771,46.26794572036698],[9.254320238138625,46.263580796667625],[9.250274477637136,46.2574096976444],[9.252522122360185,46.25259323011407],[9.24960018422022,46.24875510755084],[9.250948771054052,46.24604584456504],[9.251061153290204,46.24092834781407],[9.249712566456374,46.23498302070632],[9.247689686205629,46.233252102687615],[9.23678860929884,46.23460673418052],[9.222516065307477,46.230166553176005],[9.224201798849764,46.225049056425036],[9.221392242945953,46.22196350691342],[9.220043656112122,46.21549137866955],[9.215660748902176,46.21195428532697],[9.20813113907996,46.21135222688567],[9.203860614106167,46.20969656617213],[9.199028177951611,46.200289403026964],[9.198691031243154,46.197128596210185],[9.195993857575495,46.194870877055344],[9.196668150992409,46.19065646796631],[9.199252942423916,46.188248234201154],[9.196106239811646,46.1852379419947],[9.195207181922427,46.17966890141276],[9.188801394461736,46.176207065375344],[9.184980398432552,46.1716163697605],[9.182283224764893,46.170412252877924],[9.178349846499557,46.17199265628631],[9.174079321525763,46.17214317089663],[9.170033561024274,46.1725947147276],[9.16115536436823,46.17093905401405],[9.154300047962929,46.171541112455344],[9.140364650680024,46.17989467332825],[9.13339695203857,46.18471114085857],[9.13204836520474,46.18967812299922],[9.117551056741073,46.20329969523341],[9.090242173356023,46.21360994604051],[9.089005968758347,46.214738805617934],[9.080802065519215,46.234380962265035],[9.075744864892355,46.23295107346697],[9.072710544516237,46.23641290950439],[9.077093451726185,46.23934794440568],[9.078779185268472,46.26162410673343],[9.073272455697001,46.268924065334076],[9.064843787985566,46.27426733400053],[9.06371996562404,46.277352883512144],[9.059224676177942,46.28299718139924],[9.055403680148759,46.29609195249731],[9.061472320900991,46.29842492895731],[9.071137193210104,46.30888569437473],[9.076194393836964,46.315884623754734],[9.073609602405458,46.32024954745409],[9.06686666823631,46.325291786899896],[9.065630463638632,46.32890413754764],[9.070912428737799,46.33379586238313],[9.06776572612553,46.33748347033603],[9.070462899793188,46.34478342893668],[9.07282292675239,46.344858686241835],[9.083049710242264,46.35012669760313],[9.08923073323065,46.35050298412894],[9.093276493732139,46.358028714645066],[9.095299373982884,46.373381204897974],[9.096647960816714,46.37526263752701],[9.088444057577583,46.390088326643784],[9.092602200315225,46.397011998718625],[9.097434636469782,46.400850121281856],[9.0914783779537,46.405967618032825],[9.091815524662158,46.40799956527218],[9.103053748277404,46.411762430530246],[9.104514717347387,46.41432117890573],[9.090354555592175,46.43336127711154],[9.090804084536785,46.4381024873367],[9.08821929310528,46.44487564480122],[9.093501258204444,46.45021891346767],[9.096198431872104,46.46180853846251],[9.086308795090687,46.472118789269615],[9.086758324035296,46.476558970274134],[9.07967824315769,46.47926823325994],[9.074508660294677,46.48152595241478],[9.061809467609448,46.47776308715671],[9.055178915676453,46.47813937368252],[9.046975012437322,46.482353782771554],[9.049222657160373,46.484837273841876],[9.047649305854238,46.48792282335349],[9.040232078268176,46.492814548188974],[9.0413559006297,46.49492175273349],[9.036298700002838,46.50169491019801],[9.0300052947783,46.50455468779414],[9.024610947442982,46.510424757596724],[9.024386182970677,46.520283464572856],[9.021576627066866,46.52923908388705],[9.01854230669075,46.53044320076963],[9.017868013273834,46.533378235670924],[9.022812831664542,46.53533492560511],[9.023936654026068,46.538947276252856],[9.020452804705341,46.54858021131351],[9.02584715204066,46.556557485660605],[9.02449856520683,46.559417263256734],[9.027757650055252,46.56310487120964],[9.027870032291403,46.56709350838319],[9.031241499375977,46.572587291659964],[9.036523464475144,46.57650067152835],[9.038771109198192,46.58342434360319],[9.04506451442273,46.584628460485774],[9.043715927588902,46.59019750106771],[9.034950113169009,46.59531499781868],[9.035174877641314,46.60118506762126],[9.028881472416776,46.600658266485134],[9.022250920483781,46.604270617132876],[9.017530866565377,46.60449638904836],[9.006629789658588,46.6123984060903],[8.993368685792596,46.61209737686965],[8.9843781069004,46.60961388579933],[8.974038941174372,46.603819073301906],[8.967408389241376,46.60502319018449],[8.963699775448346,46.60396958791223],[8.961114984016838,46.612247891479974],[8.964036922156803,46.61992413660643],[8.959092103766094,46.63113747507546],[8.953585374194622,46.63354570884063],[8.95167487618003,46.625417919883205],[8.942909061760139,46.619848879301266],[8.924253610558829,46.62421380300062],[8.908407715261331,46.616913844399974],[8.906609599482891,46.61322623644707],[8.90829533302518,46.60750668125481],[8.918072587570443,46.59787374619416],[8.917173529681223,46.59373459441029],[8.904811483704453,46.58538103353739],[8.895034229159187,46.58327382899287],[8.889527499587716,46.58011302217609],[8.880424538459367,46.57875839068319],[8.87783974702786,46.5758233557819],[8.864241496453412,46.57424295237351],[8.844462222890577,46.56468527461803],[8.83277447033072,46.565061561143835],[8.830639207843824,46.57266254896513],[8.802880795514165,46.565061561143835],[8.786472989035904,46.569050198317385],[8.751859260300945,46.577479016495445],[8.744891561659491,46.573490379321896],[8.739609596560326,46.573716151237385],[8.729045666361994,46.57830684685222],[8.718481736163662,46.57243677704964],[8.706456836895349,46.57499552542512],[8.705782543478433,46.57845736146255],[8.699489138253895,46.58222022672061],[8.693645261973966,46.58094085253287],[8.68656518109636,46.58161816827932],[8.68240703835872,46.57958622103997],[8.679822246927213,46.5804893087019],[8.682519420594872,46.590799559509],[8.678024131148774,46.60058300917997],[8.680721304816434,46.6067541082032],[8.678923189037993,46.61909630624965],[8.67746221996801,46.62105299618385],[8.670944050271167,46.62105299618385],[8.665212556227392,46.62300968611804],[8.659481062183616,46.627224095207076],[8.657570564169024,46.63264262117869],[8.652288599069859,46.63557765607998],[8.653187656959078,46.639265264032886],[8.658357239822092,46.64287761468063],[8.657458181932872,46.645210591140625],[8.659705826655921,46.64867242717805],[8.656671506279805,46.65183323399482],[8.662515382559732,46.65672495883031],[8.672854548285759,46.66033730947805],[8.679147953510299,46.665755835449666],[8.674765046300353,46.672453735609025],[8.675551721953418,46.693601038359354],[8.67959748245491,46.696235044039994],[8.687801385694039,46.69585875751419],[8.693645261973966,46.703158716114835],[8.701399636268487,46.70481437682839],[8.710277832924533,46.700524710434195],[8.718256971691357,46.70398654647161],[8.71926841181673,46.70744838250903],[8.728708519653537,46.708727756696774],[8.736912422892667,46.714522569194195],[8.746802059674083,46.71843594906258],[8.75028590899481,46.72265035815162],[8.745565855076407,46.73017608866775],[8.74893732216098,46.737024503437425],[8.766693715473071,46.74590486544646],[8.77028994702995,46.745679093530974],[8.770739475974558,46.74206674288323],[8.774110943059133,46.740862626000656],[8.783213904187484,46.729649287531615],[8.793890216621968,46.73265957973807],[8.801195061971878,46.733035866263876],[8.814006636893259,46.73868016415098],[8.811646609934057,46.74628115197227],[8.815018077018632,46.75034504645098],[8.8158047526717,46.75666666008453],[8.820187659881645,46.76050478264776],[8.819738130937035,46.76351507485421],[8.826481065106183,46.76720268280711],[8.832662088094569,46.76562227939873],[8.835359261762228,46.76772948394324],[8.829290621009994,46.78014693929486],[8.830189678899213,46.78481289221486],[8.82771726970386,46.78925307321938],[8.828953474301537,46.79301593847744],[8.836033555179142,46.79647777451486],[8.849069894572828,46.79482211380132],[8.848620365628218,46.799412809416154],[8.853565184018928,46.80091795551938],[8.86098241160499,46.807013797237445],[8.874917808887897,46.80979831752841],[8.878176893736317,46.81416324122777],[8.899641900841438,46.815517872720676],[8.907958186316721,46.811453978241964],[8.916049707319699,46.81243232320906],[8.915375413902783,46.80197155779164],[8.91930879216812,46.79956332402647],[8.926501255281877,46.799412809416154],[8.929423193421842,46.7977571487026],[8.941448092690157,46.800767440909055],[8.945943382136255,46.8034014465897],[8.951787258416184,46.80400350503099],[8.954596814319995,46.80626122418583],[8.958642574821484,46.805659165744544],[8.966734095824462,46.80776637028906],[9.01090031463238,46.81303438165035],[9.02090233364995,46.81845290762197],[9.031129117139825,46.834181684400676],[9.035736788822076,46.836364146250354],[9.035062495405162,46.8403527834239],[9.039108255906651,46.84674965436262],[9.047199776909629,46.8516413791981],[9.045401661131189,46.85705990516972],[9.046525483492713,46.86639181100972],[9.055853209093367,46.86977838974198],[9.058999911705637,46.872487652727784],[9.066754286000158,46.87617526068069],[9.077880127379252,46.87647628990133],[9.095973667399798,46.87211136620198],[9.095973667399798,46.868950559385205],[9.104627099583539,46.860898027732944],[9.105975686417368,46.854049612963266],[9.111931944933449,46.85186715111359],[9.135419832289315,46.86172585808972],[9.141038944096938,46.86323100419295],[9.147781878266086,46.872487652727784],[9.15800866175596,46.87527217301876],[9.154524812435234,46.88106698551618],[9.179248904388777,46.88038966976972],[9.189475687878652,46.87798143600456],[9.205433965412302,46.884528821553594],[9.214199779832194,46.893258668952306],[9.219144598222902,46.896118446548435],[9.228022794878948,46.90695549849166],[9.23588955140962,46.90958950417231],[9.241171516508786,46.90943898956199],[9.245666805954885,46.91561008858522],[9.250162095400984,46.91756677851941],[9.255668824972455,46.9144812290078],[9.258927909820876,46.90966476147747],[9.267806106476922,46.90469777933683],[9.277920507730643,46.90868641651038],[9.287922526748213,46.90657921196586],[9.294777843153513,46.908385387289734],[9.31107326739562,46.90695549849166],[9.322648637719325,46.901913259045855],[9.339843119850652,46.903267890538764],[9.344450791532903,46.89958028258586],[9.34883369874285,46.9008596567736],[9.36614056311033,46.89830090839811],[9.383222663005505,46.898827709534245],[9.401091438553747,46.893258668952306],[9.415139218072806,46.89250609590069],[9.434693727163335,46.88595871035166],[9.439301398845586,46.880991728211015],[9.450202475752375,46.87414331344134],[9.455709205323846,46.87835772253037],[9.456608263213067,46.885431909215534],[9.457956850046894,46.88784014298069],[9.46818363353677,46.887463856454886],[9.47099318944058,46.89280712512134],[9.468970309189837,46.898150393787795],[9.468745544717532,46.9008596567736],[9.474027509816699,46.9055256096936],[9.48830005380806,46.913051340209734],[9.47998376833278,46.91703997738328],[9.479197092679712,46.92185644491361],[9.48683908473808,46.93171515188973],[9.48818767157191,46.93660687672522],[9.494481076796447,46.938939853185225],[9.49965065965946,46.94608929717555],[9.506056447120152,46.954969659184584],[9.519767079930752,46.9570768637291],[9.518868022041532,46.9697200909962],[9.525049045029919,46.97385924278007],[9.542693056105856,46.975665418103944],[9.546738816607345,46.977923137258784],[9.521340431236887,47.00050032880718],[9.51145079445547,47.01148789536072],[9.508079327370895,47.01923939779234],[9.492907725490312,47.03489291726589],[9.478522799262796,47.05039592212912],[9.47728659466512,47.05310518511493],[9.47728659466512,47.053406214335574],[9.477623741373577,47.056341249236866],[9.483579999889658,47.05777113803493],[9.485715262376555,47.050997980570415],[9.486164791321166,47.050997980570415],[9.48728861368269,47.050997980570415],[9.487400995918842,47.05129900979106],[9.488524818280366,47.05348147164074],[9.49369440114338,47.058598968391706],[9.498414455061784,47.05604022001622],[9.498863984006393,47.055889705405896],[9.500212570840223,47.056341249236866],[9.500324953076376,47.05649176384719],[9.50099924649329,47.05777113803493],[9.501561157674052,47.05897525491751],[9.504370713577863,47.0582226818659],[9.505382153703236,47.057921652645256],[9.508079327370895,47.05814742456074],[9.508416474079354,47.05814742456074],[9.513136527997757,47.05852371108654],[9.515271790484654,47.05912576952783],[9.518530875333076,47.06198554712397],[9.52561095621068,47.063264921311706],[9.529881481184475,47.06401749436332],[9.531791979199067,47.064318523583964],[9.53201674367137,47.06439378088913],[9.541119704799721,47.06642572812848],[9.54516546530121,47.06552264046655],[9.545839758718124,47.06461955280461],[9.549773136983461,47.062361833649774],[9.553256986304188,47.05980308527429],[9.554493190901864,47.05829793917106],[9.554942719846474,47.05604022001622],[9.55561701326339,47.05182581092719],[9.558089422458742,47.05062169404461],[9.559550391528726,47.0502454075188],[9.560786596126402,47.04994437829816],[9.560786596126402,47.04994437829816],[9.560898978362555,47.04994437829816],[9.561011360598707,47.049869120992994],[9.565843796753263,47.052126840147835],[9.570451468435515,47.053857758166544],[9.570451468435515,47.053857758166544],[9.572137201977801,47.053857758166544],[9.573822935520088,47.053857758166544],[9.579554429563865,47.05536290426977],[9.582363985467676,47.05415878738719],[9.58247636770383,47.05415878738719],[9.58483639466303,47.054986617743964],[9.588994537400673,47.05649176384719],[9.592927915666008,47.05844845378138],[9.595063178152905,47.05874948300203],[9.595512707097516,47.05882474030719],[9.595849853805973,47.05912576952783],[9.597310822875954,47.06040514371558],[9.59888417418209,47.06063091563106],[9.601019436668986,47.060329886410415],[9.60304231691973,47.062136061734286],[9.60304231691973,47.06221131903945],[9.603267081392035,47.062361833649774],[9.604053757045103,47.06318966400654],[9.604728050462018,47.063039149396225],[9.608324282018897,47.062136061734286]]]},"properties":{"id":18,"code":"GR","name":"Graubünden"}},{"type":"Feature","geometry":{"type":"Polygon","coordinates":[[[7.714795985085978,47.54077252256022],[7.715133131794436,47.54092303717054],[7.720639861365907,47.5433312709357],[7.744127748721772,47.544986931649255],[7.753792621030884,47.54649207775248],[7.758849821657745,47.54980339917958],[7.773909041302176,47.55371677904797],[7.783798678083593,47.55454460940474],[7.789754936599674,47.55604975550796],[7.797059781949584,47.55906004771442],[7.800543631270311,47.56402702985507],[7.8103208858155755,47.56937029852152],[7.813355206191692,47.57275687725378],[7.8159399976231985,47.58216404039894],[7.819086700235468,47.58780833828604],[7.824818194279244,47.58938874169443],[7.83470783106066,47.58765782367572],[7.838641209325997,47.583970215722815],[7.847182259273584,47.58366918650217],[7.856622367110392,47.586227934877655],[7.862915772334929,47.589087712473784],[7.86977108874023,47.58991554283055],[7.885055072856966,47.59036708666152],[7.893933269513011,47.58848565403249],[7.8983161767229575,47.58600216296217],[7.898990470139871,47.58547536182604],[7.900563821446006,47.58412073033313],[7.904721964183648,47.58163723926281],[7.912363956242015,47.57110121654023],[7.912139191769711,47.56718783667184],[7.908655342448984,47.56289817027765],[7.909442018102052,47.5569528431699],[7.911352516116644,47.553641521742804],[7.917308774632724,47.549427112653774],[7.927198411414141,47.548072481160865],[7.93214322980485,47.54844876768667],[7.9415833376416565,47.54589001931119],[7.9415833376416565,47.54581476200603],[7.941920484350114,47.54573950470087],[7.945629098143145,47.5452879608699],[7.949674858644634,47.54694362158345],[7.94989962311694,47.54716939349893],[7.953495854673818,47.55597449820281],[7.956417792813783,47.55853324657829],[7.961025464496034,47.55966210615571],[7.96585790065059,47.55853324657829],[7.975298008487397,47.55680232855958],[7.984625734088052,47.55672707125442],[7.996088722175603,47.557855930831835],[8.002382127400141,47.55763015891635],[8.009012679333138,47.55604975550796],[8.014069879959997,47.553189977911835],[8.019801374003773,47.55183534641893],[8.04104161663659,47.55492089593055],[8.047110257388823,47.55672707125442],[8.061158036907882,47.565005374822164],[8.069361940147012,47.56598371978926],[8.072396260523128,47.56553217595829],[8.079701105873038,47.560565193817645],[8.084645924263747,47.55883427579894],[8.092175534085962,47.55951159154539],[8.098244174838197,47.56244662644668],[8.10251469981199,47.56778989511313],[8.103638522173515,47.57629397059636],[8.105211873479648,47.579304262802815],[8.11026907410651,47.58359392919701],[8.116899626039505,47.585324847215716],[8.126789262820923,47.584647531469265],[8.137465575255407,47.58547536182604],[8.139376073269998,47.58758256637056],[8.140275131159218,47.59277532042669],[8.148366652162196,47.59638767107443],[8.15398576396982,47.59706498682088],[8.161515373792035,47.59518355419185],[8.166572574418897,47.59571035532798],[8.170955481628843,47.59849487561895],[8.17634982896416,47.60368762967508],[8.18545279009251,47.60609586344024],[8.18545279009251,47.6061711207454],[8.185565172328662,47.6061711207454],[8.187138523634797,47.60729998032282],[8.19500528016547,47.61768548843508],[8.19995009855618,47.62084629525185],[8.208828295212223,47.62242669866024],[8.21680743397905,47.62084629525185],[8.22231416355052,47.616932915383465],[8.22512371945433,47.60820306798475],[8.230405684553498,47.60677317918669],[8.237935294375713,47.61347107934605],[8.247487784448673,47.6141483950925],[8.259063154772377,47.61663188616282],[8.262209857384645,47.61482571083895],[8.262322239620797,47.61482571083895],[8.262884150801561,47.61377210856669],[8.266255617886134,47.6108370736654],[8.280865308585955,47.61301953551508],[8.289069211825085,47.61189067593766],[8.296711203883453,47.60880512642605],[8.298734084134198,47.60684843649185],[8.298734084134198,47.60677317918669],[8.296374057174996,47.5981938463983],[8.2965988216473,47.594205209224754],[8.30199316898262,47.58810936750668],[8.309859925513292,47.58570113374152],[8.315254272848609,47.58246506961959],[8.324244851740808,47.57463830988281],[8.329414434603821,47.57268161994862],[8.338067866787561,47.57177853228668],[8.348294650277435,47.57207956150732],[8.362904340977256,47.57095070192991],[8.378862618510906,47.56884349738539],[8.382458850067785,47.567263093977004],[8.387066521750036,47.56816618163894],[8.388977019764628,47.57245584803313],[8.393247544738422,47.57636922790152],[8.39999047890757,47.5785516897512],[8.406283884132108,47.57667025712217],[8.417409725511202,47.572154818812486],[8.426737451111858,47.569219783911194],[8.419769752470405,47.56651052092539],[8.419095459053489,47.56048993651248],[8.415611609732764,47.55529718245636],[8.41864593010888,47.54709413619377],[8.412464907120494,47.54754568002474],[8.406396266368262,47.543180756325384],[8.405272444006735,47.53956840567764],[8.402125741394467,47.541449838306676],[8.40549720847904,47.53610656964022],[8.403699092700602,47.53490245275764],[8.396394247350692,47.53332204934925],[8.3944837493361,47.52707569302086],[8.393022780266117,47.52662414918989],[8.387740815166952,47.530236499837635],[8.38268361454009,47.526699406495055],[8.381447409942414,47.51781904448602],[8.37818832509399,47.51390566461763],[8.37492924024557,47.51247577581957],[8.367399630423355,47.51360463539699],[8.362342429796493,47.51142217354731],[8.35897096271192,47.503745928420855],[8.359532873892682,47.49877894628021],[8.363691016630323,47.49193053151053],[8.364252927811085,47.48229759644988],[8.374367329064807,47.482824397586015],[8.376390209315552,47.472739918694394],[8.369085363965642,47.47153580181182],[8.366950101478745,47.46822448038472],[8.370546333035623,47.466945106196974],[8.37492924024557,47.46024720603762],[8.37998644087243,47.45934411837568],[8.380660734289346,47.457161656526004],[8.386055081624665,47.45618331155891],[8.38953893094539,47.451592615944065],[8.383470290193157,47.44993695523052],[8.382121703359328,47.447603978770516],[8.385268405971598,47.43842258754084],[8.385043641499292,47.43593909647051],[8.38268361454009,47.434208178451804],[8.377738796149382,47.43503600880858],[8.37582829813479,47.433530862705354],[8.37852547180245,47.430671085109225],[8.388527490820017,47.42931645361632],[8.393247544738422,47.42239278154148],[8.382121703359328,47.411254700377604],[8.385493170443901,47.4075670924247],[8.380548352053193,47.40395474177696],[8.377289267204771,47.40606194632147],[8.37313112446713,47.40553514518535],[8.36852345278488,47.402374338368574],[8.363466252158018,47.403728969861476],[8.367399630423355,47.400342391129215],[8.380435969817041,47.401245478791154],[8.384256965846225,47.39605272473502],[8.393022780266117,47.397031069702116],[8.39774283418452,47.395224894378245],[8.395270424989167,47.39251563139244],[8.396057100642233,47.382054865975014],[8.400664772324484,47.37618479617244],[8.401563830213705,47.3719703870834],[8.408306764382854,47.37151884325243],[8.409318204508224,47.368057007215015],[8.406283884132108,47.36549825883953],[8.408531528855157,47.3569941833563],[8.407969617674395,47.35323131809824],[8.40504767953443,47.348038564042106],[8.411003938050513,47.34194272232404],[8.417522107747356,47.33848088628662],[8.417859254455813,47.33524482216468],[8.413701111718172,47.32990155349823],[8.417409725511202,47.32591291632468],[8.430558447141042,47.32854692200532],[8.433817531989462,47.327493319733065],[8.43595279447636,47.326816003986615],[8.450787249648485,47.331933500737584],[8.455282539094584,47.33614790982662],[8.45606921474765,47.33479327833371],[8.449888191759266,47.327493319733065],[8.450112956231571,47.32478405674726],[8.441684288520136,47.31913975886016],[8.44235858193705,47.31718306892597],[8.437413763546342,47.316581010484676],[8.433143238572548,47.312818145226615],[8.42954700701567,47.30250789441951],[8.430108918196431,47.30205635058854],[8.415723991968916,47.294756391987896],[8.405160061770584,47.29317598857951],[8.398304745365284,47.289413123321445],[8.393022780266117,47.2924234155279],[8.389763695417695,47.2914450705608],[8.39268563355766,47.28790797721822],[8.396057100642233,47.27955441634531],[8.403137181519838,47.27443691959434],[8.402575270339078,47.26962045206402],[8.40178859468601,47.26608335872144],[8.405609590715194,47.26156792041176],[8.403811474936754,47.25637516635563],[8.411228702522816,47.249752523501435],[8.411902995939732,47.24674223129498],[8.409318204508224,47.24388245369885],[8.406733413076719,47.237937126591106],[8.397293305239911,47.2305619106853],[8.395944718406081,47.227250589258205],[8.397518069712216,47.22138051945562],[8.401900976922162,47.216564051925296],[8.401676212449857,47.20971563715562],[8.406508648604413,47.19699715258336],[8.4013390657414,47.184880726452384],[8.403586710464449,47.178182826293025],[8.412914436065105,47.174645732950445],[8.41639828538583,47.16553959902593],[8.41549922749661,47.158615926951086],[8.415386845260457,47.158390155035605],[8.413026818301256,47.15515409091367],[8.415948756441221,47.1467252727356],[8.413363965009713,47.141908805205276],[8.406396266368262,47.138823255693666],[8.391112282251525,47.1410809748485],[8.377514031677077,47.14062943101754],[8.375940680370942,47.1443922962756],[8.363241487685713,47.14732733117689],[8.361892900851885,47.15387471672592],[8.359308109420377,47.15462728977754],[8.359308109420377,47.15808912581496],[8.34896894369435,47.16591588555173],[8.349980383819723,47.16742103165496],[8.347507974624367,47.171259154218184],[8.342113627289049,47.17524779139174],[8.339865982566,47.17983848700658],[8.340427893746762,47.18570855680916],[8.339191689149086,47.190223995118835],[8.331549697090718,47.19887858521239],[8.33121255038226,47.20377031004787],[8.328515376714602,47.21212387092078],[8.326717260936162,47.214983648516906],[8.320423855711624,47.21724136767175],[8.321997207017759,47.22288566555885],[8.319637180058557,47.224767098187876],[8.31660285968244,47.23206705678852],[8.315928566265525,47.241097933407886],[8.30749989855409,47.25238652918208],[8.302330315691076,47.25381641798015],[8.30019505320418,47.256826710186594],[8.29569976375808,47.26683593177305],[8.300869346621095,47.27210394313434],[8.29884646637035,47.273383317322086],[8.287833007227409,47.28068327592273],[8.279629103988277,47.28339253890854],[8.274009992180655,47.28196265011047],[8.27108805404069,47.28452139848596],[8.262771768565408,47.283844082739506],[8.259737448189291,47.28843477835435],[8.252207838367076,47.28753169069241],[8.24962304693557,47.282715223162086],[8.243554406183335,47.280081217481445],[8.243329641711032,47.27375960384789],[8.233889533874224,47.27534000725628],[8.229394244428125,47.27421114767886],[8.22096557671669,47.25359064606466],[8.208940677448377,47.24877417853434],[8.205681592599955,47.24403296830918],[8.205119681419191,47.22732584656336],[8.194892897929318,47.22755161847885],[8.186688994690188,47.22386401052594],[8.17724888685338,47.223261952084655],[8.17410218424111,47.22664853081691],[8.175563153311094,47.22898150727691],[8.169831659267317,47.229207279192394],[8.164662076404305,47.231239226431754],[8.160953462611273,47.23440003324853],[8.16308872509817,47.23741032545498],[8.157244848818241,47.239291758084015],[8.15713246658209,47.240796904187235],[8.170505952684232,47.24297936603691],[8.176237446728008,47.24162473454401],[8.181069882882564,47.246892745905306],[8.180620353937954,47.25178447074079],[8.1757879177834,47.25456899103176],[8.160841080375121,47.25035458194272],[8.143871362716098,47.248623663924015],[8.134993166060053,47.247946348177564],[8.130947405558564,47.24486079866595],[8.125440675987093,47.24275359412143],[8.120383475360232,47.24516182788659],[8.110156691870358,47.245914400938204],[8.107234753730394,47.250204067332405],[8.106672842549631,47.25404218989563],[8.100379437325092,47.26126689119111],[8.089365978182151,47.26427718339757],[8.079588723636887,47.26141740580144],[8.073744847356958,47.25645042366079],[8.067226677660114,47.25592362252466],[8.063518063867084,47.25803082706918],[8.057786569823307,47.25690196749176],[8.058573245476374,47.253515388759496],[8.064192357283998,47.24802160548273],[8.032725331161307,47.24365668178337],[8.030140539729802,47.24200102106982],[8.01687943586381,47.24561337171756],[8.018677551642249,47.25735351132273],[8.014968937849218,47.26344935304079],[8.00597835895702,47.27248022966015],[8.00597835895702,47.27571629378209],[7.998673513607111,47.28105956244854],[7.995189664286384,47.28166162088983],[7.986760996574949,47.27729669719047],[7.975747537432007,47.27594206569757],[7.972151305875128,47.2774472118008],[7.958215908592222,47.27812452754725],[7.951472974423074,47.27609258030789],[7.950461534297702,47.27308228810144],[7.952821561256903,47.26706170368853],[7.962486433566015,47.2558483652195],[7.934615639000204,47.23741032545498],[7.923265033148805,47.23906598616853],[7.911015369408186,47.245237085191754],[7.89573138529145,47.243957711004015],[7.868310119670248,47.2385391850324],[7.854374722387343,47.23409900402788],[7.843024116535943,47.237034038929174],[7.839765031687522,47.23605569396207],[7.827178221238445,47.248172120093045],[7.828976337016885,47.25140818421498],[7.828863954780733,47.25502053486272],[7.831336363976087,47.2605143181395],[7.8261667811130735,47.266911189078215],[7.829313483725342,47.26788953404531],[7.834370684352203,47.269319422843374],[7.842911734299791,47.27586680839241],[7.850666108594311,47.289864667152415],[7.852576606608903,47.29129455595048],[7.861904332209558,47.30717384733951],[7.874828289367091,47.31311917444726],[7.881795988008545,47.31289340253177],[7.889437980066912,47.31229134409048],[7.893034211623791,47.31718306892597],[7.899215234612177,47.321246963404676],[7.897866647778347,47.32892320853113],[7.908992489157441,47.3410396346621],[7.916971627924267,47.33795408515049],[7.919219272647316,47.33674996826791],[7.932255612041002,47.33449224911307],[7.948888182991567,47.3340407052821],[7.949450094172329,47.31876347233435],[7.964846460525218,47.32245108028726],[7.9769837420296845,47.32493457135758],[7.979905680169648,47.32764383434339],[7.988446730117236,47.33005206810855],[7.992942019563334,47.333965447976944],[8.002044980691684,47.33614790982662],[8.008113621443918,47.340437576220815],[8.0050793010678,47.34660867524404],[8.012946057598473,47.35119937085888],[8.013957497723846,47.35548903725307],[8.011709853000797,47.35819830023888],[8.020250902948383,47.36489620039824],[8.02418428121372,47.36617557458598],[8.026207161464464,47.36911060948727],[8.028567188423667,47.37249718821953],[8.032275802216699,47.38491464357115],[8.028454806187515,47.394547578631794],[8.027668130534447,47.39695581239695],[8.022161400962975,47.39695581239695],[8.020700431892994,47.39530015168341],[8.011485088528492,47.39642901126083],[8.00822600368007,47.40801863625567],[8.003056420817057,47.410652641936316],[7.99271725509103,47.41268458917567],[7.990581992604133,47.41546910946664],[7.983052382781917,47.415092822940835],[7.975185626251244,47.42051134891245],[7.964172167108303,47.42367215572922],[7.984288587379595,47.42969274014213],[7.986199085394187,47.424198956865354],[7.988334347881083,47.429993769362774],[7.982940000545765,47.44767923607568],[7.976197066376617,47.4534740485731],[7.977545653210447,47.455430738507296],[7.975747537432007,47.4604729779531],[7.96855507431825,47.463859556685364],[7.957878761883764,47.45663485538988],[7.959227348717594,47.46062349256343],[7.9505739165338545,47.464311100516326],[7.9412461909331995,47.46348327015956],[7.946977684976975,47.48688829206472],[7.9347280212363565,47.48327594141698],[7.905845786545172,47.48628623362343],[7.90573340430902,47.49358619222408],[7.900676203682159,47.49765008670279],[7.899215234612177,47.50254181153827],[7.896405678708366,47.50367067111569],[7.895169474110688,47.507132507153116],[7.885279837329271,47.50984177013892],[7.879435961049342,47.51488400958473],[7.876738787381683,47.51480875227957],[7.877750227507056,47.52406540081441],[7.874603524894787,47.52414065811957],[7.870557764393298,47.52105510860796],[7.865163417057979,47.521356137828604],[7.864489123641064,47.52496848847635],[7.858645247361136,47.53414987970603],[7.853475664498123,47.53663337077635],[7.847069877037432,47.534074622400865],[7.834370684352203,47.535203481978286],[7.8365059468391,47.53324679204409],[7.834483066588356,47.53144061672022],[7.8330220975183735,47.51616338377247],[7.829763012669952,47.515561325331184],[7.8159399976231985,47.50585313296537],[7.808410387800984,47.49855317436472],[7.803353187174123,47.49832740244924],[7.799082662200329,47.500886150824726],[7.799644573381091,47.49697277095634],[7.79503690169884,47.497499572092465],[7.788968260946607,47.494564537191174],[7.792901639211943,47.49998306316279],[7.792676874739638,47.50336964189505],[7.793351168156553,47.50510055991376],[7.790878758961199,47.506455191406666],[7.788743496474302,47.51518503880538],[7.791215905669656,47.51744275796022],[7.790878758961199,47.5203777928615],[7.772785218940651,47.5246674592557],[7.758737439421592,47.52752723685183],[7.75042115394631,47.52662414918989],[7.750084007237853,47.52639837727441],[7.738733401386454,47.52888186834473],[7.73491240535727,47.5326447336028],[7.7341257297042025,47.53414987970603],[7.726933266590445,47.53490245275764],[7.724460857395091,47.53813851687958],[7.721876065963584,47.53670862808151],[7.7170436298090275,47.53723542921764],[7.714795985085978,47.54077252256022]]]},"properties":{"id":19,"code":"AG","name":"Aargau"}},{"type":"Feature","geometry":{"type":"MultiPolygon","coordinates":[[[[9.453012031656186,47.50043460699376],[9.467621722356007,47.497499572092465],[9.477623741373577,47.49072641462795],[9.46548645986911,47.48568417518214],[9.46638551775833,47.48959755505053],[9.454810147434626,47.4914037303744],[9.450764386933137,47.49358619222408],[9.450652004696984,47.5026923261486],[9.453012031656186,47.50043460699376]]],[[[8.729045666361994,47.694297425089296],[8.734440013697313,47.69414691047897],[8.74477917942334,47.6923407351551],[8.750061144522505,47.692265477849936],[8.759051723414702,47.690685074441554],[8.76714324441768,47.68782529684542],[8.774110943059133,47.68308408662026],[8.790855896245851,47.676611958376384],[8.796137861345017,47.67683773029187],[8.799846475138049,47.677590303343486],[8.806477027071043,47.67962225058284],[8.81041040533638,47.678192361784774],[8.819176219756272,47.67902019214155],[8.838056435429888,47.672698578508],[8.842888871584442,47.66585016373832],[8.85547568203352,47.66208729848025],[8.847608925502847,47.65486259718477],[8.852890890602012,47.652604878029926],[8.859071913590398,47.65162653306283],[8.864016731981106,47.656367743287994],[8.867388199065681,47.657496602865415],[8.876041631249421,47.65621722867767],[8.883234094363178,47.65614197137251],[8.894135171269967,47.650121386959604],[8.897956167299151,47.64921829929767],[8.916948765208918,47.65335745108154],[8.932232749325655,47.65696980172928],[8.942459532815528,47.657948146696384],[8.964935980046022,47.666151192958964],[8.980219964162757,47.674655268442194],[8.996627770641018,47.680901624770584],[9.011237461340839,47.68541706308026],[9.020677569177646,47.68782529684542],[9.029331001361385,47.68759952492994],[9.03820919801743,47.68616963613187],[9.051020772938813,47.68639540804735],[9.059449440650248,47.68549232038542],[9.066079992583242,47.68368614506155],[9.073384837933153,47.680450080939615],[9.087207852979907,47.68075111016026],[9.09608604963595,47.68029956632929],[9.1051890107643,47.67751504603832],[9.114291971892651,47.67202126276155],[9.12294540407639,47.668634684029286],[9.134633156636248,47.66720479523122],[9.139577975026956,47.66562439182283],[9.14384850000075,47.6660759356538],[9.150928580878356,47.66901097055509],[9.158682955172875,47.667505824451865],[9.158795337409028,47.66743056714671],[9.161380128840534,47.66366770188864],[9.164639213688956,47.66156049734413],[9.173292645872696,47.6567440298138],[9.174191703761917,47.65689454442412],[9.179473668861082,47.65606671406735],[9.18306990041796,47.65719557364477],[9.188351865517127,47.658851234358316],[9.204310143050776,47.6567440298138],[9.216110277846786,47.65651825789831],[9.257804087459352,47.66013060854606],[9.276234774188357,47.65501311179509],[9.446381479723192,47.596237156464106],[9.454248236253864,47.591571203544106],[9.504033566869406,47.548599282297],[9.437053754122537,47.50788508020473],[9.426602206160357,47.50284284075892],[9.42266882789502,47.49780060131311],[9.41896021410199,47.498402659754404],[9.4149144536005,47.498854203585374],[9.411093457571317,47.49494082371698],[9.407497226014438,47.49516659563247],[9.405024816819083,47.488844981998916],[9.401990496442966,47.487490350506015],[9.403339083276796,47.48606046170795],[9.400641909609137,47.479437818853754],[9.398169500413783,47.47650278395246],[9.392550388606159,47.47860998849698],[9.390077979410805,47.48274914028085],[9.380975018282456,47.48688829206472],[9.381761693935523,47.48854395277827],[9.376592111072508,47.48839343816795],[9.374456848585613,47.4867377774544],[9.367713914416465,47.486813034759564],[9.369174883486446,47.488844981998916],[9.373782555168697,47.49162950228988],[9.369961559139513,47.49418825066537],[9.375018759766375,47.49644596982021],[9.375468288710984,47.50141295196086],[9.365915798638024,47.50314386997957],[9.358049042107352,47.50479953069311],[9.356475690801219,47.50231603962279],[9.343102204699074,47.50510055991376],[9.337707857363755,47.50389644303118],[9.340517413267566,47.50826136673054],[9.344113644824446,47.50780982289957],[9.347597494145173,47.50961599822344],[9.347260347436716,47.51330360617634],[9.351530872410509,47.51684069951892],[9.355689015148151,47.51684069951892],[9.357599513162743,47.5209798513028],[9.345125084949817,47.521581909744086],[9.340517413267566,47.52632311996925],[9.34062979550372,47.53287050551828],[9.338157386308366,47.53016124253248],[9.331414452139217,47.53098907288925],[9.329166807416168,47.52986021331183],[9.319839081815513,47.532945762823445],[9.316692379203245,47.5316663886357],[9.317816201564769,47.5303117571428],[9.313882823299434,47.528957125649896],[9.314332352244042,47.523613856983445],[9.309499916089486,47.526699406495055],[9.304442715462624,47.52752723685183],[9.302307452975729,47.525570546917635],[9.29781216352963,47.52572106152796],[9.296351194459648,47.52414065811957],[9.288933966873586,47.52293654123699],[9.283652001774419,47.52195819626989],[9.285899646497468,47.519625219809896],[9.28376438401057,47.51601286916215],[9.281067210342911,47.51518503880538],[9.28140435705137,47.51134691624215],[9.27690906760527,47.514432465753764],[9.27005375119997,47.512852062345374],[9.275785245243746,47.508186109425374],[9.284663441899792,47.507283021763435],[9.288034908984365,47.508863425171825],[9.292642580666616,47.50826136673054],[9.303993186518015,47.513980921922794],[9.304667479934931,47.51684069951892],[9.318265730509378,47.509992284749245],[9.316242850258634,47.50856239595118],[9.311522796340231,47.50863765325634],[9.30961229832564,47.502617068843435],[9.309949445034096,47.498854203585374],[9.316130468022482,47.50186449579182],[9.319052406162445,47.50141295196086],[9.322311491010868,47.49208104612085],[9.301408395086508,47.47906153232795],[9.289271113582043,47.481243994177625],[9.288034908984365,47.4834264560273],[9.28230341494059,47.484329543689235],[9.279718623509083,47.48071719304149],[9.275223334062984,47.480115134600204],[9.264547021628498,47.47582546820601],[9.252184975651728,47.47597598281633],[9.248363979622544,47.47733061430924],[9.24589157042719,47.48139450878795],[9.238361960604974,47.48222233914472],[9.233417142214266,47.48455531560472],[9.225550385683594,47.48560891787698],[9.21858268704214,47.4844048009944],[9.214312162068346,47.480340906515686],[9.210266401566859,47.48139450878795],[9.207681610135351,47.48786663703182],[9.211165459456078,47.490575900017625],[9.202736791744643,47.49019961349182],[9.198016737826238,47.49162950228988],[9.194308124033208,47.49035012810214],[9.19442050626936,47.49253258995182],[9.190599510240176,47.49426350797053],[9.184193722779485,47.492833619172465],[9.182170842528741,47.49847791705957],[9.178799375444168,47.498402659754404],[9.174978379414984,47.496144940599564],[9.170483089968885,47.49960677663699],[9.172618352455782,47.50457375877763],[9.16711162288431,47.50540158913441],[9.161942040021296,47.500886150824726],[9.16385253803589,47.4980263732286],[9.159020101881332,47.49035012810214],[9.143286588819986,47.485909947097625],[9.137442712540059,47.48688829206472],[9.130137867190149,47.48583468979246],[9.125417813271746,47.48493160213053],[9.125417813271746,47.48267388297569],[9.117213910032614,47.48101822226214],[9.114067207420346,47.485759432487306],[9.100019427901287,47.486813034759564],[9.098670841067458,47.485232631351174],[9.092265053606766,47.48410377177375],[9.087544999688363,47.48967281235569],[9.085971648382229,47.49343567761375],[9.081813505644588,47.49644596982021],[9.076306776073118,47.49381196413956],[9.065855228110937,47.492156303426015],[9.063832347860194,47.49381196413956],[9.057201795927197,47.488844981998916],[9.055178915676453,47.491027443848594],[9.051245537411116,47.491027443848594],[9.043378780880444,47.49719854287182],[9.029780530305995,47.49012435618666],[9.027532885582946,47.49132847306924],[9.02135186259456,47.48967281235569],[9.018654688926901,47.491478987679564],[9.013485106063888,47.49080167193311],[9.011911754757753,47.486813034759564],[9.004719291643996,47.48229759644988],[9.009776492270856,47.48086770765182],[9.00988887450701,47.47718009969891],[9.009776492270856,47.47364300635633],[9.030342441486757,47.468299737689875],[9.031466263848284,47.46325749824407],[9.028993854652928,47.46220389597181],[9.027645267819098,47.4614513229202],[9.028431943472166,47.459193603765364],[9.044839749950427,47.45512970928665],[9.051245537411116,47.45422662162471],[9.055740826857216,47.44993695523052],[9.064057112332499,47.44767923607568],[9.058887529469484,47.44707717763439],[9.059674205122551,47.44459368656407],[9.053493182134165,47.445120487700194],[9.046975012437322,47.44421740003826],[9.043828309825054,47.44165865166278],[9.039333020378955,47.44286276854535],[9.028993854652928,47.438272072930516],[9.023262360609152,47.44286276854535],[9.02000327576073,47.43819681562535],[9.013372723827736,47.43496075150342],[9.011237461340839,47.43654115491181],[9.004606909407844,47.43548755263955],[9.000448766670202,47.436465897606645],[9.001010677850964,47.433530862705354],[8.98853624963804,47.430671085109225],[8.991121041069547,47.43059582780406],[8.991008658833394,47.42653193332535],[8.99348106802875,47.424424728780835],[8.98988483647187,47.41268458917567],[8.983141902302721,47.41358767683761],[8.977747554967404,47.411706244208574],[8.973589412229762,47.40576091710083],[8.976848497078183,47.4005681630447],[8.972690354340543,47.3925908886976],[8.969094122783662,47.39228985947695],[8.966734095824462,47.38649504697953],[8.95886733929379,47.387699163862116],[8.95572063668152,47.38265692441631],[8.946055764372407,47.37957137490469],[8.94481955977473,47.37716314113953],[8.941448092690157,47.38107652100792],[8.94481955977473,47.385441444707276],[8.942796679523987,47.38852699421889],[8.932794660506417,47.39289191791825],[8.921893583599626,47.40071867765502],[8.914588738249718,47.402600110284055],[8.908182950789026,47.40229908106341],[8.904811483704453,47.40380422716664],[8.913914444832802,47.414189735278896],[8.914139209305107,47.42961748283697],[8.909868684331313,47.43074634241439],[8.91110488892899,47.43443395036729],[8.919870703348883,47.43428343575697],[8.93200798485335,47.43315457617955],[8.933918482867941,47.43684218413245],[8.922792641488847,47.436164868386],[8.90829533302518,47.44007824825439],[8.90380004357908,47.44564728883633],[8.910093448803618,47.44956066870471],[8.90155239885603,47.45565651042278],[8.895483758103797,47.46461212973698],[8.894359935742273,47.46656881967117],[8.891550379838462,47.470557456844716],[8.890651321949242,47.47070797145504],[8.887167472628516,47.47131002989633],[8.884807445669313,47.47168631642214],[8.885256974613924,47.47514815245956],[8.88233503647396,47.47605124012149],[8.885931268030838,47.47845947388666],[8.886605561447752,47.48312542680666],[8.88919035287926,47.48387799985827],[8.893685642325359,47.48508211674085],[8.898742842952219,47.48643674823376],[8.897731402826846,47.48922126852472],[8.897506638354542,47.489296525829886],[8.895258993631494,47.48982332696601],[8.894135171269967,47.49012435618666],[8.894135171269967,47.50156346657118],[8.896270433756865,47.50412221494666],[8.897506638354542,47.505552103744726],[8.898855225188372,47.51255103312473],[8.896607580465322,47.520453050166665],[8.899417136369134,47.525420032307316],[8.888740823934649,47.52963444139635],[8.884470298960856,47.530537529058286],[8.881098831876281,47.52865609642925],[8.875254955596354,47.53083855827893],[8.868961550371814,47.531816903246025],[8.84232696040368,47.534074622400865],[8.840641226861393,47.53859006071054],[8.839854551208326,47.54152509561183],[8.83547164399838,47.54438487320796],[8.83097635455228,47.55469512401506],[8.831201119024586,47.55883427579894],[8.841203138042156,47.558984790409255],[8.843113636056747,47.56139302417442],[8.851205157059725,47.56207033992087],[8.851879450476641,47.565005374822164],[8.846260338669017,47.565231146737645],[8.844799369599034,47.567488865892486],[8.840753609097547,47.56718783667184],[8.839854551208326,47.57253110533829],[8.832100176913805,47.574412537967326],[8.830526825607672,47.5729073918641],[8.821423864479321,47.573885736831194],[8.817378103977832,47.57140224576087],[8.811534227697905,47.572154818812486],[8.806477027071043,47.57689602903765],[8.807038938251806,47.5808846662112],[8.803667471167232,47.58404547302798],[8.799059799484981,47.586378449487974],[8.763209866152344,47.594205209224754],[8.74938685110559,47.593753665393784],[8.746802059674083,47.597968074482814],[8.7498363800502,47.60142991052024],[8.745903001784864,47.60368762967508],[8.743205828117205,47.60865461181572],[8.741407712338765,47.6127937635996],[8.746914441910235,47.614675196228625],[8.747139206382542,47.62265247057573],[8.74893732216098,47.62423287398411],[8.750623055703267,47.62280298518605],[8.757253607636263,47.61821228957121],[8.762760337207734,47.61956692106411],[8.79130542519046,47.61008450061379],[8.789394927175868,47.60632163535572],[8.790743514009698,47.60459071733701],[8.803892235639537,47.60278454201314],[8.805353204709519,47.6094824421725],[8.805915115890281,47.61505148275443],[8.815018077018632,47.61858857609702],[8.812995196767886,47.62039475142089],[8.81546760596324,47.62265247057573],[8.81310757900404,47.62438338859444],[8.814343783601716,47.62867305498863],[8.821648628951626,47.631006031448635],[8.826593447342335,47.638531761964764],[8.828841092065385,47.641918340697025],[8.82771726970386,47.64816469702541],[8.806252262598738,47.65373373760735],[8.804229382347994,47.66660273678993],[8.799734092901895,47.666376964874445],[8.789844456120479,47.666376964874445],[8.787034900216668,47.65666877250864],[8.77759479237986,47.650572930790574],[8.769840418085339,47.65162653306283],[8.76624418652846,47.65027190156993],[8.759164105650855,47.64447708907251],[8.750061144522505,47.64252039913831],[8.748375410980218,47.640112165373154],[8.744554414951034,47.64139153956089],[8.744891561659491,47.64440183176735],[8.73297904462733,47.64334822949509],[8.726011345985878,47.64440183176735],[8.720954145359016,47.64252039913831],[8.718706500635967,47.64379977332605],[8.713312153300649,47.64538017673444],[8.709715921743769,47.643423486800245],[8.701399636268487,47.648390468940896],[8.689374737000172,47.65132550384219],[8.68060892258028,47.66080792429251],[8.678698424565688,47.667280052536384],[8.680271775871823,47.66870994133445],[8.678024131148774,47.67337589425445],[8.67060690356271,47.676009899935096],[8.669820227909643,47.677740817953804],[8.670494521326559,47.68601912152155],[8.678698424565688,47.688653127202194],[8.685216594262531,47.6923407351551],[8.69106047054246,47.69685617346478],[8.692521439612442,47.696705658854455],[8.702748223102317,47.693319080122194],[8.710502597396836,47.690910846357035],[8.71881888287212,47.69211496323962],[8.729045666361994,47.694297425089296]]]]},"properties":{"id":20,"code":"TG","name":"Thurgau"}},{"type":"Feature","geometry":{"type":"Polygon","coordinates":[[[9.16115536436823,46.17093905401405],[9.1598067775344,46.16612258648372],[9.15654769268598,46.16273600775147],[9.150591434169897,46.16168240547921],[9.148006642738391,46.160177259375985],[9.142162766458462,46.1562638795076],[9.135756978997772,46.15453296148888],[9.133621716510875,46.1506195816205],[9.1302502494263,46.148587634381144],[9.122720639604086,46.1360196644192],[9.11339291400343,46.13594440711404],[9.105863304181216,46.13315988682307],[9.101705161443574,46.12992382270114],[9.096198431872104,46.12728981702049],[9.090354555592175,46.126988787799846],[9.086421177326839,46.124053752898554],[9.079903007629996,46.122473349490164],[9.07372198464161,46.11923728536823],[9.07507057147544,46.11532390549984],[9.07922871421308,46.11050743796952],[9.081701123408436,46.10554045582887],[9.090354555592175,46.09124156784822],[9.09057932006448,46.086876644148866],[9.085409737201466,46.079952972074025],[9.079790625393844,46.0761148495108],[9.079453478685386,46.06640665714499],[9.07507057147544,46.063697394159185],[9.071474339918561,46.0638479087695],[9.061584703137143,46.061891218835314],[9.056639884746435,46.06332110763338],[9.05135791964727,46.06354687954886],[9.051133155174965,46.06339636493854],[9.045963572311951,46.060160300816605],[9.040569224976633,46.060160300816605],[9.0300052947783,46.05421497370886],[9.023824271789914,46.053913944488215],[9.018429924454598,46.05090365228176],[9.017306102093071,46.047818102770144],[9.018092777746139,46.04435626673273],[9.010675550160077,46.038486196930144],[9.008765052145485,46.03103572371918],[9.008877434381636,46.03080995180369],[9.010226021215466,46.028025431512724],[9.015283221842328,46.02531616852691],[9.023711889553763,46.018016209926266],[9.023711889553763,46.0179409526211],[9.025734769804506,46.00198640392691],[9.029668148069844,45.994836959936585],[9.02404903626222,45.993933872274646],[9.023711889553763,45.99069780815271],[9.019216600107663,45.98881637552368],[9.012586048174668,45.98911740474433],[9.012361283702363,45.984376194519164],[9.00988887450701,45.983247334941744],[9.009551727798552,45.981967960754],[9.003483087046318,45.98068858656626],[8.996515388404866,45.981666931533354],[8.996964917349475,45.9739906864069],[8.992469627903377,45.973012341439805],[8.990109600944175,45.97150719533658],[8.995166801571036,45.96774433007851],[9.010226021215466,45.96360517829464],[9.015170839606174,45.96172374566561],[9.016519426440004,45.9520155532998],[9.018429924454598,45.95035989258625],[9.013485106063888,45.9450166239198],[9.014721310661566,45.942683647459795],[9.023262360609152,45.93929706872754],[9.020452804705341,45.92966413366689],[9.027308121110641,45.929965162887534],[9.03090435266752,45.92763218642754],[9.031016734903673,45.92763218642754],[9.037984433545127,45.927556929122375],[9.043940692061206,45.928685788699795],[9.050571243994202,45.92326726272818],[9.056527502510283,45.921310572793985],[9.061135174192534,45.92213840315076],[9.060236116303315,45.91769822214624],[9.067428579417072,45.915289988381076],[9.070687664265494,45.91288175461592],[9.073834366877762,45.91401061419334],[9.077767745143099,45.91258072539527],[9.076643922781575,45.90723745672882],[9.078104891851556,45.9004642992643],[9.087994528632974,45.90339933416559],[9.090017408883718,45.89805606549914],[9.086308795090687,45.8971529778372],[9.08282494576996,45.893013826053334],[9.079003949740777,45.88624066858881],[9.072598162280086,45.88292934716171],[9.06686666823631,45.877209791969456],[9.055965591329521,45.874726300899134],[9.050346479521897,45.863813991650744],[9.050571243994202,45.85967483986687],[9.052594124244946,45.85666454766042],[9.046525483492713,45.85079447785784],[9.044952132186578,45.847784185651385],[9.04180542957431,45.84763367104106],[9.039782549323565,45.84319349003655],[9.036635846711295,45.84101102818687],[9.036635846711295,45.840860513576544],[9.036523464475144,45.840258455135256],[9.038995873670498,45.83672136179267],[9.035624406585924,45.833485297670734],[9.035961553294381,45.83115232121074],[9.032140557265198,45.82588430984944],[9.035624406585924,45.824153391830734],[9.032590086209808,45.821970929981056],[9.023487125081457,45.823099789558476],[9.01764324880153,45.81911115238493],[9.00539358506091,45.821444128844924],[8.999549708780982,45.82407813452557],[8.99404297920951,45.82430390644105],[8.997976357474847,45.83476467185848],[8.998650650891761,45.83604404604622],[8.998650650891761,45.83611930335138],[8.991008658833394,45.83649558987719],[8.987861956221126,45.83980691130429],[8.982579991121959,45.836871876402995],[8.977298026022794,45.83777496406493],[8.974488470118981,45.83363581228106],[8.971117003034408,45.8335605549759],[8.968082682658292,45.8358935314359],[8.962351188614516,45.83777496406493],[8.96212642414221,45.84070999896622],[8.957293987987654,45.84274194620558],[8.949989142637744,45.84462337883461],[8.947853880150847,45.843946063088154],[8.940549034800936,45.84259143159525],[8.934030865104093,45.84010794052493],[8.93020986907491,45.83453889994299],[8.921668819127323,45.83536673029977],[8.91335253365204,45.8316038650417],[8.913914444832802,45.83920485286299],[8.915375413902783,45.84341926195203],[8.921893583599626,45.85049344863719],[8.933693718395636,45.86215833093719],[8.940549034800936,45.864942851228164],[8.946505293317017,45.8681789153501],[8.945606235427798,45.868931488401714],[8.943246208468596,45.8714902367772],[8.938189007841736,45.868479944570744],[8.935267069701771,45.87179126599784],[8.934705158521009,45.8798437976501],[8.93301942497872,45.886315925893975],[8.928524135532623,45.89286331144301],[8.925377432920353,45.893239597968815],[8.923129788197304,45.89640040478559],[8.923017405961152,45.89647566209075],[8.926051726337269,45.90204470267269],[8.926051726337269,45.90490448026882],[8.921444054655018,45.910172491630114],[8.917847823098139,45.914913701855276],[8.915487796138937,45.91897759633398],[8.90829533302518,45.918902339028826],[8.903125750162165,45.92432086500044],[8.89930475413298,45.926879613375924],[8.893910406797662,45.93417957197657],[8.894135171269967,45.9370393495727],[8.899417136369134,45.94524239583528],[8.899979047549897,45.94900526109335],[8.898180931771456,45.95178978138431],[8.898405696243762,45.955627903947544],[8.894921846923035,45.96021859956238],[8.882784565418568,45.9580361377127],[8.871209195094865,45.9623258041069],[8.870759666150255,45.962551576022385],[8.866039612231852,45.96661547050109],[8.860195735951923,45.96819587390948],[8.860195735951923,45.96827113121464],[8.850643245878963,45.974141201017225],[8.847946072211304,45.97737726513916],[8.844686987362882,45.97850612471658],[8.843900311709815,45.98264527650045],[8.841203138042156,45.98287104841594],[8.840416462389088,45.98535453948626],[8.835359261762228,45.98640814175852],[8.83277447033072,45.98919266204948],[8.828054416412318,45.988440088997876],[8.820749571062407,45.98866586091336],[8.815018077018632,45.99160089581465],[8.79355306991351,45.993106041917876],[8.791979718607376,45.98979472049078],[8.787034900216668,45.99024626432175],[8.78950730941202,45.99589056220884],[8.794227363330425,46.009286362527554],[8.79861027054037,46.01372654353207],[8.805353204709519,46.02012341447079],[8.807038938251806,46.023133706677235],[8.820861953298559,46.02667080001982],[8.828279180884621,46.03344395748434],[8.831201119024586,46.04277586332434],[8.833898292692245,46.04179751835724],[8.836595466359904,46.044958325174015],[8.831538265733045,46.04857067582176],[8.835696408470685,46.05255931299531],[8.845361280779798,46.04969953539918],[8.855700446505825,46.062794306497246],[8.855363299797366,46.06979323587725],[8.853340419546623,46.07671690795209],[8.848620365628218,46.07694267986757],[8.842551724875985,46.081683890092734],[8.834909732817618,46.0840921238579],[8.827604887467707,46.090639509406934],[8.825694389453115,46.090187965575964],[8.822322922368542,46.09432711735984],[8.818839073047815,46.095531234242415],[8.816479046088613,46.09846626914371],[8.807151320487957,46.102454906317256],[8.800970297499573,46.09590752076822],[8.792878776496595,46.09605803537855],[8.784225344312855,46.0953807196321],[8.76939088914073,46.10192810518113],[8.766581333236918,46.101551818655324],[8.761411750373904,46.10260542092758],[8.757028843163958,46.10599199965984],[8.74343059258951,46.123451694457266],[8.725561817041267,46.111561040241774],[8.71926841181673,46.102906450148225],[8.715110269079087,46.09846626914371],[8.69791578694776,46.10313222206371],[8.697803404711607,46.10320747936887],[8.697691022475455,46.10320747936887],[8.697578640239303,46.10320747936887],[8.687014710040971,46.10328273667403],[8.682519420594872,46.10697034462694],[8.681507980469501,46.110883724495324],[8.676226015370334,46.1117115548521],[8.671168814743474,46.11005589413855],[8.668696405548118,46.111561040241774],[8.658806768766702,46.11389401670178],[8.657458181932872,46.11713008082371],[8.648692367512979,46.12458055403469],[8.62093395518332,46.12269912140565],[8.613404345361104,46.12390323828823],[8.610819553929598,46.12796713276694],[8.610819553929598,46.13406297448501],[8.60587473553889,46.13647120825017],[8.603402326343534,46.139632015066944],[8.593962218506729,46.14422271068179],[8.595310805340558,46.14851237707598],[8.601042299384334,46.151221640061785],[8.601042299384334,46.1543071895734],[8.60407661976045,46.15656490872824],[8.589129782352172,46.157919540221144],[8.590028840241391,46.160177259375985],[8.58542116855914,46.16401538193921],[8.579352527806908,46.16303703697211],[8.574744856124656,46.16574629995792],[8.573283887054675,46.16815453372308],[8.57081147785932,46.17831426991986],[8.56485521934324,46.18501217007922],[8.556314169395652,46.18839874881147],[8.554740818089517,46.1932152163418],[8.546649297086539,46.19750488273599],[8.541479714223527,46.19901002883922],[8.53754633595819,46.20548215708309],[8.533725339929006,46.216770752857286],[8.530915784025193,46.22038310350503],[8.529117668246755,46.22106041925149],[8.522824263022216,46.22309236649084],[8.518666120284575,46.22143670577729],[8.51203556835158,46.22241505074439],[8.503044989459383,46.22730677557987],[8.487985769814951,46.23152118466891],[8.478658044214297,46.23159644197407],[8.469779847558252,46.234155190349554],[8.467195056126744,46.23821908482826],[8.466970291654441,46.24326132427407],[8.465509322584458,46.24536852881859],[8.465396940348306,46.24559430073407],[8.465172175876,46.245744815344395],[8.451236778593096,46.24935716599214],[8.44820245821698,46.24920665138181],[8.445617666785472,46.25010973904375],[8.443145257590118,46.25560352232053],[8.448876751633893,46.25929113027343],[8.449551045050807,46.262451937090205],[8.456855890400718,46.265311714686334],[8.45056248517618,46.27592299471408],[8.435390883295597,46.28909302311731],[8.434828972114834,46.29308166029086],[8.428985095834907,46.29993007506054],[8.43415467869792,46.30346716840312],[8.441571906283983,46.30534860103215],[8.440110937214001,46.307907349407635],[8.439998554977848,46.30828363593344],[8.442920493117812,46.31136918544505],[8.442470964173204,46.31686296872183],[8.444830991132404,46.32070109128506],[8.454945392386126,46.32250726660893],[8.456743508164566,46.328452593716676],[8.461463562082969,46.32965671059925],[8.466408380473679,46.33499997926571],[8.464385500222933,46.33808552877732],[8.465396940348306,46.34538548737797],[8.462699766680647,46.354491621302486],[8.465734087056763,46.359609118053456],[8.470454140975168,46.36216786642894],[8.46786934954366,46.36954308233475],[8.468543642960576,46.37345646220314],[8.46652076270983,46.38339042648443],[8.46191309102758,46.38790586479411],[8.468206496252117,46.3945285076483],[8.472252256753606,46.39716251332895],[8.464722646931392,46.4038604134883],[8.464610264695239,46.40732224952573],[8.469442700849795,46.41296654741282],[8.464160735750628,46.41913764643605],[8.459890210776836,46.42071804984444],[8.457979712762242,46.424405657797344],[8.46191309102758,46.42967366915864],[8.458654006179158,46.435995282792184],[8.460339739721444,46.438253001947025],[8.465059793639849,46.4404354637967],[8.467082673890593,46.445628217852835],[8.462699766680647,46.44750965048187],[8.463149295625257,46.451874574181225],[8.463036913389104,46.451874574181225],[8.453933952260755,46.45661578440638],[8.454271098969212,46.459400304697354],[8.451124396356942,46.46308791265026],[8.446853871383148,46.46496934527929],[8.43966140826939,46.46557140372058],[8.432693709627937,46.46466831605864],[8.428423184654145,46.46286214073477],[8.422242161665759,46.46218482498832],[8.41819640116427,46.46000236313864],[8.41415064066278,46.46060442157994],[8.405721972951346,46.458497217035415],[8.403361945992144,46.45601372596509],[8.397068540767606,46.45578795404961],[8.394146602627641,46.45292817645348],[8.39403422039149,46.45285291914832],[8.390325606598457,46.4540570360309],[8.38583031715236,46.453379720284445],[8.383245525720852,46.46090545080058],[8.386954139513884,46.4633889418709],[8.386616992805425,46.46692603521348],[8.393359926974576,46.46948478358897],[8.387291286222341,46.477010514105096],[8.39549518946147,46.48566510419865],[8.393359926974576,46.49597535500575],[8.399878096671419,46.49544855386962],[8.40223812363062,46.49364237854575],[8.411565849231273,46.49401866507156],[8.41549922749661,46.49597535500575],[8.420556428123472,46.493943407766395],[8.432918474100243,46.49823307416059],[8.444269079951642,46.496878442667686],[8.452922512135382,46.508844354188334],[8.461463562082969,46.5126072194464],[8.473937990295894,46.52442261635672],[8.479332337631211,46.52645456359608],[8.478770426450449,46.52886279736124],[8.484052391549616,46.53345349297608],[8.506641221016261,46.536463785182534],[8.52068900053532,46.5402266504406],[8.51439559531078,46.55979354978254],[8.522149969605302,46.568372882570934],[8.522374734077607,46.57853261876771],[8.525858583398334,46.57920993451416],[8.527656699176774,46.58297279977222],[8.532376753095177,46.585757320063195],[8.537321571485885,46.586133606589],[8.540355891862001,46.588015039218035],[8.549683617462655,46.58327382899287],[8.565866659468611,46.582596513246415],[8.574744856124656,46.58492948970642],[8.58261161265533,46.578607876072866],[8.59171457378368,46.57476975350964],[8.612055758527276,46.57627489961287],[8.615989136792612,46.579510963734805],[8.627339742644011,46.577704788410934],[8.630486445256281,46.57492026811997],[8.632059796562414,46.567018251078025],[8.641837051107679,46.56536259036448],[8.65734579969672,46.569878028674154],[8.661054413489751,46.574845010814805],[8.667909729895051,46.57785530302125],[8.679822246927213,46.5804893087019],[8.68240703835872,46.57958622103997],[8.68656518109636,46.58161816827932],[8.693645261973966,46.58094085253287],[8.699489138253895,46.58222022672061],[8.705782543478433,46.57845736146255],[8.706456836895349,46.57499552542512],[8.718481736163662,46.57243677704964],[8.729045666361994,46.57830684685222],[8.739609596560326,46.573716151237385],[8.744891561659491,46.573490379321896],[8.751859260300945,46.577479016495445],[8.786472989035904,46.569050198317385],[8.802880795514165,46.565061561143835],[8.830639207843824,46.57266254896513],[8.83277447033072,46.565061561143835],[8.844462222890577,46.56468527461803],[8.864241496453412,46.57424295237351],[8.87783974702786,46.5758233557819],[8.880424538459367,46.57875839068319],[8.889527499587716,46.58011302217609],[8.895034229159187,46.58327382899287],[8.904811483704453,46.58538103353739],[8.917173529681223,46.59373459441029],[8.918072587570443,46.59787374619416],[8.90829533302518,46.60750668125481],[8.906609599482891,46.61322623644707],[8.908407715261331,46.616913844399974],[8.924253610558829,46.62421380300062],[8.942909061760139,46.619848879301266],[8.95167487618003,46.625417919883205],[8.953585374194622,46.63354570884063],[8.959092103766094,46.63113747507546],[8.964036922156803,46.61992413660643],[8.961114984016838,46.612247891479974],[8.963699775448346,46.60396958791223],[8.967408389241376,46.60502319018449],[8.974038941174372,46.603819073301906],[8.9843781069004,46.60961388579933],[8.993368685792596,46.61209737686965],[9.006629789658588,46.6123984060903],[9.017530866565377,46.60449638904836],[9.022250920483781,46.604270617132876],[9.028881472416776,46.600658266485134],[9.035174877641314,46.60118506762126],[9.034950113169009,46.59531499781868],[9.043715927588902,46.59019750106771],[9.04506451442273,46.584628460485774],[9.038771109198192,46.58342434360319],[9.036523464475144,46.57650067152835],[9.031241499375977,46.572587291659964],[9.027870032291403,46.56709350838319],[9.027757650055252,46.56310487120964],[9.02449856520683,46.559417263256734],[9.02584715204066,46.556557485660605],[9.020452804705341,46.54858021131351],[9.023936654026068,46.538947276252856],[9.022812831664542,46.53533492560511],[9.017868013273834,46.533378235670924],[9.01854230669075,46.53044320076963],[9.021576627066866,46.52923908388705],[9.024386182970677,46.520283464572856],[9.024610947442982,46.510424757596724],[9.0300052947783,46.50455468779414],[9.036298700002838,46.50169491019801],[9.0413559006297,46.49492175273349],[9.040232078268176,46.492814548188974],[9.047649305854238,46.48792282335349],[9.049222657160373,46.484837273841876],[9.046975012437322,46.482353782771554],[9.055178915676453,46.47813937368252],[9.061809467609448,46.47776308715671],[9.074508660294677,46.48152595241478],[9.07967824315769,46.47926823325994],[9.086758324035296,46.476558970274134],[9.086308795090687,46.472118789269615],[9.096198431872104,46.46180853846251],[9.093501258204444,46.45021891346767],[9.08821929310528,46.44487564480122],[9.090804084536785,46.4381024873367],[9.090354555592175,46.43336127711154],[9.104514717347387,46.41432117890573],[9.103053748277404,46.411762430530246],[9.091815524662158,46.40799956527218],[9.0914783779537,46.405967618032825],[9.097434636469782,46.400850121281856],[9.092602200315225,46.397011998718625],[9.088444057577583,46.390088326643784],[9.096647960816714,46.37526263752701],[9.095299373982884,46.373381204897974],[9.093276493732139,46.358028714645066],[9.08923073323065,46.35050298412894],[9.083049710242264,46.35012669760313],[9.07282292675239,46.344858686241835],[9.070462899793188,46.34478342893668],[9.06776572612553,46.33748347033603],[9.070912428737799,46.33379586238313],[9.065630463638632,46.32890413754764],[9.06686666823631,46.325291786899896],[9.073609602405458,46.32024954745409],[9.076194393836964,46.315884623754734],[9.071137193210104,46.30888569437473],[9.061472320900991,46.29842492895731],[9.055403680148759,46.29609195249731],[9.059224676177942,46.28299718139924],[9.06371996562404,46.277352883512144],[9.064843787985566,46.27426733400053],[9.073272455697001,46.268924065334076],[9.078779185268472,46.26162410673343],[9.077093451726185,46.23934794440568],[9.072710544516237,46.23641290950439],[9.075744864892355,46.23295107346697],[9.080802065519215,46.234380962265035],[9.089005968758347,46.214738805617934],[9.090242173356023,46.21360994604051],[9.117551056741073,46.20329969523341],[9.13204836520474,46.18967812299922],[9.13339695203857,46.18471114085857],[9.140364650680024,46.17989467332825],[9.154300047962929,46.171541112455344],[9.16115536436823,46.17093905401405]],[[8.969318887255968,45.96413197943077],[8.97077985632595,45.96292786254819],[8.976960879314337,45.96315363446367],[8.97853423062047,45.9693247334869],[8.977635172731251,45.98083910117658],[8.978646612856624,45.983473106857225],[8.978421848384318,45.984150422603676],[8.978421848384318,45.98422567990884],[8.978197083912013,45.984150422603676],[8.968082682658292,45.98535453948626],[8.965160744518327,45.97715149322368],[8.962463570850668,45.973012341439805],[8.959766397183008,45.9660134120598],[8.961227366252992,45.96571238283916],[8.969318887255968,45.96413197943077]]]},"properties":{"id":21,"code":"TI","name":"Ticino"}},{"type":"Feature","geometry":{"type":"MultiPolygon","coordinates":[[[[6.821919118854627,46.428469552276056],[6.757861244247721,46.44088700762767],[6.682677528261721,46.455637439439286],[6.538266354805801,46.45744361476316],[6.519948050312948,46.45751887206832],[6.426333647597943,46.417105699196696],[6.335978329731359,46.40498927306572],[6.253714532867754,46.36171632259797],[6.242139162544049,46.344858686241835],[6.21348169232517,46.354491621302486],[6.202692997654534,46.35614728201603],[6.19842247268074,46.36171632259797],[6.188083306954713,46.3618668372083],[6.18111560831326,46.36593073168701],[6.1751593497971795,46.36367301253217],[6.1763955543948565,46.361189521461846],[6.172237411657215,46.35930808883281],[6.173585998491045,46.356072024710876],[6.186509955648578,46.35102978526507],[6.195051005596166,46.35005144029797],[6.193814800998489,46.345084458157324],[6.207637816045242,46.340192733321835],[6.233148583651852,46.33183917244893],[6.220224626494319,46.31317536076893],[6.1994339128061124,46.28570644438505],[6.1711135892956905,46.29601669519215],[6.1549305472897355,46.30023110428118],[6.141332296715286,46.30617643138893],[6.126497841543161,46.31874440135086],[6.126048312598551,46.32009903284377],[6.132341717823089,46.32611961725667],[6.134589362546139,46.329280424073445],[6.139983709881457,46.33590306692764],[6.137960829630712,46.33680615458958],[6.139309416464542,46.34056901984764],[6.149873346662874,46.3439555985799],[6.152345755858229,46.34696589078636],[6.158751543318919,46.352233902147645],[6.158751543318919,46.35253493136829],[6.158526778846614,46.355545223574744],[6.162123010403493,46.36111426415668],[6.170664060351081,46.36751113509539],[6.1711135892956905,46.36856473736765],[6.16605638866883,46.37375749142378],[6.162347774875798,46.37548840944249],[6.1593134544996815,46.380756420803785],[6.15740295648509,46.37887498817475],[6.150547640079789,46.37864921625927],[6.136612242796883,46.38910998167669],[6.114360560038694,46.40122640780766],[6.106269039035717,46.401000635892174],[6.100987073936551,46.40604287533798],[6.098964193685807,46.40988099790121],[6.068171460980031,46.416202611534764],[6.064799993895456,46.4174819857225],[6.0709810168838425,46.42613657581605],[6.074689630676874,46.42967366915864],[6.075813453038398,46.43321076250122],[6.085365943111358,46.44118803684832],[6.086939294417492,46.44442410097025],[6.085141178639053,46.44863851005928],[6.075588688566094,46.45458383716703],[6.077611568816838,46.45857247434058],[6.074240101732264,46.461206480021225],[6.073565808315349,46.467001292518646],[6.077948715525295,46.46880746784252],[6.0977279890881295,46.48273006929736],[6.11368626662178,46.51117733064834],[6.121553023152453,46.518251517333496],[6.1381855941030175,46.531873089567696],[6.144928528272166,46.52931434119221],[6.154143871636668,46.5378936739806],[6.149311435482112,46.54060293696641],[6.157178192012784,46.54654826407415],[6.138859887519932,46.558965719425764],[6.111663386371036,46.577930560326415],[6.122452081041672,46.585305776232225],[6.126834988251618,46.590799559509],[6.139534180936847,46.59840054733029],[6.149873346662874,46.60366855869159],[6.154481018345125,46.60502319018449],[6.162010628167341,46.61119428920772],[6.166843064321896,46.61172109034384],[6.179879403715583,46.61744064553611],[6.18111560831326,46.62150454001482],[6.189656658260848,46.626546779460625],[6.196736739138453,46.62948181436192],[6.196736739138453,46.63083644585482],[6.2047158779052785,46.63730857409869],[6.208874020642919,46.63738383140385],[6.213594074561323,46.641899269713534],[6.217864599535117,46.6446837900045],[6.220224626494319,46.64618893610773],[6.228428529733448,46.64942500022966],[6.234384788249529,46.65627341499934],[6.2580974400777,46.67109910411612],[6.268324223567575,46.677797004275476],[6.270234721582167,46.684043360603866],[6.278663389293602,46.68795674047225],[6.283832972156615,46.69171960573032],[6.296532164841843,46.69570824290387],[6.299004574037198,46.69578350020903],[6.308557064110158,46.69999790929806],[6.324964870588418,46.70737312520387],[6.328561102145297,46.70752363981419],[6.34283364613666,46.711662791598066],[6.349801344778113,46.71557617146645],[6.353172811862687,46.71647925912839],[6.354970927641126,46.71971532325033],[6.36103956839336,46.72438127617033],[6.365310093367153,46.723252416592906],[6.372502556480912,46.725660650358066],[6.372277792008607,46.730100831362584],[6.375874023565485,46.73243380782259],[6.379695019594669,46.7318317493813],[6.385988424819208,46.7331863808742],[6.392394212279898,46.73943273720259],[6.392169447807593,46.74206674288323],[6.389247509667629,46.74455023395356],[6.395316150419863,46.7491409295684],[6.401497173408248,46.75200070716453],[6.405093404965127,46.751323391418076],[6.417904979886508,46.75410791170904],[6.424985060764113,46.75561305781227],[6.431615612697109,46.75839757810324],[6.440269044880849,46.76389136138001],[6.439931898172392,46.76833154238453],[6.449484388245351,46.774427384102594],[6.453080619802231,46.77548098637486],[6.45532826452528,46.76885834352066],[6.453080619802231,46.77548098637486],[6.45263109085762,46.779845910074215],[6.459261642790616,46.789629359745184],[6.435548990962445,46.80287464545357],[6.431840377169414,46.81363644009164],[6.441505249478526,46.81754981996003],[6.440381427117002,46.825451837001964],[6.443303365256965,46.83320333943358],[6.460834994096751,46.85284549608068],[6.465442665779002,46.85209292302907],[6.470162719697405,46.84855582968649],[6.482974294618787,46.848254800465845],[6.528039571315926,46.86007019737617],[6.528376718024383,46.859994940071005],[6.538378737041953,46.86812272902843],[6.546245493572625,46.87015467626779],[6.552651281033317,46.874293828051655],[6.563664740176258,46.8769278337323],[6.571194349998473,46.88016389785424],[6.587602156476733,46.885431909215534],[6.598503233383523,46.8849051080794],[6.60704428333111,46.888065914896174],[6.622215885211693,46.89002260483037],[6.627722614783164,46.890173119440696],[6.631094081867738,46.89295763973166],[6.646378065984473,46.90755755693296],[6.648063799526761,46.911997737937476],[6.663235401407344,46.91892141001232],[6.684700408512465,46.92682342705425],[6.721674164206627,46.93750996438716],[6.721337017498169,46.934424414875544],[6.7243713378742855,46.93239246763619],[6.718752226066663,46.91809357965554],[6.718077932649748,46.908385387289734],[6.740779144352546,46.8961937038536],[6.738868646337954,46.88580819574134],[6.741003908824851,46.885657681131015],[6.740329615407936,46.880540184380045],[6.733474299002635,46.869627875131656],[6.741228673297156,46.8732402257794],[6.755838363996976,46.87181033698133],[6.780899602658977,46.8539743556581],[6.743139171311748,46.82876315842906],[6.753815483746232,46.82123742791293],[6.768088027737596,46.81024986135938],[6.777752900046708,46.80385299042067],[6.7800005447697576,46.80219732970712],[6.784832980924313,46.804304534251635],[6.787754919064278,46.800767440909055],[6.778090046755165,46.793166453087764],[6.776853842157488,46.790983991238086],[6.783484394090483,46.7940695407497],[6.792812119691138,46.788048956336795],[6.798880760443372,46.78413557646841],[6.805623694612519,46.786769582149056],[6.814164744560107,46.78157682809292],[6.815288566921632,46.78022219660002],[6.8192219451869684,46.7790933370226],[6.826189643828421,46.77450264140776],[6.828324906315318,46.778039734750344],[6.833944018122941,46.776007787510984],[6.836978338499058,46.777362419003886],[6.8406869522920895,46.78195311461873],[6.843946037140511,46.77999642468453],[6.8540604383942325,46.786920096759374],[6.860016696910313,46.78925307321938],[6.86484913306487,46.7857159798768],[6.86395007517565,46.78300671689099],[6.872378742887085,46.77969539546389],[6.875525445499354,46.78127579887228],[6.8792340592923855,46.777813962834855],[6.8897979894907175,46.77946962354841],[6.898676186146762,46.777813962834855],[6.897777128257543,46.78022219660002],[6.910701085415076,46.784737634909696],[6.911824907776601,46.78105002695679],[6.917781166292682,46.78744689789551],[6.917556401820377,46.7903819327968],[6.922051691266476,46.79813343522841],[6.927108891893337,46.80001486785744],[6.932390856992503,46.80716431184777],[6.928232714254861,46.81024986135938],[6.924186953753372,46.80979831752841],[6.924299335989525,46.80851894334067],[6.920703104432646,46.81175500746261],[6.915983050514242,46.80897048717164],[6.913398259082736,46.804756078082605],[6.908228676219722,46.80626122418583],[6.9059810314966725,46.807691112983896],[6.911712525540448,46.81378695470196],[6.906205795968978,46.82522606508648],[6.908453440692027,46.83598785972455],[6.920253575488036,46.84848057238133],[6.93092988792252,46.85525372984584],[6.91362302355504,46.86699386945101],[6.898001892729847,46.86300523227746],[6.892832309866834,46.86616603909424],[6.909914409762009,46.87060622009875],[6.91362302355504,46.86842375824907],[6.921377397849561,46.872487652727784],[6.911712525540448,46.881819558567784],[6.90631817820513,46.88016389785424],[6.892045634213767,46.88866797333747],[6.866759631079462,46.91079362105489],[6.897102834840628,46.92667291244393],[6.92227645573878,46.906804983881344],[6.9246364826979825,46.90499880855747],[6.92542315835105,46.90432149281102],[6.925535540587202,46.90432149281102],[6.928232714254861,46.90266583209747],[6.928907007671776,46.90228954557166],[6.931267034630978,46.9008596567736],[6.924299335989525,46.89626896115876],[6.926884127421031,46.89393598469876],[6.933964208298637,46.89378547008844],[6.936661381966296,46.89069992057682],[6.939470937870108,46.8909256924923],[6.942730022718529,46.885431909215534],[6.946551018747713,46.88430304963811],[6.95228251279149,46.87903503827682],[6.951945366083032,46.876325775291015],[6.954867304222995,46.87662680451166],[6.96554361665748,46.86797221441811],[6.969589377158969,46.86932684591101],[6.963408354170584,46.87820720792004],[6.959924504849857,46.880088640549076],[6.959025446960637,46.882797903534886],[6.963071207462126,46.88550716652069],[6.9675664969082245,46.8849051080794],[6.97464657778583,46.88829168681166],[6.988020063887974,46.876325775291015],[6.989818179666413,46.874745371882625],[6.982400952080351,46.8685742728594],[6.977568515925794,46.85502795793036],[6.97419704884122,46.85510321523552],[6.978804720523471,46.8469754262781],[6.983861921150332,46.847577484719395],[6.989368650721803,46.85118983536714],[6.9930772645148345,46.84870634429681],[6.9877952994156685,46.84584656670068],[6.985884801401077,46.842008444137456],[6.984423832331094,46.840653812644554],[6.9877952994156685,46.838471350794876],[6.987008623762602,46.8362888889452],[6.99330202898714,46.834407456316164],[6.993189646750987,46.83184870794068],[6.989368650721803,46.82740852693616],[6.985772419164924,46.823269375152286],[6.979928542884996,46.82424772011939],[6.97194940411817,46.82537657969681],[6.966105527838243,46.829515731480676],[6.95913782919679,46.820635369471646],[6.960935944975229,46.819054966063256],[6.957452095654503,46.816345703077445],[6.958800682488333,46.81243232320906],[6.96554361665748,46.806788025321964],[6.966667439019005,46.802347844317445],[6.9570025667098925,46.79482211380132],[6.959250211432942,46.79151079237422],[6.95093392595766,46.78413557646841],[6.946326254275409,46.785791237181954],[6.939695702342413,46.78285620228066],[6.932503239228655,46.776685103257435],[6.932390856992503,46.773825325661306],[6.935987088549381,46.772922237999374],[6.929806065560996,46.7687830862155],[6.921152633377256,46.761558384920015],[6.915196374861175,46.7641171332955],[6.909127734108941,46.758849121934205],[6.911375378831991,46.75455945554001],[6.917781166292682,46.75591408703291],[6.922501220211085,46.75297905213162],[6.93137941686713,46.75538728589679],[6.938796644453193,46.750646075671625],[6.941943347065462,46.745980122751625],[6.936998528674754,46.7392069652871],[6.9364366174939915,46.73446575506194],[6.922838366919542,46.724832820001296],[6.9218269267941706,46.72347818850839],[6.919129753126511,46.72084418282775],[6.905306738079758,46.71527514224581],[6.898900950619067,46.70963084435871],[6.893169456575292,46.703836031861286],[6.894293278936816,46.701202026180646],[6.892158016449919,46.69698761709161],[6.885527464516923,46.69239692147677],[6.8820436151961975,46.691418576509676],[6.8742892409016765,46.6849464482658],[6.869456804747121,46.68697839550516],[6.863837692939498,46.682011413364506],[6.865523426481785,46.67787226158064],[6.8727158895955425,46.67471145476386],[6.865523426481785,46.666357893890954],[6.869232040274816,46.6643259466516],[6.867883453440986,46.66116513983483],[6.86395007517565,46.659735251036764],[6.860353843618771,46.66116513983483],[6.85439758510269,46.65680021613547],[6.850801353545811,46.658154847628374],[6.843946037140511,46.6596599937316],[6.844957477265883,46.66214348480192],[6.839450747694412,46.66379914551547],[6.828212524079166,46.66116513983483],[6.815962860338547,46.64874768448321],[6.811917099837058,46.65175797668966],[6.799892200568744,46.65047860250192],[6.804387490014842,46.64596316419224],[6.799892200568744,46.640996182051595],[6.797756938081847,46.63444879650256],[6.80292652094486,46.628955013225784],[6.804050343306385,46.62413854569546],[6.803151285417165,46.60299124294513],[6.799217907151829,46.60103455301094],[6.801915080819488,46.59403562363094],[6.800004582804896,46.58470371779094],[6.795734057831103,46.57657592883351],[6.800116965041049,46.57537181195093],[6.805960841320977,46.579134677209],[6.814052362323954,46.57958622103997],[6.8123666287816675,46.58214496941545],[6.814951420213174,46.586886179640615],[6.8216943543823225,46.58492948970642],[6.824841056994591,46.57890890529352],[6.829561110912995,46.578607876072866],[6.835629751665229,46.576651186138676],[6.8431593614874435,46.58334908629803],[6.847429886461237,46.5851552616219],[6.85349852721347,46.58327382899287],[6.864736750828717,46.579510963734805],[6.87260350735939,46.570856373641256],[6.875300681027049,46.566566707247055],[6.88035788165391,46.56829762526577],[6.884740788863857,46.563932701566415],[6.887213198059211,46.564158473481896],[6.8888989316014975,46.56897494101222],[6.898788568382915,46.57190997591351],[6.902272417703641,46.571006888251574],[6.89991239074444,46.566340935331574],[6.9031714755928615,46.56265332737867],[6.894293278936816,46.560546122834154],[6.889123696073803,46.559492520561896],[6.869232040274816,46.542935913426405],[6.867771071204833,46.54188231115415],[6.861927194924905,46.532023604178015],[6.859679550201856,46.532475148008984],[6.861028137035686,46.53729161553931],[6.857207141006502,46.53842047511673],[6.85619570088113,46.5425596269006],[6.851700411435031,46.54248436959544],[6.842147921362072,46.539624591999306],[6.833044960233721,46.538947276252856],[6.8260772615922685,46.53954933469415],[6.824728674758439,46.54240911229028],[6.8192219451869684,46.537818416675435],[6.818210505061596,46.533152463755435],[6.813265686670888,46.52728239395285],[6.811917099837058,46.52637930629092],[6.818884798478511,46.518025745418015],[6.825290585939201,46.51343504980317],[6.8310220799829775,46.51373607902382],[6.833606871414484,46.50636086311801],[6.83888883651365,46.50071656523091],[6.842822214778987,46.497932044939944],[6.846418446335865,46.49785678763478],[6.848890855531219,46.49492175273349],[6.8590052567849416,46.49454546620768],[6.863612928467193,46.495298039259296],[6.8670967777879195,46.50184542480833],[6.882493144140807,46.51388659363414],[6.884066495446942,46.51478968129608],[6.898339039438305,46.52133706684511],[6.8966533058960175,46.50899486879866],[6.901935270995184,46.514488652075435],[6.912611583429668,46.51441339477027],[6.913960170263498,46.512456704836076],[6.926097451767964,46.50876909688317],[6.928232714254861,46.50590931928704],[6.931716563575588,46.505984576592205],[6.934750883951704,46.50282376977543],[6.948573898998458,46.50267325516511],[6.951608219374574,46.50402788665801],[6.9631835896982786,46.49830833146575],[6.966555056782853,46.49454546620768],[6.973185608715848,46.49258877627349],[6.974758960021982,46.48250429738187],[6.9821761876080455,46.4766342275793],[6.978804720523471,46.47445176572962],[6.981052365246521,46.46022813505413],[6.983524774441875,46.46015287774897],[6.992964882278683,46.45014365616251],[6.984760979039552,46.43923134691412],[6.993639175695597,46.44013443457606],[7.003528812477014,46.444725130190896],[7.018588032121444,46.44863851005928],[7.021509970261409,46.4610559654109],[7.040277803698871,46.476107426443164],[7.066350482486243,46.49010528520317],[7.072756269946934,46.48784756604833],[7.078600146226862,46.49003002789801],[7.090063134314414,46.488374367184456],[7.098716566498154,46.489728998677364],[7.10130135792966,46.48822385257414],[7.106133794084217,46.490406314423815],[7.111190994711078,46.49605061231091],[7.1236654229240015,46.50003924948446],[7.127374036717033,46.50447943048898],[7.136701762317688,46.50899486879866],[7.141534198472244,46.521562838760595],[7.144680901084513,46.52374530061027],[7.14546757673758,46.527809195088984],[7.149288572766764,46.52976588502318],[7.159515356256638,46.52818548161479],[7.171989784469562,46.534055551417374],[7.183677537029419,46.54000087852511],[7.1933424093385305,46.54767712365157],[7.19559005406158,46.54639774946383],[7.2010967836330515,46.543236942647056],[7.207277806621437,46.53684007170834],[7.209862598052943,46.53420606602769],[7.224247524280459,46.54895649783931],[7.237958157091061,46.55505233955738],[7.238295303799518,46.54775238095673],[7.246836353747105,46.53909779086318],[7.245600149149428,46.534507095248344],[7.250095438595527,46.52231541181221],[7.246162060330191,46.50350108552188],[7.240542948522567,46.49717947188833],[7.233575249881114,46.49612586961607],[7.236497188021079,46.493943407766395],[7.236946716965688,46.48942796945671],[7.225146582169679,46.48807333796381],[7.226158022295051,46.47828988829284],[7.231777134102675,46.46760335095993],[7.229979018324236,46.46045390696961],[7.227731373601186,46.45887350356122],[7.233238103172657,46.45518589560832],[7.227169462420424,46.45285291914832],[7.226382786767356,46.446305533599286],[7.223460848627392,46.44329524139283],[7.20649113096837,46.4404354637967],[7.202782517175338,46.44201586720509],[7.1958148185338855,46.44186535259477],[7.193679556046988,46.43516745243541],[7.200197725743831,46.43027572759993],[7.2033444283561,46.42425514318702],[7.2107616559421635,46.41740672841734],[7.208176864510657,46.41138614400444],[7.208626393455266,46.40431195731927],[7.19559005406158,46.38572340294443],[7.1945786139362085,46.38022961966765],[7.2091883046360286,46.380079105057334],[7.208289246746809,46.37481109369604],[7.216942678930549,46.363371983311524],[7.227057080184271,46.36615650360249],[7.230765693977302,46.3632214687012],[7.227169462420424,46.36036169110507],[7.219864617070513,46.35863077308636],[7.223236084155087,46.35012669760313],[7.22244940850202,46.33048454095603],[7.2014339303415085,46.31407844843086],[7.189970942253957,46.30512282911667],[7.190420471198567,46.29646823902311],[7.19693864089541,46.29067342652569],[7.195028142880818,46.28992085347408],[7.194803378408513,46.28660953204698],[7.187386150822451,46.2844270701973],[7.190420471198567,46.27426733400053],[7.189409031073195,46.27200961484569],[7.185138506099401,46.26990241030117],[7.179069865347167,46.269827152996015],[7.172551695650324,46.262451937090205],[7.162549676632755,46.255076721184395],[7.15591912469976,46.25387260430181],[7.152098128670575,46.24566955803923],[7.141758962944548,46.23919742979536],[7.131307414982369,46.2381438275231],[7.125351156466288,46.23731599716633],[7.122204453854019,46.23061809700697],[7.123328276215544,46.22467276989923],[7.116023430865633,46.219931559674066],[7.116360577574091,46.21857692818116],[7.106920469737284,46.21195428532697],[7.096806068483562,46.208492449289544],[7.089388840897499,46.20284815140245],[7.076464883739965,46.20066568955277],[7.072194358766172,46.202246092961154],[7.0648895134162615,46.20066568955277],[7.060169459497858,46.19735436812567],[7.033984398474333,46.188248234201154],[7.026230024179813,46.19863374231341],[7.012856538077669,46.20661101666051],[7.0089231598123325,46.22143670577729],[7.0033040480047095,46.226779974443744],[7.002629754587795,46.23453147687536],[6.997010642780171,46.23761702638697],[6.990380090847175,46.245293271513425],[6.988244828360278,46.253947861606974],[6.980378071829605,46.25838804261149],[6.9712751107012565,46.26516120007601],[6.96554361665748,46.27103126987859],[6.962621678517516,46.28119100607537],[6.960261651558314,46.28570644438505],[6.950484397013049,46.29255485915473],[6.940707142467785,46.29661875363344],[6.937335675383211,46.299704303145056],[6.932840385937112,46.31761554177344],[6.93317753264557,46.32581858803603],[6.932952768173265,46.32694744761345],[6.931042270158673,46.33146288592312],[6.920141193251884,46.34034324793216],[6.9035086223013185,46.33989170410119],[6.896878070368323,46.34184839403539],[6.883729348738484,46.353964820166354],[6.88260552637696,46.35727614159345],[6.88766272700382,46.36668330473862],[6.885527464516923,46.37736984207152],[6.875750209971659,46.38293888265346],[6.860129079146466,46.39543159531024],[6.821919118854627,46.428469552276056]],[[6.773931904017524,46.75275328021614],[6.769324232335273,46.74605538005678],[6.759996506734618,46.73890593606646],[6.753478337037775,46.737701819183876],[6.7495449587724385,46.73311112356904],[6.751792603495488,46.730100831362584],[6.759659360026161,46.726789509935486],[6.759434595553856,46.72332767389807],[6.763480356055345,46.71881223558839],[6.771571877058322,46.72197304240517],[6.785282509868923,46.736798731521944],[6.784945363160466,46.7471842396342],[6.787080625647363,46.74899041495807],[6.780112927005909,46.75230173638517],[6.777528135574403,46.75124813411291],[6.773931904017524,46.75275328021614]],[[6.812141864309362,46.72919774370065],[6.818210505061596,46.7345410123671],[6.829111581968386,46.736798731521944],[6.839675512166717,46.73378843931549],[6.846867975280475,46.72904722909033],[6.8630510172864305,46.72573590766323],[6.8686701290940535,46.729498772921296],[6.866534866607156,46.730552375193554],[6.8674339244963765,46.734164725841296],[6.882942673085417,46.751097619502595],[6.8783350014031654,46.75674191738969],[6.873390183012457,46.75892437923937],[6.863837692939498,46.76449341982131],[6.8552966429919096,46.773148009914856],[6.849452766711982,46.77224492225292],[6.845182241738188,46.766450109755496],[6.83798977862443,46.76253672988711],[6.830010639857605,46.75719346122066],[6.830010639857605,46.75433368362453],[6.815962860338547,46.74184097096775],[6.816524771519309,46.73935747989743],[6.806972281446349,46.73672347421678],[6.8047246367233,46.73800284840453],[6.799105524915676,46.73544410002904],[6.794385470997273,46.73709976074259],[6.788878741425802,46.73062763249872],[6.794048324288815,46.72694002454581],[6.8070846636825015,46.72829465603871],[6.812141864309362,46.72919774370065]],[[6.169315473517251,46.343579312054096],[6.173024087310282,46.34252570978184],[6.1751593497971795,46.34809475036378],[6.182351812910937,46.345159715462486],[6.185161368814748,46.347266920007],[6.1763955543948565,46.352459674063134],[6.1702145314064705,46.34809475036378],[6.169315473517251,46.343579312054096]]],[[[7.036344425433534,46.981686002516845],[7.039266363573499,46.98108394407556],[7.054213200981777,46.97784787995362],[7.064102837763194,46.97220358206652],[7.059270401608638,46.96618299765362],[7.06028184173401,46.95767892217039],[7.057359903594046,46.95662531989813],[7.060506606206315,46.95308822655555],[7.062417104220907,46.94503569490329],[7.058820872664028,46.94006871276264],[7.06073137067862,46.93796150821812],[7.08534308039601,46.91425545709231],[7.0866916672298395,46.91297608290457],[7.088939311952889,46.91094413566522],[7.090962192203634,46.909062703036184],[7.09399651257975,46.90800910076393],[7.091524103384396,46.904773036641984],[7.087478342882907,46.902364802876825],[7.088265018535974,46.898827709534245],[7.084219258034485,46.89739782073618],[7.075341061378441,46.896569990379405],[7.079723968588387,46.89514010158134],[7.065563806833175,46.88738859914972],[7.06297901540167,46.8849051080794],[7.062754250929364,46.880991728211015],[7.067024775903158,46.881669043957466],[7.066013335777786,46.87926081019231],[7.06983433180697,46.87805669330972],[7.071857212057714,46.87512165840843],[7.0676990693200725,46.87000416165746],[7.063316162110127,46.86834850094392],[7.054887494398692,46.857586706305845],[7.051066498369508,46.8559310455923],[7.040277803698871,46.84750222741423],[7.036007278725077,46.84810428585552],[7.030163402445149,46.852243437639395],[7.034883456363552,46.85894133779875],[7.0400530392265654,46.86210214461553],[7.030950078098217,46.867370155976815],[7.03656918990584,46.874293828051655],[7.033647251765875,46.87677731912198],[7.026904317596728,46.87775566408908],[7.025780495235202,46.879185552887144],[7.022633792622933,46.87768040678392],[7.017127063051463,46.88189481587295],[7.014879418328413,46.87880926636134],[7.0076869552146555,46.87444434266198],[7.000269727628592,46.87579897415488],[6.994762998057122,46.880314412464564],[7.008248866395418,46.888366944116825],[7.010384128882315,46.89039889135618],[6.9849857435118565,46.90913796034134],[6.983187627733417,46.911019392970374],[6.983524774441875,46.91515854475425],[6.988244828360278,46.91959872575877],[6.978917102759624,46.92471622250974],[6.975433253438897,46.922609017965215],[6.972174168590476,46.922910047185866],[6.962621678517516,46.928855374293605],[6.929356536616385,46.954066571522645],[7.003191665768557,46.98808287345556],[7.036344425433534,46.981686002516845]]]]},"properties":{"id":22,"code":"VD","name":"Vaud"}},{"type":"Feature","geometry":{"type":"Polygon","coordinates":[[[8.38583031715236,46.453379720284445],[8.380548352053193,46.45210034609671],[8.380098823108582,46.452025088791544],[8.37818832509399,46.45330446297929],[8.377289267204771,46.453153948368964],[8.376390209315552,46.45435806525155],[8.368073923840269,46.453153948368964],[8.356835700225023,46.44818696622832],[8.353576615376602,46.442918954867025],[8.34402412530364,46.43795197272638],[8.337843102315256,46.432909733280574],[8.33256113721609,46.43095304334638],[8.326492496463857,46.42696440617283],[8.316040948501676,46.42485720162831],[8.308736103151766,46.42703966347799],[8.30480272488643,46.42455617240767],[8.299970288731874,46.415525295788306],[8.290417798658915,46.409504711375405],[8.295474999285776,46.40626864725347],[8.30019505320418,46.406118132643144],[8.304577960414125,46.403709898877985],[8.311320894583273,46.40363464157282],[8.316827624154744,46.40024806284056],[8.318400975460879,46.39528108069992],[8.315254272848609,46.391066671610886],[8.319749562294708,46.387680092878625],[8.316040948501676,46.3851966018083],[8.314018068250933,46.378348187038625],[8.301094111093398,46.37533789483217],[8.296261674938844,46.37172554418443],[8.290867327603525,46.37037091269152],[8.286484420393577,46.36721010587475],[8.285360598032053,46.36487712941475],[8.275808107959094,46.36766164970572],[8.275470961250637,46.36773690701088],[8.264794648816153,46.36525341594055],[8.261872710676188,46.36209260912378],[8.26614323564998,46.35832974386571],[8.266929911303048,46.35306173250442],[8.26097365278697,46.34990092568765],[8.263895590926932,46.34719166270184],[8.254005954145516,46.34771846383797],[8.251084016005551,46.34199890864571],[8.242430583821811,46.340870049068286],[8.235462885180358,46.34117107828894],[8.229057097719668,46.3369566691999],[8.222651310258977,46.33146288592312],[8.224561808273569,46.33025876904055],[8.224449426037417,46.325517558815385],[8.215683611617525,46.32092686320054],[8.216020758325982,46.317465027163124],[8.212649291241407,46.314831021482476],[8.213098820186017,46.31054135508828],[8.21096355769912,46.30978878203667],[8.199837716320026,46.30346716840312],[8.193993840040097,46.305499115642476],[8.190622372955524,46.302564080741185],[8.187026141398645,46.302112536910215],[8.17994606052104,46.29865070087279],[8.166347809946592,46.29819915704183],[8.162526813917406,46.29714555476957],[8.15713246658209,46.29834967165215],[8.148029505453739,46.302789852656666],[8.142859922590725,46.30316613918247],[8.14218562917381,46.30316613918247],[8.138589397616931,46.30301562457215],[8.131958845683936,46.298575443567636],[8.12993596543319,46.29601669519215],[8.12622735164016,46.29579092327666],[8.121956826666366,46.29308166029086],[8.11937203523486,46.28728684779344],[8.112516718829559,46.28149203529602],[8.106448078077326,46.28088997685472],[8.10476234453504,46.27780442734311],[8.097682263657433,46.272461158676656],[8.091051711724438,46.26899932263924],[8.087005951222949,46.26787046306182],[8.087118333459102,46.26335502475214],[8.081499221651478,46.26184987864892],[8.083634484138376,46.257785984170205],[8.088804067001389,46.25500146387923],[8.102739464284294,46.25342106047085],[8.102627082048143,46.25071179748504],[8.11116813199573,46.25071179748504],[8.11296624777417,46.246572645701164],[8.112516718829559,46.242358236612134],[8.114090070135694,46.239950002846975],[8.121507297721756,46.237240739861164],[8.12532829375094,46.230843868922456],[8.134656019351596,46.227683062105676],[8.13993798445076,46.22738203288503],[8.144545656133012,46.2128573729889],[8.152412412663685,46.204052268285025],[8.154322910678276,46.192312128679866],[8.158256288943614,46.190731725271476],[8.166572574418897,46.18343176667083],[8.166235427710438,46.17808849800438],[8.159604875777443,46.175303977713405],[8.15679531987363,46.16920813599534],[8.15218764819138,46.16649887300953],[8.150501914649093,46.16100508973276],[8.150839061357551,46.158145312136625],[8.154210528442125,46.155210277235334],[8.154660057386735,46.14986700856888],[8.156345790929022,46.14888866360179],[8.151063825829855,46.141889734221785],[8.143309451535336,46.13729903860695],[8.13667889960234,46.13820212626888],[8.12622735164016,46.13647120825017],[8.122855884555587,46.133912459874686],[8.116450097094896,46.13157948341468],[8.116337714858743,46.123451694457266],[8.113865305663388,46.11743111004436],[8.110943367523426,46.1144208178379],[8.098131792602043,46.109604350307585],[8.091501240669048,46.10885177725597],[8.081499221651478,46.10659405810113],[8.073632465120806,46.10764766037339],[8.064979032937066,46.106067256965],[8.055314160627955,46.10253016362242],[8.05014457776494,46.10350850858951],[8.044075937012707,46.10117553212952],[8.035759651537424,46.10200336248629],[8.035422504828967,46.10207861979145],[8.034972975884358,46.096434321904354],[8.03059006867441,46.09079002401725],[8.030927215382867,46.084393153078544],[8.023509987796805,46.07588907759531],[8.022835694379891,46.069943750487575],[8.025645250283702,46.06873963360499],[8.024858574630635,46.06422419529531],[8.031489126563631,46.0541397164037],[8.031601508799783,46.051881997248856],[8.03643394495434,46.04525935439466],[8.033174860105918,46.04322740715531],[8.025420485811397,46.041195459915954],[8.019688991767621,46.037432594657886],[8.019127080586859,46.03637899238563],[8.012946057598473,46.03239035521208],[8.015193702321522,46.03133675293982],[8.018565169406097,46.02591822696821],[8.01373273325154,46.02275742015143],[8.011822235236949,46.020048157165625],[8.014294644432303,46.01703786495917],[8.013395586543083,46.01319974239595],[8.007439328027003,46.01259768395465],[8.002157362927836,46.01342551431143],[8.000808776094008,46.00966264905336],[7.994964899814079,46.001083316264975],[7.990581992604133,45.99807302405852],[7.986985761047253,45.997546222922395],[7.978107564391209,46.000631772434005],[7.9664198118313525,45.998223538668846],[7.958328290828375,45.997245193701744],[7.950461534297702,45.998825597110134],[7.9424823955308765,45.99859982519465],[7.933604198874832,45.99716993639659],[7.926186971288769,45.998298795974],[7.920005948300384,45.997094679091425],[7.909779164810509,45.99814828136368],[7.909666782574356,45.99814828136368],[7.904946728655952,45.9903215216269],[7.902137172752141,45.98693494289465],[7.898203794486805,45.98542979679142],[7.894832327402231,45.97986075620948],[7.8849426906208135,45.97617314825658],[7.8784245209239705,45.97504428867916],[7.8787616676324275,45.972335025693354],[7.8824702814254595,45.969023704266256],[7.882807428133916,45.965185581703025],[7.878536903160123,45.96262683332754],[7.875839729492464,45.959164997290124],[7.878536903160123,45.95615470508367],[7.878199756451665,45.950284635281086],[7.871344440046365,45.94855371726238],[7.869546324267926,45.937566150708825],[7.875053053839396,45.9313950516856],[7.875165436075549,45.9313950516856],[7.877974991979361,45.92830950217399],[7.874041613714024,45.92168685931979],[7.867298679544876,45.92078377165785],[7.864601505877217,45.917923994061724],[7.859544305250356,45.9220631458456],[7.848530846107414,45.921987888540436],[7.8439231744251625,45.92319200542302],[7.837742151436777,45.922890976202375],[7.832460186337611,45.92612704032431],[7.821334344958517,45.92815898756366],[7.815153321970131,45.9247724088314],[7.810882796996338,45.924245607695276],[7.806387507550239,45.92033222782689],[7.800543631270311,45.918601309808174],[7.794924519462687,45.92116005818366],[7.792676874739638,45.9253744672727],[7.787170145168167,45.92876104600495],[7.777505272859055,45.93229813934754],[7.772785218940651,45.935157916943666],[7.7702004275091445,45.93831872376044],[7.7580631460046785,45.93989912716883],[7.7487354204040235,45.942232103628825],[7.748173509223261,45.93861975298108],[7.744577277666382,45.933803285450765],[7.737834343497234,45.929513619056564],[7.736036227718794,45.92522395266237],[7.723337035033566,45.924697151526246],[7.719403656768229,45.9257507537985],[7.717268394281333,45.928911560615276],[7.713672162724453,45.92943836175141],[7.712211193654472,45.93410431467141],[7.708390197625288,45.93598574730044],[7.710075931167575,45.94283416207012],[7.71075022458449,45.949381547619154],[7.710637842348337,45.94945680492432],[7.706592081846848,45.95088669372238],[7.697039591773889,45.95607944777851],[7.69164524443857,45.9557031612527],[7.6822051366017625,45.9580361377127],[7.679058433989494,45.960293856867544],[7.677934611627969,45.96623918397529],[7.671528824167279,45.97105565150561],[7.669168797208076,45.97519480328948],[7.6651230367065875,45.97685046400303],[7.65838010253744,45.97782880897013],[7.654671488744409,45.97549583251013],[7.650513346006767,45.97519480328948],[7.6405113269891975,45.9712814234211],[7.633206481639287,45.97150719533658],[7.6206196711902106,45.97353914257593],[7.610954798881099,45.970604107674646],[7.604773775892713,45.9716577099469],[7.589714556248282,45.97173296725206],[7.584544973385269,45.97353914257593],[7.582184946426067,45.97677520669787],[7.583196386551439,45.97910818315787],[7.57960015499456,45.98723597211529],[7.576116305673834,45.988590603608195],[7.569485753740839,45.98889163282884],[7.561731379446318,45.98738648672561],[7.551055067011834,45.98776277325142],[7.546672159801887,45.98497825296045],[7.546110248621125,45.98181744614368],[7.542514017064246,45.97737726513916],[7.545548337440363,45.96992679192819],[7.546222630857278,45.96089591530883],[7.543750221661924,45.958111395017866],[7.539367314451978,45.95615470508367],[7.536445376312013,45.9580361377127],[7.528915766489797,45.9576598511869],[7.516216573804569,45.96345466368432],[7.512845106719995,45.960519628783025],[7.508462199510049,45.959164997290124],[7.500145914034766,45.96360517829464],[7.496886829186344,45.961196944529476],[7.496662064714039,45.958562938848836],[7.492728686448704,45.95645573430431],[7.48890769041952,45.956982535440446],[7.483962872028811,45.95525161742174],[7.4819399917780665,45.95412275784432],[7.47890567140195,45.953595956708185],[7.472387501705107,45.94840320265206],[7.475197057608918,45.9417053024927],[7.475646586553529,45.9370393495727],[7.470477003690515,45.93500740233334],[7.465195038591348,45.93658780574173],[7.459688309019878,45.936738320352056],[7.456878753116066,45.933351741619795],[7.454181579448408,45.93395380006108],[7.4455281472646675,45.93297545509399],[7.442381444652398,45.92830950217399],[7.437661390733995,45.92514869535721],[7.4353013637747924,45.92146108740431],[7.421815495436497,45.91333329844689],[7.41698305928194,45.912655982700436],[7.413162063252757,45.91032300624043],[7.408554391570505,45.90979620510431],[7.402710515290577,45.912655982700436],[7.398777137025241,45.90964569049398],[7.398102843608326,45.90603333984624],[7.39192182061994,45.90053955656946],[7.383268388436201,45.897679778973334],[7.376637836503205,45.90196944536753],[7.3724796937655634,45.90317356225011],[7.369108226680989,45.904151907217205],[7.367197728666397,45.90520550948946],[7.366972964194092,45.90535602409979],[7.362140528039537,45.90452819374301],[7.357420474121133,45.9084415736114],[7.357420474121133,45.91182815234366],[7.351464215605052,45.912806497310754],[7.345170810380514,45.9164188479585],[7.331684942042218,45.9117528950385],[7.324717243400765,45.91145186581785],[7.318985749356989,45.91288175461592],[7.317075251342398,45.917773479451405],[7.307747525741743,45.9187518244185],[7.302465560642577,45.918450795197856],[7.297857888960325,45.92228891776108],[7.295497862001124,45.92296623350753],[7.295385479764971,45.92296623350753],[7.291452101499635,45.92146108740431],[7.290215896901958,45.91867656711334],[7.286170136400469,45.91694564909463],[7.285608225219707,45.91401061419334],[7.28122531800976,45.90896837474753],[7.277629086452881,45.901894188062364],[7.272347121353715,45.901066357705595],[7.267514685199159,45.8977550362785],[7.26571656942072,45.89489525868236],[7.257737430653894,45.88940147540559],[7.254028816860863,45.88962724732107],[7.251331643193204,45.89406742832559],[7.241442006411787,45.89128290803462],[7.236609570257231,45.89135816533978],[7.229192342671168,45.893239597968815],[7.217392207875159,45.89000353384688],[7.216605532222092,45.885036551706236],[7.20694065991298,45.88134894375333],[7.204468250717625,45.877661335800425],[7.200984401396899,45.87668299083333],[7.198624374437697,45.87156549408236],[7.199298667854611,45.867351084993324],[7.201771077049966,45.864265535481714],[7.197500552076172,45.86148101519074],[7.191544293560091,45.85990061178236],[7.185475652807858,45.86125524327526],[7.179856541000235,45.864717079312676],[7.176147927207204,45.864039763566225],[7.162662058868907,45.872694353659774],[7.165471614772719,45.87683350544365],[7.16187538321584,45.879618025734615],[7.1544581556297775,45.88044585609139],[7.147827603696782,45.87736030657978],[7.141758962944548,45.876532476223005],[7.136139851136925,45.87389847054236],[7.132318855107742,45.86795314343462],[7.123890187396306,45.86441605009203],[7.118832986769445,45.86035215561332],[7.113326257197975,45.86072844213913],[7.109730025641095,45.859373810646225],[7.102088033582728,45.860502670223646],[7.098379419789696,45.863588219735256],[7.09714321519202,45.86908200301203],[7.092985072454378,45.87329641210107],[7.096131775066647,45.87705927735913],[7.08624213828523,45.88420872134946],[7.082533524492199,45.885187066316554],[7.077363941629185,45.89135816533978],[7.077476323865337,45.89640040478559],[7.072419123238476,45.8971529778372],[7.070845771932342,45.89918492507656],[7.065114277888566,45.90114161501075],[7.065339042360871,45.91054877815591],[7.061405664095535,45.914612672634625],[7.053988436509472,45.91671987717915],[7.045784533270342,45.92364354925399],[7.042750212894225,45.93214762473721],[7.039491128045803,45.9347063731127],[7.03656918990584,45.939598097948185],[7.039491128045803,45.947801144210764],[7.037917776739669,45.95374647131851],[7.035782514252772,45.95735882196625],[7.0235328505121535,45.95954128381593],[7.01836326764914,45.96202477488625],[7.009934599937704,45.970604107674646],[7.010946040063077,45.97391542910174],[7.016003240689938,45.97624840556174],[7.021847116969866,45.977452522444324],[7.023083321567544,45.98174218883852],[7.021959499206019,45.98257001919529],[7.016452769634547,45.987913287861744],[7.0129689203138215,45.988590603608195],[7.013306067022278,45.99288027000239],[7.011395569007687,45.99852456788949],[7.006450750616978,46.002437947757876],[7.001730696698575,46.0002554859082],[6.996898260544018,46.00123383087529],[6.99105438426409,46.004469894997236],[6.986334330345686,46.00567401187981],[6.985997183637229,46.00891007600175],[6.9818390408995885,46.01899455489337],[6.9818390408995885,46.02147804596369],[6.97194940411817,46.02704708654562],[6.967454114672072,46.03239035521208],[6.963745500879041,46.031788296770785],[6.955541597639911,46.04292637793466],[6.9501472503045925,46.05286034221596],[6.943853845080054,46.0521830264695],[6.936099470785534,46.05707475130499],[6.937897586563974,46.061665446919825],[6.937785204327821,46.065955113314025],[6.933964208298637,46.067911803248215],[6.929244154380234,46.06542831217789],[6.9246364826979825,46.065955113314025],[6.919242135362664,46.060386072732086],[6.912386818957363,46.055644862506924],[6.911487761068144,46.0531613714366],[6.90766676503896,46.05112942419724],[6.895529483534493,46.04932324887337],[6.892382780922224,46.04668924319273],[6.883841730974637,46.04571089822563],[6.876536885624726,46.048946962347564],[6.87350256524861,46.053236628741764],[6.8739520941932195,46.056773722084344],[6.88170646848774,46.07069632353919],[6.888674167129193,46.074383931492086],[6.892270398686072,46.07521176184886],[6.889236078309955,46.07987771476886],[6.891820869741462,46.082812749670154],[6.8926075453945295,46.08627458570758],[6.884291259919246,46.0947786611908],[6.8885617848930405,46.10147656135016],[6.892158016449919,46.104035309725646],[6.896203776951408,46.10945383569726],[6.894068514464511,46.11419504592242],[6.9003619196890496,46.124731068645005],[6.9003619196890496,46.12510735517081],[6.9003619196890496,46.12525786978114],[6.895641865770646,46.12503209786565],[6.8912589585607,46.12661250127404],[6.883167437557722,46.12412901020372],[6.877098796805488,46.126988787799846],[6.869793951455578,46.12623621474823],[6.852262322615793,46.12781661815662],[6.843946037140511,46.13022485192178],[6.8422603035982235,46.1333104014334],[6.839900276639022,46.13376194526436],[6.820121003076188,46.132332056466296],[6.816075242574699,46.130525881142425],[6.807646574863264,46.13775058243791],[6.8018026985833355,46.1366217228605],[6.798768378207219,46.13805161165856],[6.795396911122645,46.14911443551727],[6.7912387683850035,46.155511306455985],[6.793598795344206,46.16108034703792],[6.793149266399595,46.16446692577018],[6.806522752501739,46.174024603525666],[6.808208486044026,46.17906684297147],[6.813265686670888,46.182679193619215],[6.813265686670888,46.18305548014502],[6.813265686670888,46.18343176667083],[6.807871339335569,46.19750488273599],[6.807871339335569,46.19773065465148],[6.804387490014842,46.20435329750567],[6.810905659711685,46.21511509214374],[6.814164744560107,46.21639446633148],[6.817423829408528,46.22113567655664],[6.82248103003539,46.22467276989923],[6.82158197214617,46.23122015544826],[6.822143883326932,46.23340261729794],[6.8313592266914345,46.235509821842456],[6.8378773963882775,46.241906692781164],[6.841024099000546,46.24958293790762],[6.844732712793578,46.25010973904375],[6.8524870870880985,46.253270545860524],[6.855970936408825,46.25590455154117],[6.855521407464215,46.26034473254569],[6.858443345604179,46.264032340498595],[6.860803372563381,46.267117890010205],[6.859904314674161,46.27501990705214],[6.865411044245632,46.280965234159886],[6.864511986356412,46.28525490055408],[6.86125290150799,46.28788890623473],[6.859679550201856,46.29180228610311],[6.855071878519605,46.293608461426984],[6.851700411435031,46.29150125688247],[6.847991797642,46.291200227661825],[6.844395566085121,46.29556515136118],[6.8406869522920895,46.296317724412795],[6.835180222720618,46.30105893463796],[6.8313592266914345,46.30105893463796],[6.829111581968386,46.30399396953925],[6.830909697746825,46.30730529096635],[6.825627732647659,46.31317536076893],[6.82023338531234,46.316561939501184],[6.816300007047004,46.3173145125528],[6.807421810390959,46.32190520816764],[6.800791258457964,46.32182995086248],[6.798318849262609,46.32777527797022],[6.799667436096438,46.33025876904055],[6.797307409137237,46.33402163429861],[6.788653976953497,46.33341957585732],[6.785282509868923,46.334172148908934],[6.785170127632771,46.33770924225151],[6.781461513839739,46.342224680561195],[6.780112927005909,46.34568651659861],[6.776516695449031,46.34794423575345],[6.773032846128304,46.351406071790876],[6.771234730349865,46.35644831123668],[6.772470934947542,46.362468895649585],[6.776516695449031,46.36562970246636],[6.781686278312044,46.36773690701088],[6.792587355218833,46.36841422275733],[6.806972281446349,46.38105745002443],[6.806747516974045,46.38436877145153],[6.802589374236403,46.38820689401475],[6.803937961070233,46.393249133460564],[6.8061856057932815,46.39535633800508],[6.821919118854627,46.42839429497089],[6.821919118854627,46.428469552276056],[6.860129079146466,46.39543159531024],[6.875750209971659,46.38293888265346],[6.885527464516923,46.37736984207152],[6.88766272700382,46.36668330473862],[6.88260552637696,46.35727614159345],[6.883729348738484,46.353964820166354],[6.896878070368323,46.34184839403539],[6.9035086223013185,46.33989170410119],[6.920141193251884,46.34034324793216],[6.931042270158673,46.33146288592312],[6.932952768173265,46.32694744761345],[6.93317753264557,46.32581858803603],[6.932840385937112,46.31761554177344],[6.937335675383211,46.299704303145056],[6.940707142467785,46.29661875363344],[6.950484397013049,46.29255485915473],[6.960261651558314,46.28570644438505],[6.962621678517516,46.28119100607537],[6.96554361665748,46.27103126987859],[6.9712751107012565,46.26516120007601],[6.980378071829605,46.25838804261149],[6.988244828360278,46.253947861606974],[6.990380090847175,46.245293271513425],[6.997010642780171,46.23761702638697],[7.002629754587795,46.23453147687536],[7.0033040480047095,46.226779974443744],[7.0089231598123325,46.22143670577729],[7.012856538077669,46.20661101666051],[7.026230024179813,46.19863374231341],[7.033984398474333,46.188248234201154],[7.060169459497858,46.19735436812567],[7.0648895134162615,46.20066568955277],[7.072194358766172,46.202246092961154],[7.076464883739965,46.20066568955277],[7.089388840897499,46.20284815140245],[7.096806068483562,46.208492449289544],[7.106920469737284,46.21195428532697],[7.116360577574091,46.21857692818116],[7.116023430865633,46.219931559674066],[7.123328276215544,46.22467276989923],[7.122204453854019,46.23061809700697],[7.125351156466288,46.23731599716633],[7.131307414982369,46.2381438275231],[7.141758962944548,46.23919742979536],[7.152098128670575,46.24566955803923],[7.15591912469976,46.25387260430181],[7.162549676632755,46.255076721184395],[7.172551695650324,46.262451937090205],[7.179069865347167,46.269827152996015],[7.185138506099401,46.26990241030117],[7.189409031073195,46.27200961484569],[7.190420471198567,46.27426733400053],[7.187386150822451,46.2844270701973],[7.194803378408513,46.28660953204698],[7.195028142880818,46.28992085347408],[7.19693864089541,46.29067342652569],[7.190420471198567,46.29646823902311],[7.189970942253957,46.30512282911667],[7.2014339303415085,46.31407844843086],[7.22244940850202,46.33048454095603],[7.233912396589572,46.32777527797022],[7.246386824802496,46.32912990946313],[7.254028816860863,46.33176391514377],[7.263581306933823,46.33974118949087],[7.261108897738469,46.34561125929345],[7.263468924697671,46.35072875604442],[7.261221279974621,46.35569573818507],[7.263244160225366,46.35930808883281],[7.2910025725550245,46.36841422275733],[7.299543622502613,46.36766164970572],[7.311231375062469,46.37654201171475],[7.313591402021671,46.366532790128296],[7.309208494811725,46.360060661884425],[7.3108942283540115,46.356899855067645],[7.30898373033942,46.35306173250442],[7.31628857568933,46.345084458157324],[7.338989787392128,46.348245264974096],[7.348991806409698,46.352008130232164],[7.354610918217322,46.351556586401195],[7.36000526555264,46.354491621302486],[7.363713879345671,46.35795345733991],[7.368771079972532,46.35885654500184],[7.379447392407016,46.36593073168701],[7.383268388436201,46.366532790128296],[7.400462870567528,46.37774612859733],[7.40237336858212,46.37548840944249],[7.41788211717116,46.3815089938554],[7.428670811841797,46.38196053768637],[7.434402305885573,46.386325461385724],[7.439347124276281,46.38737906365798],[7.444629089375447,46.384142999536046],[7.458564486658354,46.38271311073798],[7.463059776104452,46.37767087129217],[7.464857891882891,46.37940178931088],[7.47070176816282,46.37947704661604],[7.474297999719699,46.38489557258766],[7.480479022708084,46.386325461385724],[7.484637165445726,46.38248733882249],[7.487783868057995,46.37195131609991],[7.495538242352515,46.37315543298249],[7.500258296270919,46.371123485743134],[7.504753585717017,46.37082245652249],[7.506326937023152,46.3748863510012],[7.506439319259305,46.37511212291668],[7.507001230440067,46.37556366674765],[7.507225994912371,46.375864695968296],[7.507225994912371,46.375864695968296],[7.508125052801591,46.376767783630235],[7.508462199510049,46.37714407015604],[7.5095860218715735,46.37706881285088],[7.52767956189212,46.37593995327346],[7.5391425499796725,46.37864921625927],[7.541727341411179,46.38504608719798],[7.556337032110999,46.39023884125411],[7.548020746635717,46.395205823394754],[7.541727341411179,46.396184168361856],[7.529590059906712,46.40182846624895],[7.5350967894781835,46.41100985747863],[7.555775120930237,46.414847980041856],[7.56364187746091,46.41424592160057],[7.5780268036884255,46.41838507338444],[7.584432591149117,46.41861084529992],[7.587466911525233,46.41499849465218],[7.596907019362041,46.41274077549734],[7.601177544335834,46.4174819857225],[7.5994918107935465,46.4227499970838],[7.6088195363942015,46.426437605036696],[7.611179563353404,46.42989944107412],[7.610730034408794,46.438027230031544],[7.619608231064839,46.43930660421928],[7.627250223123206,46.44600450437864],[7.6911957154939605,46.42606131851089],[7.694567182578535,46.426211833121215],[7.69939961873309,46.42094382175992],[7.706030170666086,46.41725621380702],[7.709738784459117,46.41522426656766],[7.71580742521135,46.41605209692444],[7.7226627416166505,46.42192216672702],[7.737497196788777,46.425308745459276],[7.745251571083297,46.42967366915864],[7.76952613409223,46.440661235712184],[7.773122365649108,46.44344575600316],[7.778966241929037,46.44464987288573],[7.787507291876624,46.45292817645348],[7.794250226045772,46.45548692482897],[7.799532191144938,46.46000236313864],[7.825380105460006,46.467904380180585],[7.829987777142257,46.47249507579542],[7.844372703369773,46.47911771864962],[7.848306081635109,46.480171320921876],[7.851565166483531,46.478590917513486],[7.871232057810213,46.479042461344456],[7.888201775469235,46.48220326816123],[7.891910389262266,46.484611501926395],[7.898765705667567,46.48385892887478],[7.906969608906697,46.48844962448962],[7.912813485186625,46.488148595268974],[7.917084010160419,46.49258877627349],[7.924276473274177,46.4929650627993],[7.926861264705684,46.497932044939944],[7.933828963347136,46.49943719104317],[7.935739461361728,46.5046299450993],[7.942931924475486,46.508919611493496],[7.955069205979953,46.50944641262962],[7.968779838790554,46.51426288015995],[7.973949421653567,46.52532570401866],[7.969791278915926,46.52841125353027],[7.963835020399845,46.54045242235608],[7.968779838790554,46.542785398816086],[7.97091510127745,46.54617197754834],[7.981029502531173,46.54940804167028],[7.986985761047253,46.549182269754795],[7.993953459688706,46.557460573322544],[7.9984487491348055,46.55971829247738],[8.002157362927836,46.55919149134125],[8.016542289155353,46.5645347600077],[8.031376744327478,46.56370692965093],[8.04418831924886,46.55821314637415],[8.054864631683344,46.557234801407056],[8.062394241505558,46.55271936309738],[8.06340568163093,46.55452553842125],[8.077341078913836,46.556783257576086],[8.08520783544451,46.553170906928344],[8.094872707753622,46.55241833387673],[8.098356557074348,46.54970907089093],[8.105998549132716,46.549859585501245],[8.115438656969523,46.547902895567056],[8.129149289780123,46.537592644759954],[8.1417361002292,46.53608749865673],[8.15128859030216,46.53300194914512],[8.174888859894178,46.53255040531415],[8.175675535547246,46.52532570401866],[8.181856558535632,46.52171335337092],[8.186127083509426,46.52186386798124],[8.192083342025505,46.52419684444124],[8.202085361043075,46.5252504467135],[8.206355886016869,46.524272101746405],[8.219392225410555,46.52765868047866],[8.238160058848017,46.52811022430963],[8.25917553700853,46.53066897268511],[8.264232737635389,46.534732867163825],[8.274459521125264,46.53774315937028],[8.28019101516904,46.53729161553931],[8.284461540142834,46.53954933469415],[8.288619682880475,46.54414003030899],[8.303903666997211,46.5468492932948],[8.313793303778628,46.55377296536964],[8.319412415586251,46.56099766666512],[8.33582022206451,46.5622017835477],[8.345485094373624,46.56566361958512],[8.363915781102628,46.581467653669],[8.365489132408763,46.58387588743416],[8.361780518615731,46.58793978191287],[8.364590074519544,46.59388510902061],[8.36301672321341,46.60299124294513],[8.366275808061829,46.60547473401546],[8.371557773160996,46.61548395560191],[8.369759657382556,46.62534266257804],[8.372793977758672,46.635201369554174],[8.375266386954028,46.63422302458708],[8.381110263233955,46.63550239877482],[8.399653332199113,46.65085488902773],[8.401900976922162,46.6549940408116],[8.411565849231273,46.654391982370306],[8.419432605761948,46.65341363740321],[8.423028837318826,46.64897345639869],[8.419882134706556,46.63715805948837],[8.423365984027283,46.628503469394815],[8.421455486012691,46.62684780868127],[8.421455486012691,46.61774167475675],[8.415836374205067,46.60682936550836],[8.409205822272073,46.60253969911417],[8.41134108475897,46.59787374619416],[8.40729532425748,46.58718720886126],[8.41134108475897,46.581768682889646],[8.411228702522816,46.57868313337803],[8.417971636691965,46.57236151974448],[8.420781192595776,46.56483578922835],[8.424377424152656,46.56137395319093],[8.427411744528772,46.54865546861867],[8.429996535960278,46.544967860665764],[8.434042296461769,46.544064773003825],[8.437076616837885,46.54128025271286],[8.442133817464745,46.54090396618705],[8.44651672467469,46.53819470320124],[8.458878770651463,46.534732867163825],[8.466183616001373,46.5369153290135],[8.474837048185114,46.52984114232834],[8.478770426450449,46.52886279736124],[8.479332337631211,46.52645456359608],[8.473937990295894,46.52442261635672],[8.461463562082969,46.5126072194464],[8.452922512135382,46.508844354188334],[8.444269079951642,46.496878442667686],[8.432918474100243,46.49823307416059],[8.420556428123472,46.493943407766395],[8.41549922749661,46.49597535500575],[8.411565849231273,46.49401866507156],[8.40223812363062,46.49364237854575],[8.399878096671419,46.49544855386962],[8.393359926974576,46.49597535500575],[8.39549518946147,46.48566510419865],[8.387291286222341,46.477010514105096],[8.393359926974576,46.46948478358897],[8.386616992805425,46.46692603521348],[8.386954139513884,46.4633889418709],[8.383245525720852,46.46090545080058],[8.38583031715236,46.453379720284445]]]},"properties":{"id":23,"code":"VS","name":"Valais"}},{"type":"Feature","geometry":{"type":"Polygon","coordinates":[[[6.460834994096751,46.85284549608068],[6.463195021055952,46.87354125500004],[6.463644550000562,46.87685257642714],[6.463869314472867,46.87880926636134],[6.465217901306697,46.89175352284908],[6.458587349373701,46.90228954557166],[6.448248183647674,46.91244928176844],[6.442067160659288,46.9191471819278],[6.436560431087818,46.92298530449102],[6.433526110711701,46.929758461955544],[6.445551009980015,46.93472544409619],[6.460273082915988,46.944433636462],[6.462857874347495,46.94842227363555],[6.471061777586625,46.95504491648974],[6.472410364420455,46.956926349118774],[6.482187618965719,46.965430424602005],[6.4867952906479704,46.96844071680846],[6.497471603082455,46.97551490349362],[6.505787888557737,46.96746237184136],[6.519386139132186,46.97212832476136],[6.538378737041953,46.97498810235749],[6.554112250103298,46.97920251144652],[6.564339033593173,46.98078291485491],[6.573666759193827,46.98364269245104],[6.592659357103594,46.99207151062911],[6.596929882077388,46.99387768595298],[6.610078603707227,46.99222202523943],[6.6189568003632715,46.99320037020653],[6.634577931188465,46.999747755755564],[6.641096100885308,47.00411267945492],[6.644579950206034,47.00787554471298],[6.654132440278994,47.0226259765246],[6.659302023142008,47.02766821597041],[6.678744149996384,47.036548577979445],[6.687285199943972,47.038731039829116],[6.6976243656699985,47.03880629713428],[6.699759628156896,47.04016092862719],[6.702569184060708,47.04181658934073],[6.706390180089891,47.04535368268331],[6.709874029410617,47.04640728495557],[6.712458820842125,47.04949283446719],[6.719314137247425,47.052126840147835],[6.713357878731344,47.05483610313364],[6.709761647174465,47.05935154144332],[6.70178250840764,47.06025462910525],[6.69953486368459,47.06334017861687],[6.69537672094695,47.06469481010977],[6.69267954727929,47.06778035962139],[6.69447766305773,47.0698875641659],[6.700771068282267,47.07101642374332],[6.708413060340636,47.08049884419365],[6.703917770894537,47.082003990296876],[6.714931230037479,47.08772354548913],[6.7166169635797655,47.08983075003365],[6.723022751040457,47.09080909500074],[6.726731364833488,47.09314207146075],[6.732125712168806,47.09095960961107],[6.7363962371426,47.09141115344204],[6.7442629936732725,47.093744129902035],[6.7470725495770845,47.100442030061394],[6.742240113422528,47.10563478411753],[6.740779144352546,47.10999970781688],[6.7486459008832185,47.11165536853043],[6.75325357256547,47.115869777619466],[6.765952765250699,47.121664590116886],[6.776179548740573,47.1224171631685],[6.779775780297452,47.12482539693366],[6.793149266399595,47.12836249027624],[6.793261648635748,47.12836249027624],[6.793261648635748,47.1284377475814],[6.801016022930268,47.13016866560011],[6.807758957099416,47.13265215667043],[6.809444690641703,47.13671605114914],[6.815962860338547,47.136791308454306],[6.821244825437713,47.14160777598463],[6.825627732647659,47.14326343669818],[6.829448728676843,47.147703617702696],[6.831921137872197,47.14762836039753],[6.840462187819784,47.151692254876245],[6.842485068070529,47.15560563474463],[6.849902295656592,47.157261295458184],[6.859679550201856,47.16696948782399],[6.862264341633363,47.16696948782399],[6.888786549365345,47.133178957806564],[6.887100815823058,47.125201683459466],[6.881931232960045,47.11030073703753],[6.87215397841478,47.10209769077494],[6.867771071204833,47.08644417130139],[6.886988433586906,47.09336784337623],[6.919017370890359,47.106462614474296],[6.930592741214063,47.11376257307494],[6.937110910910906,47.110225479732364],[6.940257613523175,47.11105331008914],[6.952844423972252,47.11413885960075],[6.985435272456467,47.118052239469144],[6.997572553960933,47.12038521592914],[7.00881077757618,47.12557796998527],[7.026454788652117,47.12550271268011],[7.031062460334368,47.12866351949688],[7.039153981337346,47.12783568914011],[7.040839714879633,47.12602951381624],[7.02431952616522,47.113612058464625],[7.0300510202089965,47.1054842695072],[7.0416263905327,47.1101502224272],[7.057809432538656,47.10142037502849],[7.076577265976118,47.09728122324462],[7.085005933687553,47.08968023542333],[7.087927871827517,47.08298233526397],[7.077925852809948,47.07733803737687],[7.081409702130674,47.0745535170859],[7.081297319894521,47.068532932673],[7.082758288964503,47.066124698907835],[7.088152636299822,47.061910289818805],[7.08848978300828,47.061232974072354],[7.078600146226862,47.05333095703041],[7.077476323865337,47.05197632553751],[7.0664628647223955,47.046332027650415],[7.054437965454081,47.044751624242025],[7.038030158975822,47.03594651953815],[7.0344339274189425,47.03150633853363],[7.034209162946638,47.025184724900086],[7.034658691891248,47.02172288886266],[7.03297295834896,47.01434767295685],[7.027241464305185,47.00682194244072],[7.027129082069032,47.00591885477879],[7.040277803698871,46.9827396047891],[7.0409520971157855,46.981008686770394],[7.036344425433534,46.981686002516845],[7.003191665768557,46.98808287345556],[6.929356536616385,46.954066571522645],[6.897102834840628,46.92667291244393],[6.866759631079462,46.91079362105489],[6.780899602658977,46.8539743556581],[6.755838363996976,46.87181033698133],[6.741228673297156,46.8732402257794],[6.733474299002635,46.869627875131656],[6.740329615407936,46.880540184380045],[6.741003908824851,46.885657681131015],[6.738868646337954,46.88580819574134],[6.740779144352546,46.8961937038536],[6.718077932649748,46.908385387289734],[6.718752226066663,46.91809357965554],[6.7243713378742855,46.93239246763619],[6.721337017498169,46.934424414875544],[6.721674164206627,46.93750996438716],[6.684700408512465,46.92682342705425],[6.663235401407344,46.91892141001232],[6.648063799526761,46.911997737937476],[6.646378065984473,46.90755755693296],[6.631094081867738,46.89295763973166],[6.627722614783164,46.890173119440696],[6.622215885211693,46.89002260483037],[6.60704428333111,46.888065914896174],[6.598503233383523,46.8849051080794],[6.587602156476733,46.885431909215534],[6.571194349998473,46.88016389785424],[6.563664740176258,46.8769278337323],[6.552651281033317,46.874293828051655],[6.546245493572625,46.87015467626779],[6.538378737041953,46.86812272902843],[6.528376718024383,46.859994940071005],[6.528039571315926,46.86007019737617],[6.482974294618787,46.848254800465845],[6.470162719697405,46.84855582968649],[6.465442665779002,46.85209292302907],[6.460834994096751,46.85284549608068]]]},"properties":{"id":24,"code":"NE","name":"Neuchâtel"}},{"type":"Feature","geometry":{"type":"MultiPolygon","coordinates":[[[[6.1751593497971795,46.34809475036378],[6.173024087310282,46.34252570978184],[6.169315473517251,46.343579312054096],[6.1702145314064705,46.34809475036378],[6.1763955543948565,46.352459674063134],[6.185161368814748,46.347266920007],[6.182351812910937,46.345159715462486],[6.1751593497971795,46.34809475036378]]],[[[6.240902957946372,46.343052510917964],[6.233148583651852,46.33183917244893],[6.207637816045242,46.340192733321835],[6.193814800998489,46.345084458157324],[6.195051005596166,46.35005144029797],[6.186509955648578,46.35102978526507],[6.173585998491045,46.356072024710876],[6.172237411657215,46.35930808883281],[6.1763955543948565,46.361189521461846],[6.1751593497971795,46.36367301253217],[6.18111560831326,46.36593073168701],[6.188083306954713,46.3618668372083],[6.19842247268074,46.36171632259797],[6.202692997654534,46.35614728201603],[6.21348169232517,46.354491621302486],[6.242139162544049,46.344858686241835],[6.240902957946372,46.343052510917964]]],[[[6.220224626494319,46.31317536076893],[6.242813455960964,46.305499115642476],[6.249556390130112,46.302789852656666],[6.249219243421655,46.2957156659715],[6.253602150631601,46.29142599957731],[6.252028799325466,46.289168280422466],[6.244499189503252,46.28630850282634],[6.240565811237915,46.28344872523021],[6.238880077695628,46.2770518542915],[6.243487749377879,46.274041562085046],[6.250230683547027,46.26388182588827],[6.250455448019332,46.263731311277944],[6.261581289398427,46.25613032345665],[6.260906995981512,46.25296951663988],[6.267312783442202,46.24898087946633],[6.2796748294189735,46.252668487419236],[6.2796748294189735,46.25417363352246],[6.285406323462749,46.255754036930846],[6.29271116881266,46.26418285510891],[6.297318840494911,46.26493542816053],[6.294846431299557,46.25951690218891],[6.296532164841843,46.257108668423754],[6.301701747704858,46.25613032345665],[6.307320859512481,46.2574096976444],[6.309343739763225,46.25628083806698],[6.306871330567871,46.25251797280891],[6.3101304154162925,46.25123859862117],[6.311029473305512,46.245293271513425],[6.296082635897234,46.22715626096955],[6.2951835780080145,46.226177916002456],[6.277090037987467,46.21646972363664],[6.26630134331683,46.21466354831277],[6.255175501937736,46.210298624613415],[6.249556390130112,46.2062347301347],[6.246634451990149,46.20781513354309],[6.245398247392471,46.20615947282954],[6.23483431719414,46.20758936162761],[6.224944680412722,46.202772894097286],[6.222247506745063,46.19991311650116],[6.218314128479727,46.199160543449544],[6.214942661395153,46.19502139166567],[6.2075254338090895,46.19344098825728],[6.202580615418381,46.188022462285666],[6.189769040497,46.182679193619215],[6.186847102357036,46.17944312949728],[6.186959484593189,46.17899158566631],[6.189544276024695,46.16740196067147],[6.176170789922551,46.15934942901921],[6.168865944572641,46.15807005483147],[6.153020049275144,46.15272678616501],[6.148637142065197,46.14956597934824],[6.145602821689081,46.14602888600566],[6.141781825659897,46.14663094444695],[6.136275096088426,46.14241653535792],[6.127396899432381,46.14173921961146],[6.12189016986091,46.14392168146114],[6.109415741647986,46.14444848259727],[6.104920452201887,46.14565259947985],[6.099863251575027,46.14520105564888],[6.092558406225116,46.15287730077534],[6.07637536421916,46.15024329509469],[6.075251541857636,46.150544324315334],[6.073003897134587,46.151221640061785],[6.05266271239099,46.15250101424953],[6.049403627542569,46.1486628916863],[6.046369307166452,46.141212418475334],[6.043672133498792,46.142341278052754],[6.036592052621187,46.13775058243791],[6.032658674355851,46.140610360034046],[6.025016682297483,46.14196499152695],[6.016026103405286,46.144147453376625],[6.0044507330815815,46.14316910840953],[5.994673478536317,46.14565259947985],[5.98343525492107,46.14339488032501],[5.982873343740308,46.138352640879205],[5.97702946746038,46.133837202569524],[5.9708484444719945,46.13315988682307],[5.966016008317438,46.13082691036307],[5.961633101107492,46.13150422610953],[5.958036869550613,46.129171249649524],[5.956800664952936,46.1333104014334],[5.966690301734353,46.13842789818437],[5.965341714900523,46.1459536287005],[5.969837004346622,46.15310307269082],[5.97702946746038,46.16168240547921],[5.981187610198021,46.167778247197276],[5.982536197031851,46.1739493462205],[5.985570517407967,46.17477717657728],[5.989054366728694,46.17199265628631],[5.990627718034828,46.176207065375344],[5.99298774499403,46.17808849800438],[5.9923134515771155,46.1805719890747],[5.995909683133994,46.18410908241728],[5.99208868710481,46.18869977803212],[5.986020046352577,46.1899038949147],[5.9829857259764605,46.19216161406954],[5.964442657011303,46.19818219848244],[5.966353155025895,46.20066568955277],[5.9736580003758055,46.20375123906438],[5.969949386582774,46.207890390848256],[5.975118969445788,46.21601817980567],[5.979052347711124,46.218125384350195],[5.985345752935662,46.218125384350195],[5.9938868028832495,46.216770752857286],[5.994561096300164,46.219254243927615],[5.991414393687895,46.22309236649084],[5.997033505495519,46.22361916762697],[6.000966883760856,46.22143670577729],[6.00759743569385,46.224748027204384],[6.007709817930003,46.227833576716],[6.014227987626846,46.23024181048116],[6.017374690239116,46.23310158807729],[6.0259157401867025,46.2344562195702],[6.03445679013429,46.23964897362633],[6.045245484804927,46.233477874603096],[6.046931218347214,46.23272530155149],[6.0470436005833665,46.23265004424633],[6.051538890029465,46.236638681419876],[6.05401129922482,46.24070257589859],[6.0607542333939675,46.245970587259876],[6.064238082714694,46.246873674921815],[6.070306723466928,46.242358236612134],[6.074240101732264,46.24454069846181],[6.084804031930596,46.24785201988891],[6.088962174668237,46.24740047605794],[6.102335660770381,46.23897165787987],[6.1070557146887845,46.241906692781164],[6.109752888356444,46.24092834781407],[6.124362579056264,46.25184065706246],[6.125036872473179,46.25236745819859],[6.1220025520970625,46.25537775040504],[6.123351138930892,46.25763546955988],[6.120878729735538,46.26237667978504],[6.116832969234049,46.266892118094724],[6.111101475190273,46.27148281370956],[6.114248177802542,46.2737405328644],[6.104358541021125,46.279610602666985],[6.105257598910344,46.28525490055408],[6.103122336423448,46.286082730910856],[6.111775768607187,46.29255485915473],[6.114023413330237,46.295414636750856],[6.11964252513786,46.29556515136118],[6.121777787624757,46.29842492895731],[6.122676845513977,46.30113419194312],[6.119530142901708,46.30361768301344],[6.121328258680148,46.30783209210247],[6.119867289610165,46.30896095167989],[6.12054158302708,46.31362690459989],[6.125149254709331,46.31851862943538],[6.126497841543161,46.31874440135086],[6.141332296715286,46.30617643138893],[6.1549305472897355,46.30023110428118],[6.1711135892956905,46.29601669519215],[6.1994339128061124,46.28570644438505],[6.220224626494319,46.31317536076893]]]]},"properties":{"id":25,"code":"GE","name":"Genève"}},{"type":"Feature","geometry":{"type":"Polygon","coordinates":[[[6.859679550201856,47.16696948782399],[6.854734731811147,47.16794783279109],[6.849789913420439,47.16719525973948],[6.843271743723596,47.16945297889431],[6.842147921362072,47.17276430032141],[6.846755593044323,47.17457047564528],[6.8646243685925645,47.181343633109805],[6.8674339244963765,47.18608484333497],[6.874738769846287,47.186686901776255],[6.874626387610134,47.190901310865286],[6.8792340592923855,47.197147667193676],[6.88080741059852,47.20136207628271],[6.89035990067148,47.20647957303368],[6.893956132228359,47.20911357871432],[6.907554382802807,47.215886736178845],[6.911150614359686,47.21957434413175],[6.91587066827809,47.21995063065756],[6.924748864934134,47.22348772400014],[6.927558420837946,47.22649801620659],[6.928457478727166,47.229884594938845],[6.933851826062485,47.23221757139885],[6.940257613523175,47.23244334331433],[6.943067169426987,47.235303120910466],[6.943629080607749,47.235905179351754],[6.944078609552359,47.239517529999496],[6.948911045706915,47.24094741879756],[6.956215891056825,47.245312342496916],[6.953518717389167,47.247946348177564],[6.94868628123461,47.25140818421498],[6.947562458873086,47.25569785060918],[6.95003486806844,47.25772979784853],[6.95228251279149,47.26367512495628],[6.95093392595766,47.267136960993696],[6.952844423972252,47.27037302511563],[6.946213872039256,47.28000596017628],[6.945876725330798,47.28256470855177],[6.941606200357005,47.287004889556286],[6.948236752290001,47.29204712900209],[6.954080628569929,47.2937780470208],[6.963071207462126,47.292950216664025],[6.969364612686665,47.29415433354661],[6.97419704884122,47.292799702053706],[6.977006604745032,47.29445536276725],[6.977456133689642,47.29776668419435],[6.9849857435118565,47.29686359653241],[6.989818179666413,47.29814297072016],[6.99746017172478,47.297465654973706],[7.004203105893929,47.30280892364016],[7.008698395340028,47.30265840902983],[7.010496511118467,47.30416355513306],[7.012069862424601,47.30935630918919],[7.017127063051463,47.3153768936021],[7.0145422716199555,47.321246963404676],[7.01060889335462,47.32222530837178],[7.01060889335462,47.32576240171436],[7.027353846541337,47.327719091648554],[7.0347710741274,47.32967578158274],[7.0353329853081625,47.329751038887906],[7.036007278725077,47.32960052427758],[7.0465712089234085,47.32809537817436],[7.057584668066351,47.335771623300815],[7.054213200981777,47.33667471096275],[7.055449405579454,47.33983551777952],[7.060057077261705,47.341265406577584],[7.062529486457059,47.345103529140815],[7.0571351391217405,47.3476622775163],[7.050841733897203,47.34856536517823],[7.053538907564862,47.35300554618275],[7.050504587188746,47.362487966633076],[7.044211181964207,47.36542300153437],[7.0353329853081625,47.3649714577034],[7.034546309655095,47.36933638140275],[7.021285205789104,47.37166935786276],[7.01881279659375,47.37422810623824],[7.013081302549974,47.37415284893308],[7.007012661797741,47.36896009487695],[6.996898260544018,47.36482094309308],[6.983974303386485,47.36489620039824],[6.975320871202745,47.36120859244534],[6.971724639645866,47.36218693741243],[6.9663302923105475,47.36045601939372],[6.953855864097624,47.360230247478235],[6.95228251279149,47.361133335140174],[6.942617640482377,47.358950873290496],[6.933851826062485,47.35977870364727],[6.9258726872956595,47.3569941833563],[6.919466899834969,47.3569941833563],[6.916657343931157,47.35887561598533],[6.902721946648251,47.36075704861437],[6.900137155216744,47.359101387900814],[6.885639846753076,47.35420966306533],[6.880695028362368,47.35383337653953],[6.879795970473148,47.35880035868017],[6.883954113210789,47.36324053968469],[6.885752228989229,47.36835803643566],[6.8845160243915515,47.374529135458886],[6.896428541423713,47.38130229292341],[6.895866630242951,47.383033210942116],[6.904969591371301,47.38378578399373],[6.912836347901973,47.38754864925179],[6.912499201193516,47.39176305834083],[6.9103639387066185,47.39755787083825],[6.916320197222699,47.39876198772083],[6.920365957724188,47.40786812164535],[6.925535540587202,47.407266063204055],[6.938796644453193,47.40741657781438],[6.9417185825931575,47.41298561839631],[6.942617640482377,47.41742579940083],[6.9413814358847,47.43164943007632],[6.94003284905087,47.43511126611374],[6.955541597639911,47.436465897606645],[6.95868830025218,47.43511126611374],[6.964644558768261,47.43721847065826],[6.967116967963615,47.43909990328729],[6.971162728465104,47.44843180912729],[6.982288569844198,47.45038849906149],[6.989930561902566,47.44903386756858],[6.995999202654799,47.45068952828213],[7.0024049901154894,47.45512970928665],[6.998471611850153,47.45798948688278],[6.998921140794763,47.4614513229202],[7.00195546117088,47.46318224093891],[7.001618314462422,47.4637842993802],[7.000719256573202,47.465665732009235],[7.001281167753965,47.468299737689875],[6.992627735570225,47.46784819385891],[6.993863940167902,47.47266466138924],[6.989368650721803,47.47447083671311],[6.9874581527072115,47.47763164352988],[6.989481032957956,47.482598625670526],[6.989368650721803,47.488619210083435],[6.986783859290297,47.49358619222408],[6.98374953891418,47.495693396768594],[6.9862219481095345,47.49516659563247],[7.000494492100898,47.500208835078276],[7.001730696698575,47.501337694655696],[7.017688974232225,47.50517581721892],[7.025330966290593,47.50562736104989],[7.028140522194405,47.5026923261486],[7.037131101086602,47.50043460699376],[7.038030158975822,47.49892946089053],[7.045672151034189,47.499531519331825],[7.052190320731032,47.49659648443053],[7.061293281859382,47.49659648443053],[7.072194358766172,47.49366144952924],[7.075228679142288,47.489898584271174],[7.0757905903230505,47.48959755505053],[7.0757905903230505,47.48952229774537],[7.080735408713759,47.49050064271247],[7.092535543509769,47.49622019790473],[7.10130135792966,47.495693396768594],[7.112314817072602,47.49644596982021],[7.117259635463311,47.49810163053376],[7.1289473880231675,47.50495004530344],[7.138949407040737,47.503520156505374],[7.153559097740557,47.497499572092465],[7.158054387186656,47.49313464839311],[7.1613134720350775,47.491704759595045],[7.1703040509272755,47.49072641462795],[7.187049004113993,47.492607847256984],[7.19693864089541,47.49494082371698],[7.201995841522271,47.495241852937625],[7.203232046119949,47.493059391087954],[7.1917690580323965,47.48959755505053],[7.187948062003213,47.48410377177375],[7.185700417280163,47.478986275022784],[7.178507954166405,47.46950385457246],[7.179744158764082,47.46559047470407],[7.17918224758332,47.45949463298601],[7.173787900248001,47.447829750686005],[7.1714278732888,47.44481945847955],[7.181092745597912,47.44331431237632],[7.193230027102379,47.44015350555955],[7.1970510231315625,47.43676692682729],[7.207165424385284,47.436240125691164],[7.226495169003509,47.441131850526645],[7.232900956464199,47.440454534780194],[7.239531508397195,47.4351865234189],[7.238520068271823,47.431799944686645],[7.240318184050262,47.42961748283697],[7.244251562315599,47.42946696822664],[7.246386824802496,47.42743502098729],[7.246836353747105,47.4225432961518],[7.246723971510953,47.42246803884664],[7.246499207038648,47.421715465795025],[7.255040256986236,47.42540307374793],[7.271448063464495,47.428413365954384],[7.28347296273281,47.436014353775676],[7.287406340998146,47.43631538299632],[7.293137835041922,47.43450920767245],[7.300667444864137,47.43736898526858],[7.303926529712559,47.44007824825439],[7.312804726368603,47.439325675202774],[7.3255039190538325,47.44037927747503],[7.328313474957644,47.44165865166278],[7.327189652596119,47.43345560540019],[7.3413498143513305,47.430896857024706],[7.345170810380514,47.42592987488406],[7.35865667871881,47.41945774664019],[7.3582071497742,47.416372197128574],[7.3640510260541285,47.41607116790793],[7.37686260097551,47.4155443667718],[7.384841739742335,47.41358767683761],[7.389337029188434,47.40470731482857],[7.396754256774496,47.40470731482857],[7.400013341622918,47.39831044388986],[7.415522090211958,47.39560118090405],[7.414623032322739,47.39085997067889],[7.417095441518093,47.38619401775889],[7.413049681016604,47.38197960866986],[7.431705132217914,47.38085074909244],[7.438335684150909,47.3822806378905],[7.437099479553233,47.37949611759953],[7.441707151235484,47.38145280753373],[7.454631108393017,47.37483016467953],[7.459463544547573,47.37257244552469],[7.469690328037448,47.371594100557594],[7.480141875999627,47.37257244552469],[7.488570543711062,47.37106729942147],[7.49531347788021,47.372045644388564],[7.519812805361448,47.37347553318663],[7.525207152696766,47.372948732050496],[7.522959507973717,47.366476603806625],[7.533186291463592,47.3639931127363],[7.5350967894781835,47.36120859244534],[7.540603519049654,47.36150962166598],[7.542289252591941,47.35706944066146],[7.537793963145843,47.351575657384686],[7.540266372341197,47.34886639439888],[7.55319032949873,47.346683932549205],[7.5509426847756815,47.342394266155004],[7.5354339361866405,47.33584688060597],[7.528691002017493,47.32403148369565],[7.532736762518981,47.32245108028726],[7.5593713524871164,47.323730454475005],[7.524757623752157,47.31567792282274],[7.498235416020174,47.30378726860725],[7.491829628559484,47.30356149669177],[7.4872219568772325,47.30356149669177],[7.475197057608918,47.30830270691693],[7.46025022020064,47.30807693500145],[7.443280502541618,47.31003362493564],[7.4414823867631785,47.30980785302016],[7.422377406617259,47.30815219230661],[7.4203545263665145,47.310108882240804],[7.414061121141977,47.31131299912339],[7.412038240891232,47.31469957785564],[7.391809438383788,47.31447380594016],[7.379559774643169,47.316355238569194],[7.36596152406872,47.31063568337694],[7.350340393243528,47.307249104644676],[7.349216570882003,47.307023332729194],[7.351014686660442,47.30070171909564],[7.343485076838228,47.29897080107693],[7.348991806409698,47.293853304325964],[7.356521416231914,47.29558422234467],[7.361241470150317,47.29438010546209],[7.383830299616963,47.29686359653241],[7.396866639010649,47.29957285951822],[7.390685616022263,47.29310073127435],[7.393382789689922,47.28376882543434],[7.390460851549959,47.27586680839241],[7.3945066120514475,47.268867879012404],[7.393382789689922,47.25848237090015],[7.391247527203026,47.256676195576276],[7.376750218739357,47.25750402593305],[7.369445373389447,47.259761745087886],[7.346294632742039,47.2492257223653],[7.338652640683671,47.258632885510465],[7.34224887224055,47.263599867651116],[7.338315493975213,47.264201926092404],[7.337753582794451,47.269168908233056],[7.33955169857289,47.269996738589825],[7.355060447161931,47.27263074427047],[7.347755601812021,47.282489451246605],[7.340113609753653,47.28369356812919],[7.336292613724469,47.289563637931764],[7.3202219539546665,47.28843477835435],[7.319547660537752,47.28948838062661],[7.308309436922505,47.289413123321445],[7.281000553537456,47.285876029978866],[7.269088036505294,47.28723066147177],[7.262232720099993,47.28866055026983],[7.25751266618159,47.28692963225112],[7.2436896511348365,47.2867791176408],[7.233238103172657,47.289563637931764],[7.213683594082127,47.29091826942467],[7.211211184886773,47.29016569637306],[7.207277806621437,47.29317598857951],[7.209750215816792,47.296111023480805],[7.2067158954406745,47.296938853837574],[7.175361251554136,47.29558422234467],[7.164347792411195,47.29445536276725],[7.17007928645497,47.292272900917574],[7.165583997008872,47.29001518176273],[7.169854521982666,47.287381176082086],[7.171090726580342,47.28452139848596],[7.168730699621141,47.28263996585693],[7.169629757510361,47.27609258030789],[7.149625719475221,47.270448282420794],[7.146703781335257,47.266685417162726],[7.149850483947526,47.26367512495628],[7.144118989903751,47.26074009005499],[7.143781843195293,47.25735351132273],[7.150300012892136,47.25524630677821],[7.156593418116675,47.249075207754984],[7.151423835253661,47.247720576262076],[7.140185611638414,47.244635026750466],[7.129621681440082,47.246365944769174],[7.11265196378106,47.243280395257564],[7.104110913833472,47.244409254834984],[7.098604184262001,47.24132370532337],[7.09714321519202,47.238388670422076],[7.0891640764251935,47.23846392772724],[7.086916431702145,47.24102267610272],[7.089613605369804,47.24290410873176],[7.085904991576772,47.24666697398982],[7.080623026477607,47.24486079866595],[7.080285879769149,47.2492257223653],[7.058933254900181,47.2432051379524],[7.057809432538656,47.2418505064595],[7.059270401608638,47.232593857924655],[7.047807413521086,47.22815367692014],[7.04522262208958,47.22333720938981],[7.035894896488925,47.21114552595368],[7.02656717088827,47.199179614433035],[7.0238699972206105,47.19699715258336],[7.01701468081531,47.19616932222658],[7.000831638809355,47.194513661513035],[6.995999202654799,47.19060028164464],[6.985435272456467,47.177505510546574],[6.981164747482673,47.175548820612384],[6.977905662634251,47.176376650969154],[6.971387492937408,47.18262300729754],[6.9622845318090585,47.18337558034916],[6.9570025667098925,47.18224672077174],[6.9529568062084035,47.188718849015615],[6.946213872039256,47.18676215908142],[6.942392876010072,47.18578381411432],[6.941269053648547,47.18171991963561],[6.934638501715551,47.173366358762706],[6.91676972616731,47.16478702597431],[6.90631817820513,47.15846541234077],[6.884740788863857,47.15206854140205],[6.880582646126215,47.15590666396528],[6.880582646126215,47.15959427191818],[6.872491125123237,47.17314058684722],[6.869007275802511,47.172839557626574],[6.862264341633363,47.16696948782399],[6.859679550201856,47.16696948782399]]]},"properties":{"id":26,"code":"JU","name":"Jura"}}]}