{"type":"FeatureCollection","features":[{"type":"Feature","geometry":{"type":"Polygon","coordinates":[[[9.608324282018897,47.062136061734286],[9.61855106550877,47.0549113604388],[9.633947431861658,47.0525783839788],[9.637768427890842,47.05302992780977],[9.642600864045399,47.055212389659445],[9.646421860074582,47.06108245946203],[9.659570581704422,47.05950205605364],[9.66822401388816,47.061232974072354],[9.670584040847363,47.0605556583259],[9.683170851296438,47.06341543592203],[9.683395615768745,47.06025462910525],[9.689464256520978,47.05656702115235],[9.698904364357784,47.05370724355622],[9.702950124859274,47.0535567289459],[9.706995885360762,47.051675296316866],[9.708344472194591,47.04934231985686],[9.718121726739856,47.04618151304009],[9.719582695809839,47.04467636693686],[9.726325629978987,47.04535368268331],[9.733405710856593,47.044751624242025],[9.739474351608825,47.043171220833635],[9.742621054221095,47.04392379388525],[9.74655443248643,47.04241864778202],[9.749363988390243,47.03820423869299],[9.758242185046287,47.039182583660086],[9.764423208034673,47.03865578252396],[9.768581350772314,47.040085671322025],[9.783752952652897,47.03978464210138],[9.784652010542118,47.03978464210138],[9.790945415766656,47.036097034148476],[9.793193060489704,47.03301148463686],[9.802745550562664,47.03037747895621],[9.809038955787202,47.02525998220524],[9.813646627469453,47.02307752035557],[9.816793330081723,47.02383009340718],[9.825446762265463,47.020895058505886],[9.832077314198457,47.0156270471446],[9.837471661533776,47.01382087182073],[9.842304097688332,47.016454877501374],[9.854104232484342,47.01773425168911],[9.861970989015013,47.024657923763954],[9.868489158711856,47.0226259765246],[9.877592119840207,47.02255071921944],[9.881637880341696,47.0193146550975],[9.872534919213347,47.01434767295685],[9.872085390268737,47.0109610942246],[9.874333034991785,47.00780028740782],[9.890066548053131,47.0020054749104],[9.893662779610011,46.9916952241033],[9.884335054009355,46.984545780112974],[9.88590840531549,46.982137546347815],[9.877030208659445,46.97498810235749],[9.876917826423293,46.968817003334266],[9.872647301449499,46.96437682232975],[9.880064529035561,46.95835623791684],[9.876243533006377,46.951658337757486],[9.877929266548666,46.942025402696835],[9.881188351397086,46.940444999288445],[9.877479737604055,46.93592956097877],[9.881300733633239,46.93638110480974],[9.885796023079337,46.93434915757038],[9.895798042096906,46.93291926877232],[9.90141715390453,46.92862960237812],[9.909283910435203,46.926221368612964],[9.913666817645149,46.92735022819038],[9.917937342618943,46.92298530449102],[9.92411836560733,46.919523468453605],[9.929737477414951,46.9181688369607],[9.938952820779454,46.91455648631296],[9.947493870727042,46.91365339865102],[9.955810156202325,46.91658843355231],[9.960417827884577,46.91734100660393],[9.964463588386064,46.913728655956184],[9.973004638333652,46.91478225822844],[9.974465607403634,46.91651317624715],[9.979185661322038,46.9171904919936],[9.982107599462001,46.91470700092328],[9.98379333300429,46.907482299627794],[9.987389564561168,46.90672972657618],[9.991435325062657,46.90371943436973],[9.997166819106432,46.90356891975941],[10.00211163749714,46.901235943299405],[10.007281220360154,46.900107083721984],[10.01110221638934,46.9018380017407],[10.016271799252351,46.90146171521489],[10.027847169576056,46.89709679151554],[10.029982432062953,46.893258668952306],[10.036051072815185,46.88784014298069],[10.038748246482845,46.888065914896174],[10.04256924251203,46.885206137300045],[10.043805447109706,46.88174430126263],[10.046727385249671,46.88129275743166],[10.053919848363428,46.87707834834263],[10.052796026001904,46.87489588649295],[10.052234114821141,46.86571449526327],[10.05627987532263,46.86300523227746],[10.060887547004882,46.86210214461553],[10.07628391335777,46.86323100419295],[10.082464936346156,46.86165060078456],[10.087184990264557,46.86180111539488],[10.093028866544486,46.86007019737617],[10.0937031599614,46.85299601069101],[10.098198449407501,46.849985718484554],[10.103368032270513,46.846222853226486],[10.106739499355088,46.84223421605294],[10.112133846690405,46.84291153179939],[10.12045013216569,46.84547028017487],[10.121349190054907,46.84863108699165],[10.124495892667177,46.84975994656907],[10.132924560378612,46.84863108699165],[10.140791316909286,46.84863108699165],[10.148658073439957,46.852694981470364],[10.155962918789868,46.8516413791981],[10.15877247469368,46.84915788812778],[10.164054439792846,46.852243437639395],[10.170460227253535,46.85194240841875],[10.173157400921195,46.8549527006252],[10.182372744285697,46.856232074812944],[10.195071936970926,46.86774644250262],[10.200353902070093,46.86789695711295],[10.20518633822465,46.86594026717875],[10.220582704577538,46.8685742728594],[10.234068572915833,46.8675959278923],[10.232270457137393,46.870756734709076],[10.234180955151984,46.872939196558754],[10.233843808443527,46.87737937756327],[10.235979070930425,46.881819558567784],[10.235641924221968,46.887012312623916],[10.229011372288973,46.8915277509336],[10.227325638746684,46.897924621872306],[10.231820928192784,46.89958028258586],[10.23575430645812,46.90537509508328],[10.238451480125779,46.91696472007812],[10.243621062988794,46.920652328031025],[10.242047711682659,46.92524302364586],[10.24305915180803,46.93291926877232],[10.258905047105529,46.93103783614328],[10.259129811577832,46.93103783614328],[10.268232772706183,46.93013474848135],[10.29497974491047,46.92313581910135],[10.29823882975889,46.92125438647231],[10.302172208024228,46.92592033939231],[10.31093802244412,46.927124456274896],[10.317456192140963,46.92652239783361],[10.318580014502487,46.932241953025866],[10.311612315861035,46.936907905945866],[10.307566555359546,46.94142334425555],[10.3100389645549,46.944734665682645],[10.309139906665681,46.94857278824587],[10.310713257971816,46.95150782314716],[10.315208547417914,46.952486168114255],[10.325997242088551,46.95346451308136],[10.329256326936973,46.95527068840523],[10.331054442715413,46.96023767054587],[10.330492531534649,46.963097448142],[10.332627794021548,46.96821494489297],[10.33453829203614,46.96926854716523],[10.338134523593016,46.97596644732459],[10.342067901858353,46.97965405527749],[10.34139360844144,46.982589090178784],[10.34600128012369,46.98401897897685],[10.347911778138283,46.99086739374653],[10.35645282808587,46.99365191403749],[10.373422545744893,46.99199625332395],[10.379828333205584,46.99613540510782],[10.38612173843012,47.001252901858784],[10.390729410112371,47.00185496030008],[10.40016951794918,46.998167352347174],[10.403540985033754,46.992146767934265],[10.408148656716005,46.98988904877943],[10.41208203498134,46.98537361046975],[10.425005992138875,46.97957879797233],[10.428602223695753,46.97626747654523],[10.42759078357038,46.97017163482717],[10.42433169872196,46.966785056094906],[10.423769787541197,46.96121601551297],[10.430063192765736,46.957453150254906],[10.435232775628748,46.95767892217039],[10.439952829547153,46.955797489541354],[10.450516759745485,46.953615027691676],[10.456922547206176,46.95414182882781],[10.458383516276157,46.95218513889361],[10.465351214917611,46.949400618602645],[10.470296033308319,46.94842227363555],[10.474566558282113,46.94420786454651],[10.480185670089735,46.94142334425555],[10.489513395690391,46.94006871276264],[10.486703839786578,46.932768754162],[10.489738160162695,46.927576000105866],[10.486703839786578,46.91989975497941],[10.4876028976758,46.91673894816264],[10.484793341771987,46.91380391326135],[10.479960905617432,46.91184722332715],[10.479174229964364,46.904773036641984],[10.476589438532857,46.90244006018199],[10.476477056296705,46.89559164541231],[10.470633180016776,46.89062466327166],[10.466137890570678,46.88558242382585],[10.470633180016776,46.88242161700908],[10.472656060267521,46.87421857074649],[10.4717570023783,46.86797221441811],[10.469396975419098,46.863381518803266],[10.473217971448282,46.85006097578972],[10.470296033308319,46.849082630822615],[10.465351214917611,46.842685759883906],[10.467936006349117,46.84072906994971],[10.467936006349117,46.83719197660713],[10.4580463695677,46.831547678720035],[10.46175498336073,46.82582812352777],[10.457372076150785,46.82334463245745],[10.459170191929225,46.81777559187551],[10.452202493287771,46.80550865113422],[10.44894340843935,46.80242310162261],[10.440402358491763,46.79888600828002],[10.430962250654956,46.79805817792325],[10.428040312514991,46.79068296201744],[10.424219316485807,46.78955410244002],[10.430400339474193,46.78654381023357],[10.435232775628748,46.78315723150131],[10.436468980226426,46.77886756510711],[10.44073950520022,46.77653458864712],[10.443099532159422,46.77322326722002],[10.443099532159422,46.76833154238453],[10.445234794646318,46.76449341982131],[10.445234794646318,46.75854809271356],[10.443099532159422,46.75335533865743],[10.436918509171036,46.75388213979356],[10.424444080958112,46.74650692388775],[10.414329679704391,46.74206674288323],[10.412419181689799,46.73943273720259],[10.401630487019162,46.73408946853613],[10.409047714605224,46.73062763249872],[10.411070594855968,46.72686476724065],[10.415903031010526,46.72197304240517],[10.420173555984318,46.720317381691615],[10.41938688033125,46.71572668607678],[10.416802088899743,46.71346896692194],[10.415565884302067,46.7088782713071],[10.411407741564426,46.70669580945742],[10.404777189631432,46.70677106676258],[10.399607606768416,46.69947110816193],[10.394775170613862,46.690440231542574],[10.38881891209778,46.68840828430322],[10.384997916068595,46.68855879891354],[10.383199800290157,46.68554850670709],[10.386683649610884,46.68329078755225],[10.392752290363116,46.673958881712245],[10.39286467259927,46.673131051355476],[10.39241514365466,46.66914241418193],[10.394213259433098,46.66267028593805],[10.39241514365466,46.66011153756257],[10.395449464030776,46.65589712847353],[10.401630487019162,46.647242538379984],[10.403653367269905,46.6380611471503],[10.410508683675207,46.636330229131595],[10.421634525054301,46.63956629325353],[10.44489764793786,46.64061989552579],[10.447482439369367,46.64250132815482],[10.46400262808378,46.634298281892235],[10.485692399661207,46.61864476241868],[10.493446773955727,46.61661281517933],[10.492547716066507,46.61232314878514],[10.485917164133511,46.60630256437223],[10.488839102273475,46.59922837768707],[10.485242870716597,46.593358307884486],[10.489288631218086,46.59072430220384],[10.485018106244292,46.58214496941545],[10.486254310841968,46.57845736146255],[10.476139909588248,46.567695566824476],[10.475465616171332,46.56385744426125],[10.479174229964364,46.558363660984476],[10.472431295795214,46.5495585562806],[10.473667500392892,46.544742088750276],[10.467036948459898,46.54248436959544],[10.460518778763054,46.5425596269006],[10.459956867582292,46.537818416675435],[10.454225373538517,46.53194834687286],[10.43804233153256,46.53864624703221],[10.419499262567403,46.552568848487056],[10.398708548879197,46.545193632581245],[10.385672209485511,46.55128947429931],[10.380615008858651,46.551214216994154],[10.371849194438758,46.5552028541677],[10.353418507709753,46.55693377218641],[10.351620391931313,46.55068741585802],[10.339820257135305,46.54391425839351],[10.326222006560856,46.55294513501286],[10.312061844805644,46.547902895567056],[10.308802759957224,46.55068741585802],[10.296777860688909,46.55113895968899],[10.295092127146622,46.553020392318025],[10.298014065286587,46.556331713745124],[10.296553096216606,46.559944064392866],[10.289922544283609,46.56581413419545],[10.288012046269017,46.57153368938771],[10.272503297679977,46.57522129734061],[10.270030888484623,46.57875839068319],[10.264411776676999,46.57823158954706],[10.254971668840192,46.5725120343548],[10.247329676781824,46.5758233557819],[10.244969649822622,46.579059419903835],[10.242946769571878,46.592831506748354],[10.260253633939357,46.61172109034384],[10.2462058544203,46.62346122994901],[10.24260962286342,46.628277697479334],[10.240586742612676,46.636556001047076],[10.230584723595108,46.63286839309417],[10.22530275849594,46.63023438741353],[10.221032233522147,46.62519214796772],[10.221369380230605,46.62285917150772],[10.2166493263122,46.61819321858772],[10.207771129656155,46.622031341150944],[10.19473479026247,46.62436431761095],[10.194172879081707,46.627224095207076],[10.184395624536442,46.62519214796772],[10.163604910848235,46.61698910170514],[10.153715274066819,46.6160860140432],[10.145061841883079,46.612247891479974],[10.138768436658541,46.61202211956449],[10.13786937876932,46.60901182735804],[10.129777857766342,46.6067541082032],[10.120674896637993,46.60728090933933],[10.11460625588576,46.60833451161159],[10.108088086188918,46.61187160495417],[10.10370517897897,46.61194686225933],[10.100221329658245,46.606678850898035],[10.1026937388536,46.602238669893524],[10.09954703624133,46.59945414960255],[10.098423213879805,46.59448716746191],[10.102468974381294,46.59027275837287],[10.102918503325903,46.58583257736836],[10.099659418477483,46.58319857168771],[10.096737480337518,46.578607876072866],[10.084263052124594,46.57657592883351],[10.0799925271508,46.57642541422319],[10.081003967276173,46.572587291659964],[10.086623079083797,46.568372882570934],[10.07898108702543,46.56197601163222],[10.072462917328586,46.5598688070877],[10.069091450244011,46.55159050351996],[10.064933307506369,46.55001010011157],[10.062910427255625,46.54707506521028],[10.057965608864917,46.545870948327696],[10.053357937182666,46.5462472348535],[10.048075972083499,46.54526888988641],[10.045266416179688,46.5415812819335],[10.04537879841584,46.53864624703221],[10.047064531958128,46.53684007170834],[10.054594141780342,46.53307720645027],[10.051896968112683,46.52999165693866],[10.055268435197258,46.5238958152206],[10.055043670724952,46.51953089152124],[10.052796026001904,46.51456390938059],[10.048413118791958,46.511779389089625],[10.043693064873555,46.511327845258656],[10.044030211582012,46.507564980000595],[10.046390238541214,46.503124798996076],[10.050435999042701,46.50109285175672],[10.046839767485823,46.4976310157193],[10.046502620777366,46.49161043130639],[10.049874087861939,46.489051682930906],[10.045266416179688,46.484310472705744],[10.044479740526622,46.48152595241478],[10.046502620777366,46.47821463098768],[10.05313317271036,46.47302187693155],[10.052908408238057,46.469033239758],[10.055156052961106,46.46504460258445],[10.053807466127274,46.461658023852195],[10.047963589847347,46.4587229889509],[10.043355918165096,46.4536807495051],[10.043693064873555,46.45006839885735],[10.04268162474818,46.44909005389025],[10.040658744497437,46.44811170892316],[10.043468300401248,46.443822042528964],[10.05762846215646,46.44209112451025],[10.059538960171052,46.43960763343993],[10.0594265779349,46.43328601980638],[10.061561840421795,46.429598411853476],[10.065719983159436,46.427114920783154],[10.075609619940854,46.429748926463795],[10.081453496220782,46.42719017808831],[10.080666820567714,46.42433040049218],[10.088084048153778,46.42252422516831],[10.095613657975994,46.42365308474573],[10.096063186920603,46.423126283609605],[10.101907063200532,46.42259948247347],[10.109436673022746,46.42952315454831],[10.118539634151098,46.42719017808831],[10.12056251440184,46.43035098490509],[10.128429270932514,46.43163035909283],[10.13056453341941,46.43298499058573],[10.130676915655563,46.43298499058573],[10.134385529448593,46.43035098490509],[10.144499930702317,46.42952315454831],[10.145623753063841,46.425760289290245],[10.148433308967654,46.42417988588186],[10.150793335926855,46.414020149685086],[10.158435327985224,46.417105699196696],[10.162930617431321,46.41492323734702],[10.167987818058183,46.408827395628954],[10.168100200294335,46.40830059449282],[10.164054439792846,46.40634390455863],[10.163604910848235,46.40032332014572],[10.165065879918219,46.39708725602379],[10.16517826215437,46.3918192446625],[10.163380146375932,46.38888420976121],[10.15742388785985,46.38625020408056],[10.143938019521554,46.38745432096314],[10.128766417640971,46.37887498817475],[10.129890240002496,46.37548840944249],[10.128204506460209,46.37375749142378],[10.13056453341941,46.3622431237341],[10.120674896637993,46.3585555157812],[10.114943402594218,46.3538895628612],[10.111459553273491,46.35441636399732],[10.109324290786596,46.35208338753733],[10.110785259856577,46.347567949227646],[10.107413792772004,46.343504054748934],[10.105615676993562,46.33492472196055],[10.111234788801188,46.329054652157964],[10.115168167066523,46.32228149469345],[10.11775295849803,46.31535782261861],[10.124833039375634,46.313250618074086],[10.134835058393204,46.30707951905086],[10.13966749454776,46.30580014486312],[10.138993201130845,46.30218779421538],[10.146859957661519,46.29684452554892],[10.153827656302973,46.295414636750856],[10.157985799040613,46.29044765461021],[10.156187683262173,46.28600747360569],[10.16382967532054,46.283599239840534],[10.162593470722864,46.2784064857844],[10.16472873320976,46.275621965493436],[10.16472873320976,46.27261167328698],[10.16922402265586,46.27125704179408],[10.173269783157348,46.267795205756656],[10.175517427880397,46.26230142247988],[10.1778774548396,46.25951690218891],[10.176304103533464,46.25582929423601],[10.152254304996838,46.24085309050891],[10.14730948660613,46.23174695658439],[10.13550935181012,46.22730677557987],[10.120337749929536,46.22662945983342],[10.106964263827393,46.228811921683096],[10.09640033362906,46.2297902666502],[10.084824963305357,46.22760780480052],[10.07223815285628,46.21842641357084],[10.059876106879509,46.22625317330761],[10.050548381278855,46.22843563515729],[10.045266416179688,46.23159644197407],[10.055043670724952,46.23701496794568],[10.055156052961106,46.24296029505342],[10.058190373337222,46.245067499597944],[10.05852752004568,46.24792727719407],[10.062011369366406,46.249507680602456],[10.0617866048941,46.25003448173859],[10.0617866048941,46.25010973904375],[10.059763724643357,46.25477569196375],[10.0594265779349,46.25944164488375],[10.055043670724952,46.268246749587625],[10.05212173258499,46.26839726419795],[10.04492926947123,46.271332299099235],[10.040209215552828,46.274718877831496],[10.030431961007562,46.27863225769988],[10.010540305208576,46.281868321821825],[9.997391583578736,46.28600747360569],[9.993121058604943,46.29737132668505],[9.997391583578736,46.298575443567636],[10.002224019733294,46.30474654259086],[9.997616348051043,46.30873517976441],[10.000987815135616,46.31106815622441],[10.001549726316378,46.314304220346344],[9.996267761217212,46.315282565313446],[9.987164800088863,46.321679436252154],[9.98154568828124,46.324388699237964],[9.985816213255033,46.330183511735385],[9.986940035616557,46.335526780401835],[9.99750396581489,46.343579312054096],[9.996267761217212,46.349599896467],[9.998065876995652,46.35215864484248],[9.995143938855687,46.35366379094571],[9.9866028889081,46.35298647519926],[9.985591448782728,46.35479265052313],[9.972667491625195,46.362017351818615],[9.965924557456047,46.36502764402507],[9.95738350750846,46.37466057908572],[9.960080681176118,46.37947704661604],[9.954461569368494,46.38038013427798],[9.939739496432521,46.37729458476636],[9.933333708971832,46.374961608306364],[9.931086064248781,46.372779146456686],[9.932322268846459,46.36976885425023],[9.926141245858073,46.367134848569584],[9.925466952441159,46.36999462616571],[9.921308809703516,46.37285440376185],[9.918049724855095,46.371800801489584],[9.91096964397749,46.3809069354141],[9.90860961701829,46.382111052296686],[9.887594138857777,46.37443480717023],[9.881975027050153,46.36969359694507],[9.869500598837229,46.36367301253217],[9.866466278461113,46.365855474381846],[9.85758808180507,46.364049299057974],[9.85084514763592,46.365855474381846],[9.847473680551346,46.36307095409087],[9.833313518796135,46.3618668372083],[9.829267758294646,46.35697511237281],[9.819040974804771,46.351105042570225],[9.81072468932949,46.34975041107732],[9.803644608451883,46.34546074468313],[9.794429265087382,46.344632914326354],[9.789484446696672,46.34229993786636],[9.785888215139794,46.342224680561195],[9.779931956623713,46.336655639979256],[9.770941377731516,46.337107183810225],[9.762962238964692,46.34124633559409],[9.758916478463203,46.34561125929345],[9.748689694973327,46.349148352636035],[9.744868698944144,46.35306173250442],[9.734979062162726,46.35005144029797],[9.731832359550458,46.34704114809152],[9.728011363521274,46.34546074468313],[9.724415131964395,46.34199890864571],[9.726775158923596,46.33913913104958],[9.728348510229731,46.333946376993445],[9.724639896436699,46.33251648819538],[9.724527514200547,46.33025876904055],[9.720369371462906,46.32837733641151],[9.718571255684466,46.325216529594734],[9.719582695809839,46.32288355313474],[9.727337070104358,46.32092686320054],[9.727112305632055,46.31452999226183],[9.725763718798223,46.311218670834734],[9.719470313573686,46.3066279752199],[9.715649317544502,46.29842492895731],[9.715761699780655,46.29413526256312],[9.703961564984645,46.2920280580186],[9.695420515037059,46.295188864835374],[9.689913785465588,46.29503835022505],[9.683058469060287,46.29834967165215],[9.682496557879524,46.301209449248276],[9.677776503961121,46.30429499875989],[9.671258334264278,46.30113419194312],[9.670584040847363,46.29752184129538],[9.664740164567434,46.29834967165215],[9.65676102580061,46.294511549088924],[9.652265736354511,46.29375897603731],[9.651029531756834,46.2910497130515],[9.643949450879228,46.2883404500657],[9.639678925905434,46.2877383916244],[9.636419841057013,46.287362105098595],[9.625743528622529,46.289619824253435],[9.623608266135632,46.28909302311731],[9.62349588389948,46.28909302311731],[9.620124416814905,46.28856622198118],[9.612931953701148,46.29421051986828],[9.600569907724376,46.29691978285408],[9.593939355791381,46.294737321004405],[9.591242182123722,46.29616720980247],[9.584499247954573,46.29556515136118],[9.580565869689236,46.29609195249731],[9.574384846700852,46.300306361586344],[9.570788615143972,46.30068264811215],[9.562359947432537,46.30482179989602],[9.56112374283486,46.30753106288183],[9.55561701326339,46.307230033661185],[9.550784577108832,46.30361768301344],[9.540445411382805,46.3093372382057],[9.534601535102878,46.31385267651538],[9.519879462166905,46.32807630719087],[9.519092786513838,46.33236597358506],[9.515496554956957,46.333570090467646],[9.513248910233909,46.33763398494635],[9.512012705636232,46.34342879744377],[9.509427914204725,46.34967515377216],[9.509765060913182,46.352685445978615],[9.506393593828609,46.35373904825087],[9.501785922146357,46.35742665620378],[9.501224010965595,46.36096374954636],[9.496054428102582,46.36623176090765],[9.488524818280366,46.36736062048507],[9.483242853181201,46.369166795808944],[9.480545679513542,46.37247811723604],[9.466160753286026,46.37511212291668],[9.462114992784537,46.377219327461205],[9.464025490799129,46.380304876972815],[9.463014050673756,46.384745057977334],[9.46638551775833,46.38549763102895],[9.469869367079056,46.39016358394895],[9.467621722356007,46.393249133460564],[9.468071251300618,46.39942023248379],[9.465374077632958,46.40656967647411],[9.46278928620145,46.4104830563425],[9.46278928620145,46.41341809124379],[9.458406378991505,46.416428383450246],[9.457507321102286,46.41718095650186],[9.457057792157675,46.41763250033283],[9.45548444085154,46.421997424032185],[9.457394938866132,46.430200470294764],[9.458968290172267,46.43351179172186],[9.458293996755353,46.43795197272638],[9.461890228312232,46.4437467852238],[9.46132831713147,46.45217560340187],[9.459867348061486,46.45902401817155],[9.460316877006097,46.464593058753486],[9.46548645986911,46.467904380180585],[9.466610282230635,46.47091467238703],[9.46413787303528,46.48175172433026],[9.450989151405443,46.481224923194134],[9.450314857988527,46.48558984689349],[9.462339757256842,46.486116648029615],[9.464025490799129,46.49891038990704],[9.462339757256842,46.50673714964382],[9.46548645986911,46.50914538340898],[9.459754965825335,46.50959692723995],[9.456271116504608,46.50658663503349],[9.435368020580249,46.49921141912769],[9.431996553495676,46.49469598081801],[9.426040294979595,46.48987951328768],[9.427726028521882,46.48717025030188],[9.42581553050729,46.48408470079026],[9.425703148271136,46.477913601767035],[9.41896021410199,46.4733229061522],[9.4149144536005,46.46843118131671],[9.411992515460536,46.4680548947909],[9.390977037300026,46.47430125111929],[9.38940368599389,46.48024657822704],[9.386369365617774,46.48340738504381],[9.377041640017119,46.48664344916575],[9.374681613057916,46.49048157172897],[9.372433968334867,46.490632086339296],[9.369624412431056,46.495749583090266],[9.371085381501038,46.4989856472122],[9.374569230821765,46.50101759445156],[9.374681613057916,46.50478045970962],[9.374456848585613,46.504855717014784],[9.36895011901414,46.50688766425414],[9.365466269693414,46.51034950029156],[9.363555771678822,46.51072578681737],[9.356363308565065,46.505533032761235],[9.352317548063576,46.50658663503349],[9.340292648795263,46.505081488930266],[9.338719297489128,46.507263950779944],[9.312309471993299,46.50538251815092],[9.306353213477218,46.502146454028974],[9.291968287249702,46.49830833146575],[9.284326295191335,46.49800730224511],[9.280392916925997,46.4929650627993],[9.280842445870608,46.49078260094962],[9.275560480771441,46.48491253114704],[9.278819565619862,46.480321835532195],[9.277583361022185,46.47347342076252],[9.275110951826832,46.470989929692195],[9.275560480771441,46.464593058753486],[9.278931947856016,46.462937398039934],[9.275110951826832,46.45804567320445],[9.271514720269952,46.455035380998],[9.263423199266974,46.45134777304509],[9.253983091430168,46.450745714603805],[9.248251597386393,46.448036451617995],[9.250049713164831,46.439381861524446],[9.249487801984069,46.43449013668896],[9.251061153290204,46.43223241753412],[9.262074612433146,46.426211833121215],[9.264771786100804,46.42184690942186],[9.270840426853038,46.4194386756567],[9.274436658409916,46.42056753523412],[9.277246214313728,46.41921290374121],[9.278145272202948,46.416202611534764],[9.281741503759827,46.41432117890573],[9.283314855065962,46.40634390455863],[9.28095482810676,46.39949548978895],[9.276571920896814,46.396184168361856],[9.279718623509083,46.39031409855927],[9.284775824135943,46.3875295782683],[9.284775824135943,46.38489557258766],[9.27915671232832,46.38022961966765],[9.277358596549881,46.36901628119862],[9.28005577021754,46.367812164316035],[9.28376438401057,46.35908231691732],[9.297699781293478,46.356899855067645],[9.298935985891154,46.34937412455152],[9.301183630614204,46.344858686241835],[9.294328314208903,46.33959067488055],[9.293541638555837,46.335526780401835],[9.299947426016526,46.327022704918605],[9.297025487876562,46.32371138349151],[9.296351194459648,46.31904543057151],[9.29241781619431,46.31678771141667],[9.28646155767823,46.31558359453409],[9.282865326121351,46.31046609778312],[9.284888206372095,46.30715477635602],[9.286236793205926,46.298123899736666],[9.275335716299136,46.292479601849564],[9.268929928838446,46.283373467925045],[9.260388878890858,46.2797611172773],[9.260164114418554,46.27953534536182],[9.260388878890858,46.27441784861085],[9.25825361640396,46.270654983352784],[9.258141234167809,46.270654983352784],[9.253308798013252,46.26862303611343],[9.253308798013252,46.26847252150311],[9.2531964157771,46.26794572036698],[9.254320238138625,46.263580796667625],[9.250274477637136,46.2574096976444],[9.252522122360185,46.25259323011407],[9.24960018422022,46.24875510755084],[9.250948771054052,46.24604584456504],[9.251061153290204,46.24092834781407],[9.249712566456374,46.23498302070632],[9.247689686205629,46.233252102687615],[9.23678860929884,46.23460673418052],[9.222516065307477,46.230166553176005],[9.224201798849764,46.225049056425036],[9.221392242945953,46.22196350691342],[9.220043656112122,46.21549137866955],[9.215660748902176,46.21195428532697],[9.20813113907996,46.21135222688567],[9.203860614106167,46.20969656617213],[9.199028177951611,46.200289403026964],[9.198691031243154,46.197128596210185],[9.195993857575495,46.194870877055344],[9.196668150992409,46.19065646796631],[9.199252942423916,46.188248234201154],[9.196106239811646,46.1852379419947],[9.195207181922427,46.17966890141276],[9.188801394461736,46.176207065375344],[9.184980398432552,46.1716163697605],[9.182283224764893,46.170412252877924],[9.178349846499557,46.17199265628631],[9.174079321525763,46.17214317089663],[9.170033561024274,46.1725947147276],[9.16115536436823,46.17093905401405],[9.1598067775344,46.16612258648372],[9.15654769268598,46.16273600775147],[9.150591434169897,46.16168240547921],[9.148006642738391,46.160177259375985],[9.142162766458462,46.1562638795076],[9.135756978997772,46.15453296148888],[9.133621716510875,46.1506195816205],[9.1302502494263,46.148587634381144],[9.122720639604086,46.1360196644192],[9.11339291400343,46.13594440711404],[9.105863304181216,46.13315988682307],[9.101705161443574,46.12992382270114],[9.096198431872104,46.12728981702049],[9.090354555592175,46.126988787799846],[9.086421177326839,46.124053752898554],[9.079903007629996,46.122473349490164],[9.07372198464161,46.11923728536823],[9.07507057147544,46.11532390549984],[9.07922871421308,46.11050743796952],[9.081701123408436,46.10554045582887],[9.090354555592175,46.09124156784822],[9.09057932006448,46.086876644148866],[9.085409737201466,46.079952972074025],[9.079790625393844,46.0761148495108],[9.079453478685386,46.06640665714499],[9.07507057147544,46.063697394159185],[9.071474339918561,46.0638479087695],[9.061584703137143,46.061891218835314],[9.056639884746435,46.06332110763338],[9.05135791964727,46.06354687954886],[9.051133155174965,46.06339636493854],[9.045963572311951,46.060160300816605],[9.040569224976633,46.060160300816605],[9.0300052947783,46.05421497370886],[9.023824271789914,46.053913944488215],[9.018429924454598,46.05090365228176],[9.017306102093071,46.047818102770144],[9.018092777746139,46.04435626673273],[9.010675550160077,46.038486196930144],[9.008765052145485,46.03103572371918],[9.008877434381636,46.03080995180369],[9.010226021215466,46.028025431512724],[9.015283221842328,46.02531616852691],[9.023711889553763,46.018016209926266],[9.023711889553763,46.0179409526211],[9.025734769804506,46.00198640392691],[9.029668148069844,45.994836959936585],[9.02404903626222,45.993933872274646],[9.023711889553763,45.99069780815271],[9.019216600107663,45.98881637552368],[9.012586048174668,45.98911740474433],[9.012361283702363,45.984376194519164],[9.00988887450701,45.983247334941744],[9.009551727798552,45.981967960754],[9.003483087046318,45.98068858656626],[8.996515388404866,45.981666931533354],[8.996964917349475,45.9739906864069],[8.992469627903377,45.973012341439805],[8.990109600944175,45.97150719533658],[8.995166801571036,45.96774433007851],[9.010226021215466,45.96360517829464],[9.015170839606174,45.96172374566561],[9.016519426440004,45.9520155532998],[9.018429924454598,45.95035989258625],[9.013485106063888,45.9450166239198],[9.014721310661566,45.942683647459795],[9.023262360609152,45.93929706872754],[9.020452804705341,45.92966413366689],[9.027308121110641,45.929965162887534],[9.03090435266752,45.92763218642754],[9.031016734903673,45.92763218642754],[9.037984433545127,45.927556929122375],[9.043940692061206,45.928685788699795],[9.050571243994202,45.92326726272818],[9.056527502510283,45.921310572793985],[9.061135174192534,45.92213840315076],[9.060236116303315,45.91769822214624],[9.067428579417072,45.915289988381076],[9.070687664265494,45.91288175461592],[9.073834366877762,45.91401061419334],[9.077767745143099,45.91258072539527],[9.076643922781575,45.90723745672882],[9.078104891851556,45.9004642992643],[9.087994528632974,45.90339933416559],[9.090017408883718,45.89805606549914],[9.086308795090687,45.8971529778372],[9.08282494576996,45.893013826053334],[9.079003949740777,45.88624066858881],[9.072598162280086,45.88292934716171],[9.06686666823631,45.877209791969456],[9.055965591329521,45.874726300899134],[9.050346479521897,45.863813991650744],[9.050571243994202,45.85967483986687],[9.052594124244946,45.85666454766042],[9.046525483492713,45.85079447785784],[9.044952132186578,45.847784185651385],[9.04180542957431,45.84763367104106],[9.039782549323565,45.84319349003655],[9.036635846711295,45.84101102818687],[9.036635846711295,45.840860513576544],[9.036523464475144,45.840258455135256],[9.038995873670498,45.83672136179267],[9.035624406585924,45.833485297670734],[9.035961553294381,45.83115232121074],[9.032140557265198,45.82588430984944],[9.035624406585924,45.824153391830734],[9.032590086209808,45.821970929981056],[9.023487125081457,45.823099789558476],[9.01764324880153,45.81911115238493],[9.00539358506091,45.821444128844924],[8.999549708780982,45.82407813452557],[8.99404297920951,45.82430390644105],[8.997976357474847,45.83476467185848],[8.998650650891761,45.83604404604622],[8.998650650891761,45.83611930335138],[8.991008658833394,45.83649558987719],[8.987861956221126,45.83980691130429],[8.982579991121959,45.836871876402995],[8.977298026022794,45.83777496406493],[8.974488470118981,45.83363581228106],[8.971117003034408,45.8335605549759],[8.968082682658292,45.8358935314359],[8.962351188614516,45.83777496406493],[8.96212642414221,45.84070999896622],[8.957293987987654,45.84274194620558],[8.949989142637744,45.84462337883461],[8.947853880150847,45.843946063088154],[8.940549034800936,45.84259143159525],[8.934030865104093,45.84010794052493],[8.93020986907491,45.83453889994299],[8.921668819127323,45.83536673029977],[8.91335253365204,45.8316038650417],[8.913914444832802,45.83920485286299],[8.915375413902783,45.84341926195203],[8.921893583599626,45.85049344863719],[8.933693718395636,45.86215833093719],[8.940549034800936,45.864942851228164],[8.946505293317017,45.8681789153501],[8.945606235427798,45.868931488401714],[8.943246208468596,45.8714902367772],[8.938189007841736,45.868479944570744],[8.935267069701771,45.87179126599784],[8.934705158521009,45.8798437976501],[8.93301942497872,45.886315925893975],[8.928524135532623,45.89286331144301],[8.925377432920353,45.893239597968815],[8.923129788197304,45.89640040478559],[8.923017405961152,45.89647566209075],[8.926051726337269,45.90204470267269],[8.926051726337269,45.90490448026882],[8.921444054655018,45.910172491630114],[8.917847823098139,45.914913701855276],[8.915487796138937,45.91897759633398],[8.90829533302518,45.918902339028826],[8.903125750162165,45.92432086500044],[8.89930475413298,45.926879613375924],[8.893910406797662,45.93417957197657],[8.894135171269967,45.9370393495727],[8.899417136369134,45.94524239583528],[8.899979047549897,45.94900526109335],[8.898180931771456,45.95178978138431],[8.898405696243762,45.955627903947544],[8.894921846923035,45.96021859956238],[8.882784565418568,45.9580361377127],[8.871209195094865,45.9623258041069],[8.870759666150255,45.962551576022385],[8.866039612231852,45.96661547050109],[8.860195735951923,45.96819587390948],[8.860195735951923,45.96827113121464],[8.850643245878963,45.974141201017225],[8.847946072211304,45.97737726513916],[8.844686987362882,45.97850612471658],[8.843900311709815,45.98264527650045],[8.841203138042156,45.98287104841594],[8.840416462389088,45.98535453948626],[8.835359261762228,45.98640814175852],[8.83277447033072,45.98919266204948],[8.828054416412318,45.988440088997876],[8.820749571062407,45.98866586091336],[8.815018077018632,45.99160089581465],[8.79355306991351,45.993106041917876],[8.791979718607376,45.98979472049078],[8.787034900216668,45.99024626432175],[8.78950730941202,45.99589056220884],[8.794227363330425,46.009286362527554],[8.79861027054037,46.01372654353207],[8.805353204709519,46.02012341447079],[8.807038938251806,46.023133706677235],[8.820861953298559,46.02667080001982],[8.828279180884621,46.03344395748434],[8.831201119024586,46.04277586332434],[8.833898292692245,46.04179751835724],[8.836595466359904,46.044958325174015],[8.831538265733045,46.04857067582176],[8.835696408470685,46.05255931299531],[8.845361280779798,46.04969953539918],[8.855700446505825,46.062794306497246],[8.855363299797366,46.06979323587725],[8.853340419546623,46.07671690795209],[8.848620365628218,46.07694267986757],[8.842551724875985,46.081683890092734],[8.834909732817618,46.0840921238579],[8.827604887467707,46.090639509406934],[8.825694389453115,46.090187965575964],[8.822322922368542,46.09432711735984],[8.818839073047815,46.095531234242415],[8.816479046088613,46.09846626914371],[8.807151320487957,46.102454906317256],[8.800970297499573,46.09590752076822],[8.792878776496595,46.09605803537855],[8.784225344312855,46.0953807196321],[8.76939088914073,46.10192810518113],[8.766581333236918,46.101551818655324],[8.761411750373904,46.10260542092758],[8.757028843163958,46.10599199965984],[8.74343059258951,46.123451694457266],[8.725561817041267,46.111561040241774],[8.71926841181673,46.102906450148225],[8.715110269079087,46.09846626914371],[8.69791578694776,46.10313222206371],[8.697803404711607,46.10320747936887],[8.697691022475455,46.10320747936887],[8.697578640239303,46.10320747936887],[8.687014710040971,46.10328273667403],[8.682519420594872,46.10697034462694],[8.681507980469501,46.110883724495324],[8.676226015370334,46.1117115548521],[8.671168814743474,46.11005589413855],[8.668696405548118,46.111561040241774],[8.658806768766702,46.11389401670178],[8.657458181932872,46.11713008082371],[8.648692367512979,46.12458055403469],[8.62093395518332,46.12269912140565],[8.613404345361104,46.12390323828823],[8.610819553929598,46.12796713276694],[8.610819553929598,46.13406297448501],[8.60587473553889,46.13647120825017],[8.603402326343534,46.139632015066944],[8.593962218506729,46.14422271068179],[8.595310805340558,46.14851237707598],[8.601042299384334,46.151221640061785],[8.601042299384334,46.1543071895734],[8.60407661976045,46.15656490872824],[8.589129782352172,46.157919540221144],[8.590028840241391,46.160177259375985],[8.58542116855914,46.16401538193921],[8.579352527806908,46.16303703697211],[8.574744856124656,46.16574629995792],[8.573283887054675,46.16815453372308],[8.57081147785932,46.17831426991986],[8.56485521934324,46.18501217007922],[8.556314169395652,46.18839874881147],[8.554740818089517,46.1932152163418],[8.546649297086539,46.19750488273599],[8.541479714223527,46.19901002883922],[8.53754633595819,46.20548215708309],[8.533725339929006,46.216770752857286],[8.530915784025193,46.22038310350503],[8.529117668246755,46.22106041925149],[8.522824263022216,46.22309236649084],[8.518666120284575,46.22143670577729],[8.51203556835158,46.22241505074439],[8.503044989459383,46.22730677557987],[8.487985769814951,46.23152118466891],[8.478658044214297,46.23159644197407],[8.469779847558252,46.234155190349554],[8.467195056126744,46.23821908482826],[8.466970291654441,46.24326132427407],[8.465509322584458,46.24536852881859],[8.465396940348306,46.24559430073407],[8.465172175876,46.245744815344395],[8.451236778593096,46.24935716599214],[8.44820245821698,46.24920665138181],[8.445617666785472,46.25010973904375],[8.443145257590118,46.25560352232053],[8.448876751633893,46.25929113027343],[8.449551045050807,46.262451937090205],[8.456855890400718,46.265311714686334],[8.45056248517618,46.27592299471408],[8.435390883295597,46.28909302311731],[8.434828972114834,46.29308166029086],[8.428985095834907,46.29993007506054],[8.43415467869792,46.30346716840312],[8.441571906283983,46.30534860103215],[8.440110937214001,46.307907349407635],[8.439998554977848,46.30828363593344],[8.442920493117812,46.31136918544505],[8.442470964173204,46.31686296872183],[8.444830991132404,46.32070109128506],[8.454945392386126,46.32250726660893],[8.456743508164566,46.328452593716676],[8.461463562082969,46.32965671059925],[8.466408380473679,46.33499997926571],[8.464385500222933,46.33808552877732],[8.465396940348306,46.34538548737797],[8.462699766680647,46.354491621302486],[8.465734087056763,46.359609118053456],[8.470454140975168,46.36216786642894],[8.46786934954366,46.36954308233475],[8.468543642960576,46.37345646220314],[8.46652076270983,46.38339042648443],[8.46191309102758,46.38790586479411],[8.468206496252117,46.3945285076483],[8.472252256753606,46.39716251332895],[8.464722646931392,46.4038604134883],[8.464610264695239,46.40732224952573],[8.469442700849795,46.41296654741282],[8.464160735750628,46.41913764643605],[8.459890210776836,46.42071804984444],[8.457979712762242,46.424405657797344],[8.46191309102758,46.42967366915864],[8.458654006179158,46.435995282792184],[8.460339739721444,46.438253001947025],[8.465059793639849,46.4404354637967],[8.467082673890593,46.445628217852835],[8.462699766680647,46.44750965048187],[8.463149295625257,46.451874574181225],[8.463036913389104,46.451874574181225],[8.453933952260755,46.45661578440638],[8.454271098969212,46.459400304697354],[8.451124396356942,46.46308791265026],[8.446853871383148,46.46496934527929],[8.43966140826939,46.46557140372058],[8.432693709627937,46.46466831605864],[8.428423184654145,46.46286214073477],[8.422242161665759,46.46218482498832],[8.41819640116427,46.46000236313864],[8.41415064066278,46.46060442157994],[8.405721972951346,46.458497217035415],[8.403361945992144,46.45601372596509],[8.397068540767606,46.45578795404961],[8.394146602627641,46.45292817645348],[8.39403422039149,46.45285291914832],[8.390325606598457,46.4540570360309],[8.38583031715236,46.453379720284445],[8.380548352053193,46.45210034609671],[8.380098823108582,46.452025088791544],[8.37818832509399,46.45330446297929],[8.377289267204771,46.453153948368964],[8.376390209315552,46.45435806525155],[8.368073923840269,46.453153948368964],[8.356835700225023,46.44818696622832],[8.353576615376602,46.442918954867025],[8.34402412530364,46.43795197272638],[8.337843102315256,46.432909733280574],[8.33256113721609,46.43095304334638],[8.326492496463857,46.42696440617283],[8.316040948501676,46.42485720162831],[8.308736103151766,46.42703966347799],[8.30480272488643,46.42455617240767],[8.299970288731874,46.415525295788306],[8.290417798658915,46.409504711375405],[8.295474999285776,46.40626864725347],[8.30019505320418,46.406118132643144],[8.304577960414125,46.403709898877985],[8.311320894583273,46.40363464157282],[8.316827624154744,46.40024806284056],[8.318400975460879,46.39528108069992],[8.315254272848609,46.391066671610886],[8.319749562294708,46.387680092878625],[8.316040948501676,46.3851966018083],[8.314018068250933,46.378348187038625],[8.301094111093398,46.37533789483217],[8.296261674938844,46.37172554418443],[8.290867327603525,46.37037091269152],[8.286484420393577,46.36721010587475],[8.285360598032053,46.36487712941475],[8.275808107959094,46.36766164970572],[8.275470961250637,46.36773690701088],[8.264794648816153,46.36525341594055],[8.261872710676188,46.36209260912378],[8.26614323564998,46.35832974386571],[8.266929911303048,46.35306173250442],[8.26097365278697,46.34990092568765],[8.263895590926932,46.34719166270184],[8.254005954145516,46.34771846383797],[8.251084016005551,46.34199890864571],[8.242430583821811,46.340870049068286],[8.235462885180358,46.34117107828894],[8.229057097719668,46.3369566691999],[8.222651310258977,46.33146288592312],[8.224561808273569,46.33025876904055],[8.224449426037417,46.325517558815385],[8.215683611617525,46.32092686320054],[8.216020758325982,46.317465027163124],[8.212649291241407,46.314831021482476],[8.213098820186017,46.31054135508828],[8.21096355769912,46.30978878203667],[8.199837716320026,46.30346716840312],[8.193993840040097,46.305499115642476],[8.190622372955524,46.302564080741185],[8.187026141398645,46.302112536910215],[8.17994606052104,46.29865070087279],[8.166347809946592,46.29819915704183],[8.162526813917406,46.29714555476957],[8.15713246658209,46.29834967165215],[8.148029505453739,46.302789852656666],[8.142859922590725,46.30316613918247],[8.14218562917381,46.30316613918247],[8.138589397616931,46.30301562457215],[8.131958845683936,46.298575443567636],[8.12993596543319,46.29601669519215],[8.12622735164016,46.29579092327666],[8.121956826666366,46.29308166029086],[8.11937203523486,46.28728684779344],[8.112516718829559,46.28149203529602],[8.106448078077326,46.28088997685472],[8.10476234453504,46.27780442734311],[8.097682263657433,46.272461158676656],[8.091051711724438,46.26899932263924],[8.087005951222949,46.26787046306182],[8.087118333459102,46.26335502475214],[8.081499221651478,46.26184987864892],[8.083634484138376,46.257785984170205],[8.088804067001389,46.25500146387923],[8.102739464284294,46.25342106047085],[8.102627082048143,46.25071179748504],[8.11116813199573,46.25071179748504],[8.11296624777417,46.246572645701164],[8.112516718829559,46.242358236612134],[8.114090070135694,46.239950002846975],[8.121507297721756,46.237240739861164],[8.12532829375094,46.230843868922456],[8.134656019351596,46.227683062105676],[8.13993798445076,46.22738203288503],[8.144545656133012,46.2128573729889],[8.152412412663685,46.204052268285025],[8.154322910678276,46.192312128679866],[8.158256288943614,46.190731725271476],[8.166572574418897,46.18343176667083],[8.166235427710438,46.17808849800438],[8.159604875777443,46.175303977713405],[8.15679531987363,46.16920813599534],[8.15218764819138,46.16649887300953],[8.150501914649093,46.16100508973276],[8.150839061357551,46.158145312136625],[8.154210528442125,46.155210277235334],[8.154660057386735,46.14986700856888],[8.156345790929022,46.14888866360179],[8.151063825829855,46.141889734221785],[8.143309451535336,46.13729903860695],[8.13667889960234,46.13820212626888],[8.12622735164016,46.13647120825017],[8.122855884555587,46.133912459874686],[8.116450097094896,46.13157948341468],[8.116337714858743,46.123451694457266],[8.113865305663388,46.11743111004436],[8.110943367523426,46.1144208178379],[8.098131792602043,46.109604350307585],[8.091501240669048,46.10885177725597],[8.081499221651478,46.10659405810113],[8.073632465120806,46.10764766037339],[8.064979032937066,46.106067256965],[8.055314160627955,46.10253016362242],[8.05014457776494,46.10350850858951],[8.044075937012707,46.10117553212952],[8.035759651537424,46.10200336248629],[8.035422504828967,46.10207861979145],[8.034972975884358,46.096434321904354],[8.03059006867441,46.09079002401725],[8.030927215382867,46.084393153078544],[8.023509987796805,46.07588907759531],[8.022835694379891,46.069943750487575],[8.025645250283702,46.06873963360499],[8.024858574630635,46.06422419529531],[8.031489126563631,46.0541397164037],[8.031601508799783,46.051881997248856],[8.03643394495434,46.04525935439466],[8.033174860105918,46.04322740715531],[8.025420485811397,46.041195459915954],[8.019688991767621,46.037432594657886],[8.019127080586859,46.03637899238563],[8.012946057598473,46.03239035521208],[8.015193702321522,46.03133675293982],[8.018565169406097,46.02591822696821],[8.01373273325154,46.02275742015143],[8.011822235236949,46.020048157165625],[8.014294644432303,46.01703786495917],[8.013395586543083,46.01319974239595],[8.007439328027003,46.01259768395465],[8.002157362927836,46.01342551431143],[8.000808776094008,46.00966264905336],[7.994964899814079,46.001083316264975],[7.990581992604133,45.99807302405852],[7.986985761047253,45.997546222922395],[7.978107564391209,46.000631772434005],[7.9664198118313525,45.998223538668846],[7.958328290828375,45.997245193701744],[7.950461534297702,45.998825597110134],[7.9424823955308765,45.99859982519465],[7.933604198874832,45.99716993639659],[7.926186971288769,45.998298795974],[7.920005948300384,45.997094679091425],[7.909779164810509,45.99814828136368],[7.909666782574356,45.99814828136368],[7.904946728655952,45.9903215216269],[7.902137172752141,45.98693494289465],[7.898203794486805,45.98542979679142],[7.894832327402231,45.97986075620948],[7.8849426906208135,45.97617314825658],[7.8784245209239705,45.97504428867916],[7.8787616676324275,45.972335025693354],[7.8824702814254595,45.969023704266256],[7.882807428133916,45.965185581703025],[7.878536903160123,45.96262683332754],[7.875839729492464,45.959164997290124],[7.878536903160123,45.95615470508367],[7.878199756451665,45.950284635281086],[7.871344440046365,45.94855371726238],[7.869546324267926,45.937566150708825],[7.875053053839396,45.9313950516856],[7.875165436075549,45.9313950516856],[7.877974991979361,45.92830950217399],[7.874041613714024,45.92168685931979],[7.867298679544876,45.92078377165785],[7.864601505877217,45.917923994061724],[7.859544305250356,45.9220631458456],[7.848530846107414,45.921987888540436],[7.8439231744251625,45.92319200542302],[7.837742151436777,45.922890976202375],[7.832460186337611,45.92612704032431],[7.821334344958517,45.92815898756366],[7.815153321970131,45.9247724088314],[7.810882796996338,45.924245607695276],[7.806387507550239,45.92033222782689],[7.800543631270311,45.918601309808174],[7.794924519462687,45.92116005818366],[7.792676874739638,45.9253744672727],[7.787170145168167,45.92876104600495],[7.777505272859055,45.93229813934754],[7.772785218940651,45.935157916943666],[7.7702004275091445,45.93831872376044],[7.7580631460046785,45.93989912716883],[7.7487354204040235,45.942232103628825],[7.748173509223261,45.93861975298108],[7.744577277666382,45.933803285450765],[7.737834343497234,45.929513619056564],[7.736036227718794,45.92522395266237],[7.723337035033566,45.924697151526246],[7.719403656768229,45.9257507537985],[7.717268394281333,45.928911560615276],[7.713672162724453,45.92943836175141],[7.712211193654472,45.93410431467141],[7.708390197625288,45.93598574730044],[7.710075931167575,45.94283416207012],[7.71075022458449,45.949381547619154],[7.710637842348337,45.94945680492432],[7.706592081846848,45.95088669372238],[7.697039591773889,45.95607944777851],[7.69164524443857,45.9557031612527],[7.6822051366017625,45.9580361377127],[7.679058433989494,45.960293856867544],[7.677934611627969,45.96623918397529],[7.671528824167279,45.97105565150561],[7.669168797208076,45.97519480328948],[7.6651230367065875,45.97685046400303],[7.65838010253744,45.97782880897013],[7.654671488744409,45.97549583251013],[7.650513346006767,45.97519480328948],[7.6405113269891975,45.9712814234211],[7.633206481639287,45.97150719533658],[7.6206196711902106,45.97353914257593],[7.610954798881099,45.970604107674646],[7.604773775892713,45.9716577099469],[7.589714556248282,45.97173296725206],[7.584544973385269,45.97353914257593],[7.582184946426067,45.97677520669787],[7.583196386551439,45.97910818315787],[7.57960015499456,45.98723597211529],[7.576116305673834,45.988590603608195],[7.569485753740839,45.98889163282884],[7.561731379446318,45.98738648672561],[7.551055067011834,45.98776277325142],[7.546672159801887,45.98497825296045],[7.546110248621125,45.98181744614368],[7.542514017064246,45.97737726513916],[7.545548337440363,45.96992679192819],[7.546222630857278,45.96089591530883],[7.543750221661924,45.958111395017866],[7.539367314451978,45.95615470508367],[7.536445376312013,45.9580361377127],[7.528915766489797,45.9576598511869],[7.516216573804569,45.96345466368432],[7.512845106719995,45.960519628783025],[7.508462199510049,45.959164997290124],[7.500145914034766,45.96360517829464],[7.496886829186344,45.961196944529476],[7.496662064714039,45.958562938848836],[7.492728686448704,45.95645573430431],[7.48890769041952,45.956982535440446],[7.483962872028811,45.95525161742174],[7.4819399917780665,45.95412275784432],[7.47890567140195,45.953595956708185],[7.472387501705107,45.94840320265206],[7.475197057608918,45.9417053024927],[7.475646586553529,45.9370393495727],[7.470477003690515,45.93500740233334],[7.465195038591348,45.93658780574173],[7.459688309019878,45.936738320352056],[7.456878753116066,45.933351741619795],[7.454181579448408,45.93395380006108],[7.4455281472646675,45.93297545509399],[7.442381444652398,45.92830950217399],[7.437661390733995,45.92514869535721],[7.4353013637747924,45.92146108740431],[7.421815495436497,45.91333329844689],[7.41698305928194,45.912655982700436],[7.413162063252757,45.91032300624043],[7.408554391570505,45.90979620510431],[7.402710515290577,45.912655982700436],[7.398777137025241,45.90964569049398],[7.398102843608326,45.90603333984624],[7.39192182061994,45.90053955656946],[7.383268388436201,45.897679778973334],[7.376637836503205,45.90196944536753],[7.3724796937655634,45.90317356225011],[7.369108226680989,45.904151907217205],[7.367197728666397,45.90520550948946],[7.366972964194092,45.90535602409979],[7.362140528039537,45.90452819374301],[7.357420474121133,45.9084415736114],[7.357420474121133,45.91182815234366],[7.351464215605052,45.912806497310754],[7.345170810380514,45.9164188479585],[7.331684942042218,45.9117528950385],[7.324717243400765,45.91145186581785],[7.318985749356989,45.91288175461592],[7.317075251342398,45.917773479451405],[7.307747525741743,45.9187518244185],[7.302465560642577,45.918450795197856],[7.297857888960325,45.92228891776108],[7.295497862001124,45.92296623350753],[7.295385479764971,45.92296623350753],[7.291452101499635,45.92146108740431],[7.290215896901958,45.91867656711334],[7.286170136400469,45.91694564909463],[7.285608225219707,45.91401061419334],[7.28122531800976,45.90896837474753],[7.277629086452881,45.901894188062364],[7.272347121353715,45.901066357705595],[7.267514685199159,45.8977550362785],[7.26571656942072,45.89489525868236],[7.257737430653894,45.88940147540559],[7.254028816860863,45.88962724732107],[7.251331643193204,45.89406742832559],[7.241442006411787,45.89128290803462],[7.236609570257231,45.89135816533978],[7.229192342671168,45.893239597968815],[7.217392207875159,45.89000353384688],[7.216605532222092,45.885036551706236],[7.20694065991298,45.88134894375333],[7.204468250717625,45.877661335800425],[7.200984401396899,45.87668299083333],[7.198624374437697,45.87156549408236],[7.199298667854611,45.867351084993324],[7.201771077049966,45.864265535481714],[7.197500552076172,45.86148101519074],[7.191544293560091,45.85990061178236],[7.185475652807858,45.86125524327526],[7.179856541000235,45.864717079312676],[7.176147927207204,45.864039763566225],[7.162662058868907,45.872694353659774],[7.165471614772719,45.87683350544365],[7.16187538321584,45.879618025734615],[7.1544581556297775,45.88044585609139],[7.147827603696782,45.87736030657978],[7.141758962944548,45.876532476223005],[7.136139851136925,45.87389847054236],[7.132318855107742,45.86795314343462],[7.123890187396306,45.86441605009203],[7.118832986769445,45.86035215561332],[7.113326257197975,45.86072844213913],[7.109730025641095,45.859373810646225],[7.102088033582728,45.860502670223646],[7.098379419789696,45.863588219735256],[7.09714321519202,45.86908200301203],[7.092985072454378,45.87329641210107],[7.096131775066647,45.87705927735913],[7.08624213828523,45.88420872134946],[7.082533524492199,45.885187066316554],[7.077363941629185,45.89135816533978],[7.077476323865337,45.89640040478559],[7.072419123238476,45.8971529778372],[7.070845771932342,45.89918492507656],[7.065114277888566,45.90114161501075],[7.065339042360871,45.91054877815591],[7.061405664095535,45.914612672634625],[7.053988436509472,45.91671987717915],[7.045784533270342,45.92364354925399],[7.042750212894225,45.93214762473721],[7.039491128045803,45.9347063731127],[7.03656918990584,45.939598097948185],[7.039491128045803,45.947801144210764],[7.037917776739669,45.95374647131851],[7.035782514252772,45.95735882196625],[7.0235328505121535,45.95954128381593],[7.01836326764914,45.96202477488625],[7.009934599937704,45.970604107674646],[7.010946040063077,45.97391542910174],[7.016003240689938,45.97624840556174],[7.021847116969866,45.977452522444324],[7.023083321567544,45.98174218883852],[7.021959499206019,45.98257001919529],[7.016452769634547,45.987913287861744],[7.0129689203138215,45.988590603608195],[7.013306067022278,45.99288027000239],[7.011395569007687,45.99852456788949],[7.006450750616978,46.002437947757876],[7.001730696698575,46.0002554859082],[6.996898260544018,46.00123383087529],[6.99105438426409,46.004469894997236],[6.986334330345686,46.00567401187981],[6.985997183637229,46.00891007600175],[6.9818390408995885,46.01899455489337],[6.9818390408995885,46.02147804596369],[6.97194940411817,46.02704708654562],[6.967454114672072,46.03239035521208],[6.963745500879041,46.031788296770785],[6.955541597639911,46.04292637793466],[6.9501472503045925,46.05286034221596],[6.943853845080054,46.0521830264695],[6.936099470785534,46.05707475130499],[6.937897586563974,46.061665446919825],[6.937785204327821,46.065955113314025],[6.933964208298637,46.067911803248215],[6.929244154380234,46.06542831217789],[6.9246364826979825,46.065955113314025],[6.919242135362664,46.060386072732086],[6.912386818957363,46.055644862506924],[6.911487761068144,46.0531613714366],[6.90766676503896,46.05112942419724],[6.895529483534493,46.04932324887337],[6.892382780922224,46.04668924319273],[6.883841730974637,46.04571089822563],[6.876536885624726,46.048946962347564],[6.87350256524861,46.053236628741764],[6.8739520941932195,46.056773722084344],[6.88170646848774,46.07069632353919],[6.888674167129193,46.074383931492086],[6.892270398686072,46.07521176184886],[6.889236078309955,46.07987771476886],[6.891820869741462,46.082812749670154],[6.8926075453945295,46.08627458570758],[6.884291259919246,46.0947786611908],[6.8885617848930405,46.10147656135016],[6.892158016449919,46.104035309725646],[6.896203776951408,46.10945383569726],[6.894068514464511,46.11419504592242],[6.9003619196890496,46.124731068645005],[6.9003619196890496,46.12510735517081],[6.9003619196890496,46.12525786978114],[6.895641865770646,46.12503209786565],[6.8912589585607,46.12661250127404],[6.883167437557722,46.12412901020372],[6.877098796805488,46.126988787799846],[6.869793951455578,46.12623621474823],[6.852262322615793,46.12781661815662],[6.843946037140511,46.13022485192178],[6.8422603035982235,46.1333104014334],[6.839900276639022,46.13376194526436],[6.820121003076188,46.132332056466296],[6.816075242574699,46.130525881142425],[6.807646574863264,46.13775058243791],[6.8018026985833355,46.1366217228605],[6.798768378207219,46.13805161165856],[6.795396911122645,46.14911443551727],[6.7912387683850035,46.155511306455985],[6.793598795344206,46.16108034703792],[6.793149266399595,46.16446692577018],[6.806522752501739,46.174024603525666],[6.808208486044026,46.17906684297147],[6.813265686670888,46.182679193619215],[6.813265686670888,46.18305548014502],[6.813265686670888,46.18343176667083],[6.807871339335569,46.19750488273599],[6.807871339335569,46.19773065465148],[6.804387490014842,46.20435329750567],[6.810905659711685,46.21511509214374],[6.814164744560107,46.21639446633148],[6.817423829408528,46.22113567655664],[6.82248103003539,46.22467276989923],[6.82158197214617,46.23122015544826],[6.822143883326932,46.23340261729794],[6.8313592266914345,46.235509821842456],[6.8378773963882775,46.241906692781164],[6.841024099000546,46.24958293790762],[6.844732712793578,46.25010973904375],[6.8524870870880985,46.253270545860524],[6.855970936408825,46.25590455154117],[6.855521407464215,46.26034473254569],[6.858443345604179,46.264032340498595],[6.860803372563381,46.267117890010205],[6.859904314674161,46.27501990705214],[6.865411044245632,46.280965234159886],[6.864511986356412,46.28525490055408],[6.86125290150799,46.28788890623473],[6.859679550201856,46.29180228610311],[6.855071878519605,46.293608461426984],[6.851700411435031,46.29150125688247],[6.847991797642,46.291200227661825],[6.844395566085121,46.29556515136118],[6.8406869522920895,46.296317724412795],[6.835180222720618,46.30105893463796],[6.8313592266914345,46.30105893463796],[6.829111581968386,46.30399396953925],[6.830909697746825,46.30730529096635],[6.825627732647659,46.31317536076893],[6.82023338531234,46.316561939501184],[6.816300007047004,46.3173145125528],[6.807421810390959,46.32190520816764],[6.800791258457964,46.32182995086248],[6.798318849262609,46.32777527797022],[6.799667436096438,46.33025876904055],[6.797307409137237,46.33402163429861],[6.788653976953497,46.33341957585732],[6.785282509868923,46.334172148908934],[6.785170127632771,46.33770924225151],[6.781461513839739,46.342224680561195],[6.780112927005909,46.34568651659861],[6.776516695449031,46.34794423575345],[6.773032846128304,46.351406071790876],[6.771234730349865,46.35644831123668],[6.772470934947542,46.362468895649585],[6.776516695449031,46.36562970246636],[6.781686278312044,46.36773690701088],[6.792587355218833,46.36841422275733],[6.806972281446349,46.38105745002443],[6.806747516974045,46.38436877145153],[6.802589374236403,46.38820689401475],[6.803937961070233,46.393249133460564],[6.8061856057932815,46.39535633800508],[6.821919118854627,46.42839429497089],[6.821919118854627,46.428469552276056],[6.757861244247721,46.44088700762767],[6.682677528261721,46.455637439439286],[6.538266354805801,46.45744361476316],[6.519948050312948,46.45751887206832],[6.426333647597943,46.417105699196696],[6.335978329731359,46.40498927306572],[6.253714532867754,46.36171632259797],[6.242139162544049,46.344858686241835],[6.240902957946372,46.343052510917964],[6.233148583651852,46.33183917244893],[6.220224626494319,46.31317536076893],[6.242813455960964,46.305499115642476],[6.249556390130112,46.302789852656666],[6.249219243421655,46.2957156659715],[6.253602150631601,46.29142599957731],[6.252028799325466,46.289168280422466],[6.244499189503252,46.28630850282634],[6.240565811237915,46.28344872523021],[6.238880077695628,46.2770518542915],[6.243487749377879,46.274041562085046],[6.250230683547027,46.26388182588827],[6.250455448019332,46.263731311277944],[6.261581289398427,46.25613032345665],[6.260906995981512,46.25296951663988],[6.267312783442202,46.24898087946633],[6.2796748294189735,46.252668487419236],[6.2796748294189735,46.25417363352246],[6.285406323462749,46.255754036930846],[6.29271116881266,46.26418285510891],[6.297318840494911,46.26493542816053],[6.294846431299557,46.25951690218891],[6.296532164841843,46.257108668423754],[6.301701747704858,46.25613032345665],[6.307320859512481,46.2574096976444],[6.309343739763225,46.25628083806698],[6.306871330567871,46.25251797280891],[6.3101304154162925,46.25123859862117],[6.311029473305512,46.245293271513425],[6.296082635897234,46.22715626096955],[6.2951835780080145,46.226177916002456],[6.277090037987467,46.21646972363664],[6.26630134331683,46.21466354831277],[6.255175501937736,46.210298624613415],[6.249556390130112,46.2062347301347],[6.246634451990149,46.20781513354309],[6.245398247392471,46.20615947282954],[6.23483431719414,46.20758936162761],[6.224944680412722,46.202772894097286],[6.222247506745063,46.19991311650116],[6.218314128479727,46.199160543449544],[6.214942661395153,46.19502139166567],[6.2075254338090895,46.19344098825728],[6.202580615418381,46.188022462285666],[6.189769040497,46.182679193619215],[6.186847102357036,46.17944312949728],[6.186959484593189,46.17899158566631],[6.189544276024695,46.16740196067147],[6.176170789922551,46.15934942901921],[6.168865944572641,46.15807005483147],[6.153020049275144,46.15272678616501],[6.148637142065197,46.14956597934824],[6.145602821689081,46.14602888600566],[6.141781825659897,46.14663094444695],[6.136275096088426,46.14241653535792],[6.127396899432381,46.14173921961146],[6.12189016986091,46.14392168146114],[6.109415741647986,46.14444848259727],[6.104920452201887,46.14565259947985],[6.099863251575027,46.14520105564888],[6.092558406225116,46.15287730077534],[6.07637536421916,46.15024329509469],[6.075251541857636,46.150544324315334],[6.073003897134587,46.151221640061785],[6.05266271239099,46.15250101424953],[6.049403627542569,46.1486628916863],[6.046369307166452,46.141212418475334],[6.043672133498792,46.142341278052754],[6.036592052621187,46.13775058243791],[6.032658674355851,46.140610360034046],[6.025016682297483,46.14196499152695],[6.016026103405286,46.144147453376625],[6.0044507330815815,46.14316910840953],[5.994673478536317,46.14565259947985],[5.98343525492107,46.14339488032501],[5.982873343740308,46.138352640879205],[5.97702946746038,46.133837202569524],[5.9708484444719945,46.13315988682307],[5.966016008317438,46.13082691036307],[5.961633101107492,46.13150422610953],[5.958036869550613,46.129171249649524],[5.956800664952936,46.1333104014334],[5.966690301734353,46.13842789818437],[5.965341714900523,46.1459536287005],[5.969837004346622,46.15310307269082],[5.97702946746038,46.16168240547921],[5.981187610198021,46.167778247197276],[5.982536197031851,46.1739493462205],[5.985570517407967,46.17477717657728],[5.989054366728694,46.17199265628631],[5.990627718034828,46.176207065375344],[5.99298774499403,46.17808849800438],[5.9923134515771155,46.1805719890747],[5.995909683133994,46.18410908241728],[5.99208868710481,46.18869977803212],[5.986020046352577,46.1899038949147],[5.9829857259764605,46.19216161406954],[5.964442657011303,46.19818219848244],[5.966353155025895,46.20066568955277],[5.9736580003758055,46.20375123906438],[5.969949386582774,46.207890390848256],[5.975118969445788,46.21601817980567],[5.979052347711124,46.218125384350195],[5.985345752935662,46.218125384350195],[5.9938868028832495,46.216770752857286],[5.994561096300164,46.219254243927615],[5.991414393687895,46.22309236649084],[5.997033505495519,46.22361916762697],[6.000966883760856,46.22143670577729],[6.00759743569385,46.224748027204384],[6.007709817930003,46.227833576716],[6.014227987626846,46.23024181048116],[6.017374690239116,46.23310158807729],[6.0259157401867025,46.2344562195702],[6.03445679013429,46.23964897362633],[6.045245484804927,46.233477874603096],[6.046931218347214,46.23272530155149],[6.0470436005833665,46.23265004424633],[6.051538890029465,46.236638681419876],[6.05401129922482,46.24070257589859],[6.0607542333939675,46.245970587259876],[6.064238082714694,46.246873674921815],[6.070306723466928,46.242358236612134],[6.074240101732264,46.24454069846181],[6.084804031930596,46.24785201988891],[6.088962174668237,46.24740047605794],[6.102335660770381,46.23897165787987],[6.1070557146887845,46.241906692781164],[6.109752888356444,46.24092834781407],[6.124362579056264,46.25184065706246],[6.125036872473179,46.25236745819859],[6.1220025520970625,46.25537775040504],[6.123351138930892,46.25763546955988],[6.120878729735538,46.26237667978504],[6.116832969234049,46.266892118094724],[6.111101475190273,46.27148281370956],[6.114248177802542,46.2737405328644],[6.104358541021125,46.279610602666985],[6.105257598910344,46.28525490055408],[6.103122336423448,46.286082730910856],[6.111775768607187,46.29255485915473],[6.114023413330237,46.295414636750856],[6.11964252513786,46.29556515136118],[6.121777787624757,46.29842492895731],[6.122676845513977,46.30113419194312],[6.119530142901708,46.30361768301344],[6.121328258680148,46.30783209210247],[6.119867289610165,46.30896095167989],[6.12054158302708,46.31362690459989],[6.125149254709331,46.31851862943538],[6.126497841543161,46.31874440135086],[6.126048312598551,46.32009903284377],[6.132341717823089,46.32611961725667],[6.132454100059242,46.326194874561835],[6.134589362546139,46.329280424073445],[6.139983709881457,46.33590306692764],[6.137960829630712,46.33680615458958],[6.139309416464542,46.34056901984764],[6.149873346662874,46.3439555985799],[6.152345755858229,46.34696589078636],[6.158751543318919,46.352233902147645],[6.158751543318919,46.35253493136829],[6.158526778846614,46.355545223574744],[6.162123010403493,46.36111426415668],[6.170664060351081,46.36751113509539],[6.1711135892956905,46.36856473736765],[6.16605638866883,46.37375749142378],[6.162347774875798,46.37548840944249],[6.1593134544996815,46.380756420803785],[6.15740295648509,46.37887498817475],[6.150547640079789,46.37864921625927],[6.136612242796883,46.38910998167669],[6.114360560038694,46.40122640780766],[6.106269039035717,46.401000635892174],[6.100987073936551,46.40604287533798],[6.098964193685807,46.40988099790121],[6.068171460980031,46.416202611534764],[6.064799993895456,46.4174819857225],[6.0709810168838425,46.42613657581605],[6.074689630676874,46.42967366915864],[6.075813453038398,46.43321076250122],[6.085365943111358,46.44118803684832],[6.086939294417492,46.44442410097025],[6.085141178639053,46.44863851005928],[6.075588688566094,46.45458383716703],[6.077611568816838,46.45857247434058],[6.074240101732264,46.461206480021225],[6.073565808315349,46.467001292518646],[6.077948715525295,46.46880746784252],[6.0977279890881295,46.48273006929736],[6.11368626662178,46.51117733064834],[6.121553023152453,46.518251517333496],[6.1381855941030175,46.531873089567696],[6.144928528272166,46.52931434119221],[6.154143871636668,46.5378936739806],[6.149311435482112,46.54060293696641],[6.157178192012784,46.54654826407415],[6.138859887519932,46.558965719425764],[6.111663386371036,46.577930560326415],[6.122452081041672,46.585305776232225],[6.126834988251618,46.590799559509],[6.139534180936847,46.59840054733029],[6.149873346662874,46.60366855869159],[6.154481018345125,46.60502319018449],[6.162010628167341,46.61119428920772],[6.166843064321896,46.61172109034384],[6.179879403715583,46.61744064553611],[6.18111560831326,46.62150454001482],[6.189656658260848,46.626546779460625],[6.196736739138453,46.62948181436192],[6.196736739138453,46.63083644585482],[6.2047158779052785,46.63730857409869],[6.208874020642919,46.63738383140385],[6.213594074561323,46.641899269713534],[6.217864599535117,46.6446837900045],[6.220224626494319,46.64618893610773],[6.228428529733448,46.64942500022966],[6.234384788249529,46.65627341499934],[6.2580974400777,46.67109910411612],[6.268324223567575,46.677797004275476],[6.270234721582167,46.684043360603866],[6.278663389293602,46.68795674047225],[6.283832972156615,46.69171960573032],[6.296532164841843,46.69570824290387],[6.299004574037198,46.69578350020903],[6.308557064110158,46.69999790929806],[6.324964870588418,46.70737312520387],[6.328561102145297,46.70752363981419],[6.34283364613666,46.711662791598066],[6.349801344778113,46.71557617146645],[6.353172811862687,46.71647925912839],[6.354970927641126,46.71971532325033],[6.36103956839336,46.72438127617033],[6.365310093367153,46.723252416592906],[6.372502556480912,46.725660650358066],[6.372277792008607,46.730100831362584],[6.375874023565485,46.73243380782259],[6.379695019594669,46.7318317493813],[6.385988424819208,46.7331863808742],[6.392394212279898,46.73943273720259],[6.392169447807593,46.74206674288323],[6.389247509667629,46.74455023395356],[6.395316150419863,46.7491409295684],[6.401497173408248,46.75200070716453],[6.405093404965127,46.751323391418076],[6.417904979886508,46.75410791170904],[6.424985060764113,46.75561305781227],[6.431615612697109,46.75839757810324],[6.440269044880849,46.76389136138001],[6.439931898172392,46.76833154238453],[6.449484388245351,46.774427384102594],[6.453080619802231,46.77548098637486],[6.45263109085762,46.779845910074215],[6.459261642790616,46.789629359745184],[6.435548990962445,46.80287464545357],[6.431840377169414,46.81363644009164],[6.441505249478526,46.81754981996003],[6.440381427117002,46.825451837001964],[6.443303365256965,46.83320333943358],[6.460834994096751,46.85284549608068],[6.463195021055952,46.87354125500004],[6.463644550000562,46.87685257642714],[6.463869314472867,46.87880926636134],[6.465217901306697,46.89175352284908],[6.458587349373701,46.90228954557166],[6.448248183647674,46.91244928176844],[6.442067160659288,46.9191471819278],[6.436560431087818,46.92298530449102],[6.433526110711701,46.929758461955544],[6.445551009980015,46.93472544409619],[6.460273082915988,46.944433636462],[6.462857874347495,46.94842227363555],[6.471061777586625,46.95504491648974],[6.472410364420455,46.956926349118774],[6.482187618965719,46.965430424602005],[6.4867952906479704,46.96844071680846],[6.497471603082455,46.97551490349362],[6.505787888557737,46.96746237184136],[6.519386139132186,46.97212832476136],[6.538378737041953,46.97498810235749],[6.554112250103298,46.97920251144652],[6.564339033593173,46.98078291485491],[6.573666759193827,46.98364269245104],[6.592659357103594,46.99207151062911],[6.596929882077388,46.99387768595298],[6.610078603707227,46.99222202523943],[6.6189568003632715,46.99320037020653],[6.634577931188465,46.999747755755564],[6.641096100885308,47.00411267945492],[6.644579950206034,47.00787554471298],[6.654132440278994,47.0226259765246],[6.659302023142008,47.02766821597041],[6.678744149996384,47.036548577979445],[6.687285199943972,47.038731039829116],[6.6976243656699985,47.03880629713428],[6.699759628156896,47.04016092862719],[6.702569184060708,47.04181658934073],[6.706390180089891,47.04535368268331],[6.709874029410617,47.04640728495557],[6.712458820842125,47.04949283446719],[6.719314137247425,47.052126840147835],[6.713357878731344,47.05483610313364],[6.709761647174465,47.05935154144332],[6.70178250840764,47.06025462910525],[6.69953486368459,47.06334017861687],[6.69537672094695,47.06469481010977],[6.69267954727929,47.06778035962139],[6.69447766305773,47.0698875641659],[6.700771068282267,47.07101642374332],[6.708413060340636,47.08049884419365],[6.703917770894537,47.082003990296876],[6.714931230037479,47.08772354548913],[6.7166169635797655,47.08983075003365],[6.723022751040457,47.09080909500074],[6.726731364833488,47.09314207146075],[6.732125712168806,47.09095960961107],[6.7363962371426,47.09141115344204],[6.7442629936732725,47.093744129902035],[6.7470725495770845,47.100442030061394],[6.742240113422528,47.10563478411753],[6.740779144352546,47.10999970781688],[6.7486459008832185,47.11165536853043],[6.75325357256547,47.115869777619466],[6.765952765250699,47.121664590116886],[6.776179548740573,47.1224171631685],[6.779775780297452,47.12482539693366],[6.793149266399595,47.12836249027624],[6.793261648635748,47.1284377475814],[6.801016022930268,47.13016866560011],[6.807758957099416,47.13265215667043],[6.809444690641703,47.13671605114914],[6.815962860338547,47.136791308454306],[6.821244825437713,47.14160777598463],[6.825627732647659,47.14326343669818],[6.829448728676843,47.147703617702696],[6.831921137872197,47.14762836039753],[6.840462187819784,47.151692254876245],[6.842485068070529,47.15560563474463],[6.849902295656592,47.157261295458184],[6.859679550201856,47.16696948782399],[6.854734731811147,47.16794783279109],[6.849789913420439,47.16719525973948],[6.843271743723596,47.16945297889431],[6.842147921362072,47.17276430032141],[6.846755593044323,47.17457047564528],[6.8646243685925645,47.181343633109805],[6.8674339244963765,47.18608484333497],[6.874738769846287,47.186686901776255],[6.874626387610134,47.190901310865286],[6.8792340592923855,47.197147667193676],[6.88080741059852,47.20136207628271],[6.89035990067148,47.20647957303368],[6.893956132228359,47.20911357871432],[6.907554382802807,47.215886736178845],[6.911150614359686,47.21957434413175],[6.91587066827809,47.21995063065756],[6.924748864934134,47.22348772400014],[6.927558420837946,47.22649801620659],[6.928457478727166,47.229884594938845],[6.933851826062485,47.23221757139885],[6.940257613523175,47.23244334331433],[6.943067169426987,47.235303120910466],[6.943629080607749,47.235905179351754],[6.944078609552359,47.239517529999496],[6.948911045706915,47.24094741879756],[6.956215891056825,47.245312342496916],[6.953518717389167,47.247946348177564],[6.94868628123461,47.25140818421498],[6.947562458873086,47.25569785060918],[6.95003486806844,47.25772979784853],[6.95228251279149,47.26367512495628],[6.95093392595766,47.267136960993696],[6.952844423972252,47.27037302511563],[6.946213872039256,47.28000596017628],[6.945876725330798,47.28256470855177],[6.941606200357005,47.287004889556286],[6.948236752290001,47.29204712900209],[6.954080628569929,47.2937780470208],[6.963071207462126,47.292950216664025],[6.969364612686665,47.29415433354661],[6.97419704884122,47.292799702053706],[6.977006604745032,47.29445536276725],[6.977456133689642,47.29776668419435],[6.9849857435118565,47.29686359653241],[6.989818179666413,47.29814297072016],[6.99746017172478,47.297465654973706],[7.004203105893929,47.30280892364016],[7.008698395340028,47.30265840902983],[7.010496511118467,47.30416355513306],[7.012069862424601,47.30935630918919],[7.017127063051463,47.3153768936021],[7.0145422716199555,47.321246963404676],[7.01060889335462,47.32222530837178],[7.01060889335462,47.32576240171436],[7.027353846541337,47.327719091648554],[7.0347710741274,47.32967578158274],[7.0353329853081625,47.329751038887906],[7.036007278725077,47.32960052427758],[7.0465712089234085,47.32809537817436],[7.057584668066351,47.335771623300815],[7.054213200981777,47.33667471096275],[7.055449405579454,47.33983551777952],[7.060057077261705,47.341265406577584],[7.062529486457059,47.345103529140815],[7.0571351391217405,47.3476622775163],[7.050841733897203,47.34856536517823],[7.053538907564862,47.35300554618275],[7.050504587188746,47.362487966633076],[7.044211181964207,47.36542300153437],[7.0353329853081625,47.3649714577034],[7.034546309655095,47.36933638140275],[7.021285205789104,47.37166935786276],[7.01881279659375,47.37422810623824],[7.013081302549974,47.37415284893308],[7.007012661797741,47.36896009487695],[6.996898260544018,47.36482094309308],[6.983974303386485,47.36489620039824],[6.975320871202745,47.36120859244534],[6.971724639645866,47.36218693741243],[6.9663302923105475,47.36045601939372],[6.953855864097624,47.360230247478235],[6.95228251279149,47.361133335140174],[6.942617640482377,47.358950873290496],[6.933851826062485,47.35977870364727],[6.9258726872956595,47.3569941833563],[6.919466899834969,47.3569941833563],[6.916657343931157,47.35887561598533],[6.902721946648251,47.36075704861437],[6.900137155216744,47.359101387900814],[6.885639846753076,47.35420966306533],[6.880695028362368,47.35383337653953],[6.879795970473148,47.35880035868017],[6.883954113210789,47.36324053968469],[6.885752228989229,47.36835803643566],[6.8845160243915515,47.374529135458886],[6.896428541423713,47.38130229292341],[6.895866630242951,47.383033210942116],[6.904969591371301,47.38378578399373],[6.912836347901973,47.38754864925179],[6.912499201193516,47.39176305834083],[6.9103639387066185,47.39755787083825],[6.916320197222699,47.39876198772083],[6.920365957724188,47.40786812164535],[6.925535540587202,47.407266063204055],[6.938796644453193,47.40741657781438],[6.9417185825931575,47.41298561839631],[6.942617640482377,47.41742579940083],[6.9413814358847,47.43164943007632],[6.94003284905087,47.43511126611374],[6.955541597639911,47.436465897606645],[6.95868830025218,47.43511126611374],[6.964644558768261,47.43721847065826],[6.967116967963615,47.43909990328729],[6.971162728465104,47.44843180912729],[6.982288569844198,47.45038849906149],[6.989930561902566,47.44903386756858],[6.995999202654799,47.45068952828213],[7.0024049901154894,47.45512970928665],[6.998471611850153,47.45798948688278],[6.998921140794763,47.4614513229202],[7.00195546117088,47.46318224093891],[7.001618314462422,47.4637842993802],[7.000719256573202,47.465665732009235],[7.001281167753965,47.468299737689875],[6.992627735570225,47.46784819385891],[6.993863940167902,47.47266466138924],[6.989368650721803,47.47447083671311],[6.9874581527072115,47.47763164352988],[6.989481032957956,47.482598625670526],[6.989368650721803,47.488619210083435],[6.986783859290297,47.49358619222408],[6.98374953891418,47.495693396768594],[6.9862219481095345,47.49516659563247],[7.000494492100898,47.500208835078276],[7.001730696698575,47.501337694655696],[7.017688974232225,47.50517581721892],[7.025330966290593,47.50562736104989],[7.028140522194405,47.5026923261486],[7.037131101086602,47.50043460699376],[7.038030158975822,47.49892946089053],[7.045672151034189,47.499531519331825],[7.052190320731032,47.49659648443053],[7.061293281859382,47.49659648443053],[7.072194358766172,47.49366144952924],[7.075228679142288,47.489898584271174],[7.0757905903230505,47.48959755505053],[7.0757905903230505,47.48952229774537],[7.080735408713759,47.49050064271247],[7.092535543509769,47.49622019790473],[7.10130135792966,47.495693396768594],[7.112314817072602,47.49644596982021],[7.117259635463311,47.49810163053376],[7.1289473880231675,47.50495004530344],[7.138949407040737,47.503520156505374],[7.153559097740557,47.497499572092465],[7.158054387186656,47.49313464839311],[7.1613134720350775,47.491704759595045],[7.1703040509272755,47.49072641462795],[7.187049004113993,47.492607847256984],[7.19693864089541,47.49494082371698],[7.201995841522271,47.495241852937625],[7.203232046119949,47.493059391087954],[7.1917690580323965,47.48959755505053],[7.187948062003213,47.48410377177375],[7.185700417280163,47.478986275022784],[7.178507954166405,47.46950385457246],[7.179744158764082,47.46559047470407],[7.17918224758332,47.45949463298601],[7.173787900248001,47.447829750686005],[7.1714278732888,47.44481945847955],[7.181092745597912,47.44331431237632],[7.193230027102379,47.44015350555955],[7.1970510231315625,47.43676692682729],[7.207165424385284,47.436240125691164],[7.226495169003509,47.441131850526645],[7.232900956464199,47.440454534780194],[7.239531508397195,47.4351865234189],[7.238520068271823,47.431799944686645],[7.240318184050262,47.42961748283697],[7.244251562315599,47.42946696822664],[7.246386824802496,47.42743502098729],[7.246836353747105,47.4225432961518],[7.246723971510953,47.42246803884664],[7.246499207038648,47.421715465795025],[7.255040256986236,47.42540307374793],[7.271448063464495,47.428413365954384],[7.28347296273281,47.436014353775676],[7.287406340998146,47.43631538299632],[7.293137835041922,47.43450920767245],[7.300667444864137,47.43736898526858],[7.303926529712559,47.44007824825439],[7.312804726368603,47.439325675202774],[7.3255039190538325,47.44037927747503],[7.328313474957644,47.44165865166278],[7.3307858841529985,47.4427875112402],[7.339664080809043,47.442260710104065],[7.3482051307566305,47.43676692682729],[7.356521416231914,47.4351865234189],[7.370232049042514,47.43548755263955],[7.382144566074675,47.43345560540019],[7.386977002229232,47.43322983348471],[7.393495171926075,47.436164868386],[7.403946719888254,47.436917441437615],[7.403834337652102,47.43925041789761],[7.407542951445134,47.441583394357615],[7.414847796795044,47.443389569681486],[7.421478348728039,47.447152434939554],[7.424287904631851,47.45219467438536],[7.429457487494864,47.454903937371164],[7.428895576314102,47.45844103071375],[7.431030838800999,47.460698749868584],[7.4349642170663355,47.46062349256343],[7.44609005844543,47.46325749824407],[7.451259641308443,47.46882653882601],[7.456316841935304,47.47183683103246],[7.455867312990694,47.474771865933754],[7.451484405780748,47.47672855586794],[7.448787232113089,47.47559969629052],[7.4447414716116,47.47988936268472],[7.430356545384084,47.48387799985827],[7.422152642144954,47.48154502339827],[7.422939317798021,47.48508211674085],[7.432941336815591,47.497499572092465],[7.435750892719403,47.4993810047215],[7.443168120305465,47.49591916868408],[7.448000556460022,47.49463979449634],[7.451821552489205,47.491478987679564],[7.457890193241439,47.4900490988815],[7.463059776104452,47.49050064271247],[7.47160082605204,47.4820718245344],[7.476995173387358,47.48139450878795],[7.4884581614749095,47.483652227942784],[7.492279157504093,47.48568417518214],[7.4949763311717525,47.489748069660855],[7.498460180492479,47.49065115732279],[7.502955469938578,47.49185527420537],[7.502843087702425,47.49494082371698],[7.511946048830775,47.498176887838916],[7.509698404107726,47.50336964189505],[7.511496519886165,47.50389644303118],[7.510147933052336,47.51097062971634],[7.5043040567724075,47.515335553415696],[7.500145914034766,47.517367500655055],[7.4990220916732415,47.522484997406025],[7.500820207451681,47.52165716704925],[7.504528821244712,47.51601286916215],[7.5176775428745515,47.51842110292731],[7.519812805361448,47.516464412993116],[7.5248700059883085,47.516690184908605],[7.524757623752157,47.52007676364086],[7.528915766489797,47.52338808506796],[7.532287233574372,47.528505581818926],[7.528803384253646,47.53369833587506],[7.525431917169072,47.53332204934925],[7.5201499520699056,47.5359560550299],[7.517115631693788,47.5339993650957],[7.510822226469251,47.52993547061699],[7.5034049988831875,47.52986021331183],[7.50261832323012,47.533623078569896],[7.499246856145547,47.53798800226925],[7.500258296270919,47.54122406639119],[7.5058774080785415,47.54461064512345],[7.520262334306057,47.54754568002474],[7.526555739530596,47.552362147555066],[7.532624380282829,47.55582398359248],[7.537569198673538,47.55680232855958],[7.548357893344175,47.562973427582804],[7.552740800554121,47.56477960290668],[7.555550356457933,47.56575794787378],[7.555662738694085,47.56575794787378],[7.558359912361745,47.56673629284087],[7.559820881431726,47.570800187319584],[7.558472294597896,47.57403625144152],[7.567238109017789,47.57877746166668],[7.575779158965377,47.5775733447841],[7.5857811779829465,47.577046543647974],[7.586230706927556,47.58299187075571],[7.59005170295674,47.59127017432346],[7.5996041930297,47.588861940558296],[7.605897598254238,47.586227934877655],[7.605448069309627,47.57915374819249],[7.61646152845257,47.57937952010797],[7.620057760009448,47.57825066053056],[7.626351165233986,47.581260952737004],[7.628935956665494,47.58261558422991],[7.6405113269891975,47.59172171815443],[7.644219940782229,47.59270006312153],[7.642983736184552,47.59563509802282],[7.646804732213736,47.59834436100862],[7.656581986759001,47.596688700295076],[7.668269739318857,47.59345263617314],[7.6806317852956285,47.593753665393784],[7.672765028764956,47.58878668325314],[7.67298979323726,47.58645370679314],[7.681755607657153,47.58412073033313],[7.682092754365611,47.58231455500926],[7.68478992803327,47.57539088293442],[7.690521422077046,47.5729073918641],[7.686925190520166,47.567037322061516],[7.68434039908866,47.56982184235249],[7.679283198461799,47.57042390079378],[7.673326939945718,47.56515588943248],[7.671191677458821,47.567263093977004],[7.659841071607422,47.56575794787378],[7.653772430855189,47.56304868488797],[7.649164759172938,47.561242509564096],[7.642309442767637,47.562597141057],[7.637252242140776,47.56538166134797],[7.635116979653879,47.562597141057],[7.6392751223915205,47.56086622303829],[7.646692349977583,47.55356626443764],[7.649614288117547,47.5499539137899],[7.654783870980561,47.54777145194022],[7.662425863038928,47.546266305836994],[7.667033534721179,47.5386653180157],[7.67613649584953,47.5349777100628],[7.687599483937081,47.53384885048538],[7.697938649663108,47.53430039431635],[7.698388178607718,47.53437565162151],[7.704681583832256,47.5373106865228],[7.714795985085978,47.54077252256022],[7.715133131794436,47.54092303717054],[7.720639861365907,47.5433312709357],[7.744127748721772,47.544986931649255],[7.753792621030884,47.54649207775248],[7.758849821657745,47.54980339917958],[7.773909041302176,47.55371677904797],[7.783798678083593,47.55454460940474],[7.789754936599674,47.55604975550796],[7.797059781949584,47.55906004771442],[7.800543631270311,47.56402702985507],[7.8103208858155755,47.56937029852152],[7.813355206191692,47.57275687725378],[7.8159399976231985,47.58216404039894],[7.819086700235468,47.58780833828604],[7.824818194279244,47.58938874169443],[7.83470783106066,47.58765782367572],[7.838641209325997,47.583970215722815],[7.847182259273584,47.58366918650217],[7.856622367110392,47.586227934877655],[7.862915772334929,47.589087712473784],[7.86977108874023,47.58991554283055],[7.885055072856966,47.59036708666152],[7.893933269513011,47.58848565403249],[7.8983161767229575,47.58600216296217],[7.898990470139871,47.58547536182604],[7.900563821446006,47.58412073033313],[7.904721964183648,47.58163723926281],[7.912363956242015,47.57110121654023],[7.912139191769711,47.56718783667184],[7.908655342448984,47.56289817027765],[7.909442018102052,47.5569528431699],[7.911352516116644,47.553641521742804],[7.917308774632724,47.549427112653774],[7.927198411414141,47.548072481160865],[7.93214322980485,47.54844876768667],[7.9415833376416565,47.54589001931119],[7.9415833376416565,47.54581476200603],[7.941920484350114,47.54573950470087],[7.945629098143145,47.5452879608699],[7.949674858644634,47.54694362158345],[7.94989962311694,47.54716939349893],[7.953495854673818,47.55597449820281],[7.956417792813783,47.55853324657829],[7.961025464496034,47.55966210615571],[7.96585790065059,47.55853324657829],[7.975298008487397,47.55680232855958],[7.984625734088052,47.55672707125442],[7.996088722175603,47.557855930831835],[8.002382127400141,47.55763015891635],[8.009012679333138,47.55604975550796],[8.014069879959997,47.553189977911835],[8.019801374003773,47.55183534641893],[8.04104161663659,47.55492089593055],[8.047110257388823,47.55672707125442],[8.061158036907882,47.565005374822164],[8.069361940147012,47.56598371978926],[8.072396260523128,47.56553217595829],[8.079701105873038,47.560565193817645],[8.084645924263747,47.55883427579894],[8.092175534085962,47.55951159154539],[8.098244174838197,47.56244662644668],[8.10251469981199,47.56778989511313],[8.103638522173515,47.57629397059636],[8.105211873479648,47.579304262802815],[8.11026907410651,47.58359392919701],[8.116899626039505,47.585324847215716],[8.126789262820923,47.584647531469265],[8.137465575255407,47.58547536182604],[8.139376073269998,47.58758256637056],[8.140275131159218,47.59277532042669],[8.148366652162196,47.59638767107443],[8.15398576396982,47.59706498682088],[8.161515373792035,47.59518355419185],[8.166572574418897,47.59571035532798],[8.170955481628843,47.59849487561895],[8.17634982896416,47.60368762967508],[8.18545279009251,47.60609586344024],[8.18545279009251,47.6061711207454],[8.185565172328662,47.6061711207454],[8.187138523634797,47.60729998032282],[8.19500528016547,47.61768548843508],[8.19995009855618,47.62084629525185],[8.208828295212223,47.62242669866024],[8.21680743397905,47.62084629525185],[8.22231416355052,47.616932915383465],[8.22512371945433,47.60820306798475],[8.230405684553498,47.60677317918669],[8.237935294375713,47.61347107934605],[8.247487784448673,47.6141483950925],[8.259063154772377,47.61663188616282],[8.262209857384645,47.61482571083895],[8.262322239620797,47.61482571083895],[8.262884150801561,47.61377210856669],[8.266255617886134,47.6108370736654],[8.280865308585955,47.61301953551508],[8.289069211825085,47.61189067593766],[8.296711203883453,47.60880512642605],[8.298734084134198,47.60684843649185],[8.298734084134198,47.60677317918669],[8.296374057174996,47.5981938463983],[8.2965988216473,47.594205209224754],[8.30199316898262,47.58810936750668],[8.309859925513292,47.58570113374152],[8.315254272848609,47.58246506961959],[8.324244851740808,47.57463830988281],[8.329414434603821,47.57268161994862],[8.338067866787561,47.57177853228668],[8.348294650277435,47.57207956150732],[8.362904340977256,47.57095070192991],[8.378862618510906,47.56884349738539],[8.382458850067785,47.567263093977004],[8.387066521750036,47.56816618163894],[8.388977019764628,47.57245584803313],[8.393247544738422,47.57636922790152],[8.39999047890757,47.5785516897512],[8.406283884132108,47.57667025712217],[8.417409725511202,47.572154818812486],[8.426737451111858,47.569219783911194],[8.43280609186409,47.567940409723455],[8.43966140826939,47.56869298277507],[8.456968272636871,47.573735222220876],[8.465284558112153,47.57358470761055],[8.478320897505839,47.579304262802815],[8.486187654036513,47.57870220436152],[8.488210534287257,47.57922900549765],[8.495627761873319,47.582841356145394],[8.488660063231867,47.58893719786346],[8.482479040243481,47.58682999331894],[8.48236665800733,47.58667947870862],[8.468094114015965,47.58562587643636],[8.465958851529068,47.58946399899959],[8.461575944319122,47.58968977091507],[8.46236261997219,47.593979437309265],[8.458204477234549,47.598645390229265],[8.457754948289939,47.603762886980235],[8.464160735750628,47.60368762967508],[8.46921793637749,47.60504226116798],[8.472477021225911,47.608278325289916],[8.47607325278279,47.60910615564669],[8.478882808686603,47.61211644785314],[8.480231395520432,47.61655662885766],[8.484389538258073,47.61505148275443],[8.489896267829543,47.616481371552496],[8.495627761873319,47.61595457041637],[8.504056429584754,47.61858857609702],[8.50933839468392,47.61888960531766],[8.50933839468392,47.623630815542825],[8.51619371108922,47.62837202576799],[8.51754229792305,47.63333900790863],[8.521925205132996,47.635897756284116],[8.526870023523706,47.63318849329831],[8.532713899803634,47.633414265213794],[8.539906362917392,47.63221014833121],[8.539681598445087,47.62746893810605],[8.544176887891185,47.62837202576799],[8.548447412864979,47.62694213696992],[8.558449431882549,47.62596379200282],[8.561933281203276,47.62235144135508],[8.56395616145402,47.61813703226605],[8.570474331150862,47.618663833402174],[8.57216006469315,47.613847365871855],[8.5675523930109,47.61128861749637],[8.56721524630244,47.60677317918669],[8.56260757462019,47.60278454201314],[8.564068543690173,47.60075259477379],[8.567664775247051,47.59849487561895],[8.57260959363776,47.599548477891204],[8.583510670544548,47.59751653065185],[8.588905017879867,47.60316082853895],[8.592501249436747,47.603612372369916],[8.593849836270575,47.6075257522383],[8.59677177441054,47.60699895110218],[8.604750913177366,47.6127937635996],[8.606211882247347,47.615804055806045],[8.60542520659428,47.618964862622825],[8.601154681620486,47.624759675120245],[8.59856989018898,47.63032871570218],[8.596434627702083,47.643875030631214],[8.602166121745858,47.64688532283767],[8.60497567764967,47.652379106114445],[8.608459526970396,47.65388425221767],[8.613853874305715,47.65072344540089],[8.615090078903393,47.64583172056541],[8.613067198652647,47.643724516020896],[8.606211882247347,47.64304720027444],[8.603964237524298,47.64086473842477],[8.607672851317329,47.6384565046596],[8.613404345361104,47.638757533880245],[8.62138348412793,47.6404131945938],[8.624417804504047,47.64229462722283],[8.62913785842245,47.649669843128635],[8.63003691631167,47.6534327083867],[8.625316862393266,47.65764711747573],[8.61823678151566,47.66178626925961],[8.616663430209528,47.66253884231122],[8.615651990084155,47.66291512883703],[8.613966256541868,47.662162555785414],[8.609133820387312,47.6660759356538],[8.606998557900415,47.67141920432026],[8.607560469081177,47.67292435042348],[8.607785233553482,47.673526408864774],[8.599244183605894,47.674203724611225],[8.5949736586321,47.66848416941897],[8.592388867200594,47.66901097055509],[8.587106902101429,47.667280052536384],[8.579240145570754,47.663065643447354],[8.56575427723246,47.66675325140025],[8.564518072634781,47.671343947015096],[8.560697076605598,47.67156971893058],[8.547885501684217,47.668860455944774],[8.54024350962585,47.6647213041609],[8.541142567515069,47.6590770062738],[8.534961544526682,47.66133472542864],[8.534512015582074,47.664570789550574],[8.528218610357534,47.661711011954445],[8.530129108372126,47.65712031633961],[8.534624397818225,47.651701790367994],[8.533163428748244,47.64748738127896],[8.523835703147588,47.646358521701536],[8.514507977546934,47.64891727007702],[8.50978792362853,47.64801418241509],[8.504056429584754,47.6487667554667],[8.500460198027875,47.6477884104996],[8.494279175039491,47.64846572624606],[8.494616321747948,47.64447708907251],[8.491020090191068,47.64379977332605],[8.488435298759562,47.64650903631186],[8.48382762707731,47.64560594864992],[8.481692364590414,47.65064818809574],[8.477309457380468,47.651476018452506],[8.474837048185114,47.648390468940896],[8.478770426450449,47.64605749248089],[8.472252256753606,47.643724516020896],[8.467307438362898,47.64417605985186],[8.464947411403696,47.64997087234928],[8.46831887848827,47.657496602865415],[8.466745527182136,47.65847494783251],[8.458541623943006,47.65411002413315],[8.454833010149974,47.65621722867767],[8.450000573995418,47.65614197137251],[8.446179577966234,47.65516362640541],[8.437863292490952,47.65877597705315],[8.434267060934072,47.6627646142267],[8.424826953097266,47.668183140198316],[8.413476347245865,47.66765633906219],[8.406733413076719,47.67593464262993],[8.409655351216681,47.68014905171897],[8.417184961038897,47.6810521393809],[8.421792632721148,47.68526654846994],[8.419882134706556,47.68759952492994],[8.419320223525794,47.689631472169296],[8.413251582773562,47.6956520565822],[8.407520088729786,47.69685617346478],[8.40549720847904,47.69949017914542],[8.410217262397445,47.704231389370584],[8.416510667621983,47.70912311420607],[8.426962215584162,47.71250969293833],[8.435840412240207,47.7186055346564],[8.439549026033239,47.719884908844136],[8.44370716877088,47.72312097296608],[8.44820245821698,47.72455086176414],[8.456181596983804,47.723873546017685],[8.455844450275347,47.72861475624285],[8.458092094998396,47.730571446177045],[8.453933952260755,47.73185082036479],[8.450787249648485,47.7396023227964],[8.45191107201001,47.74163427003576],[8.456968272636871,47.744193018411245],[8.457305419345328,47.74938577246737],[8.458991152887615,47.75156823431705],[8.467981731779812,47.75540635688028],[8.468206496252117,47.75563212879576],[8.46876840743288,47.75826613447641],[8.472701785698217,47.76428671888931],[8.477084692908162,47.76707123918028],[8.482479040243481,47.76970524486093],[8.490121032301849,47.774672227001574],[8.497201113179454,47.77211347862609],[8.503269753931686,47.77504851352738],[8.510462217045445,47.77572582927383],[8.511248892698513,47.777607261902865],[8.521250911716082,47.772038221320926],[8.523723320911436,47.77632788771512],[8.527656699176774,47.77956395183706],[8.533837722165158,47.77941343722674],[8.541929243168136,47.78287527326415],[8.544738799071947,47.78287527326415],[8.553841760200298,47.78603608008093],[8.562944721328648,47.781821670991896],[8.563731396981716,47.77926292261641],[8.5675523930109,47.7794886945319],[8.578228705445383,47.78302578787448],[8.57541914954157,47.788068027320286],[8.576093442958486,47.790927804916414],[8.562832339092495,47.79416386903835],[8.563619014745562,47.802818459131906],[8.564630454870935,47.80673183900029],[8.56901336208088,47.809892645817065],[8.573508651526978,47.80778544127255],[8.576655354139248,47.80311948835255],[8.582049701474567,47.801840114164804],[8.588905017879867,47.80402257601448],[8.593625071798272,47.80018445345126],[8.599244183605894,47.803796804099],[8.602503268454315,47.804323605235126],[8.61497769666724,47.802517429911255],[8.619810132821796,47.79973290962029],[8.619023457168728,47.79732467585513],[8.62318159990637,47.796045301667384],[8.621608248600236,47.7901752318648],[8.61677581244568,47.78844431384609],[8.616213901264917,47.784681448588024],[8.618798692696423,47.781595899076414],[8.6200348972941,47.779338179921574],[8.624305422267895,47.77858560686996],[8.620372044002558,47.76872689989383],[8.626103538046333,47.76518980655125],[8.628800711713993,47.76067436824157],[8.63273408997933,47.75962076596931],[8.634869352466225,47.76172797051383],[8.643522784649967,47.76654443804415],[8.646557105026083,47.76639392343383],[8.650265718819114,47.77143616287964],[8.654199097084451,47.77474748430674],[8.64914189645759,47.775349542748025],[8.651164776708335,47.782724758653835],[8.650490483291419,47.78535876433448],[8.646669487262235,47.788293799235774],[8.647680927387608,47.796045301667384],[8.65060286552757,47.799883424230615],[8.658132475349786,47.80176485685965],[8.661391560198208,47.79739993316029],[8.662964911504343,47.79303500946094],[8.668359258839661,47.78912162959254],[8.672292637104999,47.78912162959254],[8.682744185067177,47.78490722050351],[8.683980389664855,47.77858560686996],[8.689374737000172,47.77504851352738],[8.684317536373312,47.77188770671061],[8.689149972527868,47.76308260200673],[8.689037590291715,47.76052385363125],[8.69375764421012,47.75758881872996],[8.69881484483698,47.758190877171245],[8.70016343167081,47.761125912072536],[8.708030188201482,47.765114549246086],[8.71061497963299,47.764663005415116],[8.715335033551392,47.76692072456996],[8.72207796772054,47.764663005415116],[8.727247550583554,47.76413620427899],[8.731855222265805,47.76097539746222],[8.730057106487365,47.759319736748665],[8.740958183394156,47.75450326921834],[8.742643916936442,47.74946102977253],[8.740621036685699,47.74780536905899],[8.735451453822684,47.74810639827963],[8.727809461764316,47.74645073756608],[8.724662759152046,47.74712805331254],[8.721291292067473,47.74246210039253],[8.715559798023698,47.74012912393253],[8.713087388828344,47.73230236419575],[8.716683620385222,47.726357037088015],[8.719156029580576,47.723045715660916],[8.719380794052881,47.72281994374543],[8.73432763146116,47.71973439423382],[8.737474334073429,47.71755193238414],[8.733091426863483,47.71288597946414],[8.732304751210416,47.70904785690091],[8.727584697292011,47.69806029034736],[8.729045666361994,47.694297425089296],[8.734440013697313,47.69414691047897],[8.74477917942334,47.6923407351551],[8.750061144522505,47.692265477849936],[8.759051723414702,47.690685074441554],[8.76714324441768,47.68782529684542],[8.774110943059133,47.68308408662026],[8.790855896245851,47.676611958376384],[8.796137861345017,47.67683773029187],[8.794564510038882,47.68135316860155],[8.797711212651151,47.689179928338326],[8.800970297499573,47.69309330820671],[8.807038938251806,47.69301805090155],[8.811084698753294,47.6946737116151],[8.807376084960264,47.697834518431875],[8.79894741724883,47.698737606093815],[8.79894741724883,47.70370458823446],[8.794676892275035,47.70573653547381],[8.794564510038882,47.705811792778974],[8.788271104814344,47.7059623073893],[8.770627093738407,47.70814476923898],[8.773998560822982,47.71461689748285],[8.77208806280839,47.716272558196394],[8.773324267406066,47.719884908844136],[8.781977699589806,47.72312097296608],[8.785012019965922,47.72643229439317],[8.792991158732747,47.730345674261564],[8.800183621846505,47.72869001354801],[8.800183621846505,47.729292071989306],[8.797598830414998,47.73606522945382],[8.800296004082657,47.737495118251886],[8.80861228955794,47.73847346321898],[8.80816276061333,47.735914714843496],[8.812320903350972,47.72951784390479],[8.806139880362586,47.72710961013963],[8.813781872420954,47.72530343481576],[8.819738130937035,47.71905707848737],[8.82636868287003,47.718379762740916],[8.81996289540934,47.71491792670349],[8.825357242744658,47.71235917832801],[8.83097635455228,47.713412780600265],[8.834460203873007,47.71597152897575],[8.846709867613626,47.71243443563317],[8.848957512336677,47.706037564694455],[8.862218616202668,47.70543550625317],[8.867051052357223,47.70679013774607],[8.872557781928695,47.706338593915106],[8.870872048386406,47.70310252979317],[8.877165453610946,47.69813554765252],[8.875704484540963,47.69580257119252],[8.868174874718747,47.69550154197187],[8.867275816829528,47.69790977573704],[8.859296678062703,47.70016749489188],[8.852553743893555,47.69903863531446],[8.85142992153203,47.69587782849768],[8.855700446505825,47.69595308580284],[8.858397620173484,47.69422216778413],[8.857273797811958,47.690459302526065],[8.852216597185098,47.68714798109897],[8.85277850836586,47.68233151356865],[8.856037593214282,47.682030484348],[8.856599504395044,47.681804712432516],[8.861544322785752,47.68195522704284],[8.868624403663357,47.677364531428],[8.871883488511779,47.67299960772864],[8.87469304441559,47.67187074815122],[8.876603542430182,47.66404398841445],[8.876154013485573,47.657722374780896],[8.876041631249421,47.65621722867767],[8.883234094363178,47.65614197137251],[8.894135171269967,47.650121386959604],[8.897956167299151,47.64921829929767],[8.916948765208918,47.65335745108154],[8.932232749325655,47.65696980172928],[8.942459532815528,47.657948146696384],[8.964935980046022,47.666151192958964],[8.980219964162757,47.674655268442194],[8.996627770641018,47.680901624770584],[9.011237461340839,47.68541706308026],[9.020677569177646,47.68782529684542],[9.029331001361385,47.68759952492994],[9.03820919801743,47.68616963613187],[9.051020772938813,47.68639540804735],[9.059449440650248,47.68549232038542],[9.066079992583242,47.68368614506155],[9.073384837933153,47.680450080939615],[9.087207852979907,47.68075111016026],[9.09608604963595,47.68029956632929],[9.1051890107643,47.67751504603832],[9.114291971892651,47.67202126276155],[9.12294540407639,47.668634684029286],[9.134633156636248,47.66720479523122],[9.139577975026956,47.66562439182283],[9.14384850000075,47.6660759356538],[9.150928580878356,47.66901097055509],[9.158682955172875,47.667505824451865],[9.158795337409028,47.66743056714671],[9.161380128840534,47.66366770188864],[9.164639213688956,47.66156049734413],[9.173292645872696,47.6567440298138],[9.174191703761917,47.65689454442412],[9.179473668861082,47.65606671406735],[9.18306990041796,47.65719557364477],[9.188351865517127,47.658851234358316],[9.204310143050776,47.6567440298138],[9.216110277846786,47.65651825789831],[9.257804087459352,47.66013060854606],[9.276234774188357,47.65501311179509],[9.446381479723192,47.596237156464106],[9.454248236253864,47.591571203544106],[9.504033566869406,47.548599282297],[9.52100328452843,47.53836428879506],[9.54561499424582,47.53783748765893],[9.551908399470358,47.53573028311441],[9.560337067181793,47.51367989270215],[9.562584711904842,47.50186449579182],[9.56247232966869,47.50118718004537],[9.564158063210977,47.496370712515045],[9.567080001350941,47.493736706834405],[9.577082020368511,47.48831818086279],[9.584724012426879,47.482598625670526],[9.595400324861362,47.46581624661955],[9.60214325903051,47.462956469023425],[9.606301401768151,47.46536470278859],[9.607762370838135,47.47093374337052],[9.612931953701148,47.470783228760205],[9.618213918800313,47.46333275554923],[9.622034914829497,47.45979566220665],[9.627541644400967,47.45806474418794],[9.644960891004601,47.45723691383117],[9.655749585675238,47.455581253117614],[9.660806786302098,47.452721475521486],[9.659345817232117,47.449184382178906],[9.652153354118358,47.4441421427331],[9.647433300199955,47.44052979208536],[9.64585994889382,47.43789578640471],[9.646534242310736,47.43315457617955],[9.65035523833992,47.42608038949439],[9.652040971882206,47.41878043089374],[9.652153354118358,47.4178773432318],[9.652153354118358,47.41780208592664],[9.652940029771425,47.405986689016316],[9.655749585675238,47.40576091710083],[9.658671523815201,47.4015465080118],[9.663728724442063,47.39778364275373],[9.671932627681192,47.394999122462764],[9.674180272404243,47.39349397635954],[9.674854565821157,47.39266614600276],[9.674629801348852,47.38288269633179],[9.671595480972735,47.37881880185308],[9.663728724442063,47.37242193091437],[9.658109612634439,47.37016421175953],[9.650804767284528,47.36880958026663],[9.636644605529318,47.368734322961465],[9.627541644400967,47.36640134650146],[9.626417822039443,47.36707866224792],[9.625743528622529,47.36753020607888],[9.606413784004305,47.35262925965694],[9.600682289960528,47.34638290332855],[9.590567888706806,47.32049439035307],[9.582813514412287,47.31244185870081],[9.56752953029555,47.30574395854145],[9.557864657986439,47.2997986314337],[9.556403688916456,47.29821822802532],[9.552695075123426,47.28835952104919],[9.547413110024259,47.281360591669184],[9.5447159363566,47.27955441634531],[9.534152006158267,47.27428640498402],[9.53201674367137,47.27195342852402],[9.53201674367137,47.271802913913696],[9.531117685782151,47.270674054336276],[9.531117685782151,47.26548130028015],[9.529544334476016,47.26141740580144],[9.521565195709192,47.24538759980208],[9.511675558927774,47.23312065906079],[9.50549453593939,47.2262722442911],[9.502572597799425,47.22130526215046],[9.500437335312528,47.21197335631046],[9.49144675642033,47.19955590095884],[9.488861964988823,47.1916538839169],[9.486951466974231,47.18254774999238],[9.487513378154993,47.179311685870445],[9.490435316294958,47.17050658116658],[9.492008667601093,47.16614165746722],[9.49549251692182,47.15997055844399],[9.496728721519496,47.15823964042528],[9.505045006994779,47.14853144805947],[9.5083040918432,47.14491909741173],[9.51055173656625,47.14138200406915],[9.51381082141467,47.13280267128076],[9.514035585886976,47.13205009822914],[9.51650799508233,47.12324499352527],[9.518418493096922,47.11654709336592],[9.518418493096922,47.116471836060754],[9.521340431236887,47.10473169645559],[9.521565195709192,47.10149563233365],[9.520778520056124,47.0984853401272],[9.520666137819973,47.09841008282204],[9.516845141790789,47.089755492728486],[9.515721319429263,47.08802457470978],[9.514485114831587,47.087272001658164],[9.514485114831587,47.087272001658164],[9.513698439178519,47.08674520052204],[9.513473674706214,47.086669943216876],[9.492008667601093,47.074177230560096],[9.481219972930456,47.07003807877622],[9.476162772303596,47.06717830118009],[9.473465598635936,47.062587605565255],[9.477174212428967,47.05333095703041],[9.47728659466512,47.053255699725256],[9.47728659466512,47.05310518511493],[9.477623741373577,47.056341249236866],[9.483579999889658,47.05777113803493],[9.485715262376555,47.050997980570415],[9.486164791321166,47.050997980570415],[9.48728861368269,47.050997980570415],[9.487400995918842,47.05129900979106],[9.488524818280366,47.05348147164074],[9.49369440114338,47.058598968391706],[9.498414455061784,47.05604022001622],[9.498863984006393,47.055889705405896],[9.500212570840223,47.056341249236866],[9.500324953076376,47.05649176384719],[9.50099924649329,47.05777113803493],[9.501561157674052,47.05897525491751],[9.504370713577863,47.0582226818659],[9.505382153703236,47.057921652645256],[9.508079327370895,47.05814742456074],[9.508416474079354,47.05814742456074],[9.513136527997757,47.05852371108654],[9.515271790484654,47.05912576952783],[9.518530875333076,47.06198554712397],[9.52561095621068,47.063264921311706],[9.529881481184475,47.06401749436332],[9.531791979199067,47.064318523583964],[9.53201674367137,47.06439378088913],[9.541119704799721,47.06642572812848],[9.545839758718124,47.06461955280461],[9.546851198843497,47.06349069322719],[9.549773136983461,47.062361833649774],[9.553256986304188,47.05980308527429],[9.554493190901864,47.05829793917106],[9.554942719846474,47.05604022001622],[9.555504631027237,47.05242786936848],[9.55561701326339,47.05182581092719],[9.558089422458742,47.05062169404461],[9.559550391528726,47.0502454075188],[9.560786596126402,47.04994437829816],[9.560898978362555,47.04994437829816],[9.561011360598707,47.049869120992994],[9.565843796753263,47.052126840147835],[9.570451468435515,47.053857758166544],[9.570563850671668,47.053857758166544],[9.572137201977801,47.053857758166544],[9.573710553283936,47.053857758166544],[9.573822935520088,47.053857758166544],[9.579554429563865,47.05536290426977],[9.582363985467676,47.05415878738719],[9.58247636770383,47.05415878738719],[9.58247636770383,47.05415878738719],[9.58483639466303,47.054986617743964],[9.588994537400673,47.05649176384719],[9.592927915666008,47.05844845378138],[9.595512707097516,47.05882474030719],[9.597310822875954,47.06040514371558],[9.59888417418209,47.06063091563106],[9.601019436668986,47.060329886410415],[9.60304231691973,47.062136061734286],[9.60304231691973,47.062136061734286],[9.60304231691973,47.06221131903945],[9.604053757045103,47.06318966400654],[9.604728050462018,47.063039149396225],[9.608324282018897,47.062136061734286]],[[8.969318887255968,45.96413197943077],[8.97077985632595,45.96292786254819],[8.976960879314337,45.96315363446367],[8.97853423062047,45.9693247334869],[8.977635172731251,45.98083910117658],[8.978646612856624,45.983473106857225],[8.978421848384318,45.984150422603676],[8.978421848384318,45.98422567990884],[8.978197083912013,45.984150422603676],[8.968082682658292,45.98535453948626],[8.965160744518327,45.97715149322368],[8.962463570850668,45.973012341439805],[8.959766397183008,45.9660134120598],[8.961227366252992,45.96571238283916],[8.969318887255968,45.96413197943077]],[[8.71881888287212,47.69211496323962],[8.718594118399814,47.69640462963381],[8.712300713175276,47.697608746516394],[8.713087388828344,47.70242521404671],[8.709603539507617,47.70543550625317],[8.708142570437635,47.711155061445425],[8.7065692191315,47.71153134797123],[8.707693041493025,47.71175711988672],[8.702748223102317,47.716573587417045],[8.701736782976944,47.716272558196394],[8.700837725087725,47.71634781550156],[8.699713902726199,47.71634781550156],[8.699376756017742,47.716122043586076],[8.69926437378159,47.71597152897575],[8.698590080364674,47.715218955924136],[8.690835706070155,47.713187008684784],[8.690723323834003,47.712133406412526],[8.691397617250917,47.71168186258156],[8.69150999948707,47.71085403222478],[8.685216594262531,47.71010145917317],[8.682294656122568,47.711155061445425],[8.681395598233347,47.712584950243496],[8.682744185067177,47.713187008684784],[8.682744185067177,47.713638552515754],[8.678586042329536,47.71439112556737],[8.67510219300881,47.7139395817364],[8.673416459466523,47.71243443563317],[8.67195549039654,47.712133406412526],[8.670494521326559,47.712584950243496],[8.667347818714289,47.71424061095704],[8.665437320699697,47.71469215478801],[8.667010672005832,47.70934888612155],[8.668471641075815,47.708746827680265],[8.674989810772658,47.70618807930478],[8.67746221996801,47.69881286339897],[8.677012691023402,47.69888812070413],[8.675214575244961,47.6993396645351],[8.674315517355742,47.69617885771833],[8.66925831672888,47.6946737116151],[8.669483081201186,47.69354485203768],[8.667909729895051,47.69354485203768],[8.65959344441977,47.692717021680906],[8.65959344441977,47.692039705934455],[8.659930591128226,47.692039705934455],[8.660717266781294,47.69083558905187],[8.664987791755088,47.68940570025381],[8.664650645046631,47.68775003954026],[8.664538262810478,47.68729849570929],[8.670494521326559,47.68601912152155],[8.678698424565688,47.688653127202194],[8.685216594262531,47.6923407351551],[8.69106047054246,47.69685617346478],[8.692521439612442,47.696705658854455],[8.702748223102317,47.693319080122194],[8.710502597396836,47.690910846357035],[8.71881888287212,47.69211496323962]]]},"properties":{"id":"CH","name":"Schweiz / Suisse / Svizzera / Svizra"}}]}