Jahr;BFS_Nummer;Gemeinde;Indikator;Wert
2026;2761;Aesch;Steuerfuss_Ertrag_juristische_Personen_Prozent;55.0
2026;2761;Aesch;Steuerfuss_Kapital_juristische_Personen_Prozent;55.0
2026;2761;Aesch;Steuerfuss_natürliche_Personen_Prozent;56.0
2026;2762;Allschwil;Steuerfuss_Ertrag_juristische_Personen_Prozent;55.0
2026;2762;Allschwil;Steuerfuss_Kapital_juristische_Personen_Prozent;55.0
2026;2762;Allschwil;Steuerfuss_natürliche_Personen_Prozent;58.0
2026;2763;Arlesheim;Steuerfuss_Ertrag_juristische_Personen_Prozent;50.0
2026;2763;Arlesheim;Steuerfuss_Kapital_juristische_Personen_Prozent;50.0
2026;2763;Arlesheim;Steuerfuss_natürliche_Personen_Prozent;47.0
2026;2764;Biel-Benken;Steuerfuss_Ertrag_juristische_Personen_Prozent;46.0
2026;2764;Biel-Benken;Steuerfuss_Kapital_juristische_Personen_Prozent;46.0
2026;2764;Biel-Benken;Steuerfuss_natürliche_Personen_Prozent;46.0
2026;2765;Binningen;Steuerfuss_Ertrag_juristische_Personen_Prozent;31.0
2026;2765;Binningen;Steuerfuss_Kapital_juristische_Personen_Prozent;55.0
2026;2765;Binningen;Steuerfuss_natürliche_Personen_Prozent;49.0
2026;2766;Birsfelden;Steuerfuss_Ertrag_juristische_Personen_Prozent;55.0
2026;2766;Birsfelden;Steuerfuss_Kapital_juristische_Personen_Prozent;55.0
2026;2766;Birsfelden;Steuerfuss_natürliche_Personen_Prozent;62.0
2026;2767;Bottmingen;Steuerfuss_Ertrag_juristische_Personen_Prozent;49.0
2026;2767;Bottmingen;Steuerfuss_Kapital_juristische_Personen_Prozent;49.0
2026;2767;Bottmingen;Steuerfuss_natürliche_Personen_Prozent;48.0
2026;2768;Ettingen;Steuerfuss_Ertrag_juristische_Personen_Prozent;50.0
2026;2768;Ettingen;Steuerfuss_Kapital_juristische_Personen_Prozent;50.0
2026;2768;Ettingen;Steuerfuss_natürliche_Personen_Prozent;61.0
2026;2769;Münchenstein;Steuerfuss_Ertrag_juristische_Personen_Prozent;55.0
2026;2769;Münchenstein;Steuerfuss_Kapital_juristische_Personen_Prozent;55.0
2026;2769;Münchenstein;Steuerfuss_natürliche_Personen_Prozent;60.0
2026;2770;Muttenz;Steuerfuss_Ertrag_juristische_Personen_Prozent;55.0
2026;2770;Muttenz;Steuerfuss_Kapital_juristische_Personen_Prozent;55.0
2026;2770;Muttenz;Steuerfuss_natürliche_Personen_Prozent;56.0
2026;2771;Oberwil;Steuerfuss_Ertrag_juristische_Personen_Prozent;55.0
2026;2771;Oberwil;Steuerfuss_Kapital_juristische_Personen_Prozent;55.0
2026;2771;Oberwil;Steuerfuss_natürliche_Personen_Prozent;50.0
2026;2772;Pfeffingen;Steuerfuss_Ertrag_juristische_Personen_Prozent;45.0
2026;2772;Pfeffingen;Steuerfuss_Kapital_juristische_Personen_Prozent;45.0
2026;2772;Pfeffingen;Steuerfuss_natürliche_Personen_Prozent;45.0
2026;2773;Reinach;Steuerfuss_Ertrag_juristische_Personen_Prozent;55.0
2026;2773;Reinach;Steuerfuss_Kapital_juristische_Personen_Prozent;55.0
2026;2773;Reinach;Steuerfuss_natürliche_Personen_Prozent;58.5
2026;2774;Schönenbuch;Steuerfuss_Ertrag_juristische_Personen_Prozent;45.0
2026;2774;Schönenbuch;Steuerfuss_Kapital_juristische_Personen_Prozent;45.0
2026;2774;Schönenbuch;Steuerfuss_natürliche_Personen_Prozent;54.0
2026;2775;Therwil;Steuerfuss_Ertrag_juristische_Personen_Prozent;55.0
2026;2775;Therwil;Steuerfuss_Kapital_juristische_Personen_Prozent;55.0
2026;2775;Therwil;Steuerfuss_natürliche_Personen_Prozent;52.0
2026;2781;Blauen;Steuerfuss_Ertrag_juristische_Personen_Prozent;44.0
2026;2781;Blauen;Steuerfuss_Kapital_juristische_Personen_Prozent;55.0
2026;2781;Blauen;Steuerfuss_natürliche_Personen_Prozent;59.5
2026;2782;Brislach;Steuerfuss_Ertrag_juristische_Personen_Prozent;50.0
2026;2782;Brislach;Steuerfuss_Kapital_juristische_Personen_Prozent;55.0
2026;2782;Brislach;Steuerfuss_natürliche_Personen_Prozent;57.0
2026;2783;Burg i.L.;Steuerfuss_Ertrag_juristische_Personen_Prozent;55.0
2026;2783;Burg i.L.;Steuerfuss_Kapital_juristische_Personen_Prozent;55.0
2026;2783;Burg i.L.;Steuerfuss_natürliche_Personen_Prozent;68.0
2026;2784;Dittingen;Steuerfuss_Ertrag_juristische_Personen_Prozent;55.0
2026;2784;Dittingen;Steuerfuss_Kapital_juristische_Personen_Prozent;55.0
2026;2784;Dittingen;Steuerfuss_natürliche_Personen_Prozent;64.0
2026;2785;Duggingen;Steuerfuss_Ertrag_juristische_Personen_Prozent;55.0
2026;2785;Duggingen;Steuerfuss_Kapital_juristische_Personen_Prozent;55.0
2026;2785;Duggingen;Steuerfuss_natürliche_Personen_Prozent;54.0
2026;2786;Grellingen;Steuerfuss_Ertrag_juristische_Personen_Prozent;55.0
2026;2786;Grellingen;Steuerfuss_Kapital_juristische_Personen_Prozent;55.0
2026;2786;Grellingen;Steuerfuss_natürliche_Personen_Prozent;62.0
2026;2787;Laufen;Steuerfuss_Ertrag_juristische_Personen_Prozent;55.0
2026;2787;Laufen;Steuerfuss_Kapital_juristische_Personen_Prozent;55.0
2026;2787;Laufen;Steuerfuss_natürliche_Personen_Prozent;59.0
2026;2788;Liesberg;Steuerfuss_Ertrag_juristische_Personen_Prozent;55.0
2026;2788;Liesberg;Steuerfuss_Kapital_juristische_Personen_Prozent;55.0
2026;2788;Liesberg;Steuerfuss_natürliche_Personen_Prozent;61.0
2026;2789;Nenzlingen;Steuerfuss_Ertrag_juristische_Personen_Prozent;55.0
2026;2789;Nenzlingen;Steuerfuss_Kapital_juristische_Personen_Prozent;55.0
2026;2789;Nenzlingen;Steuerfuss_natürliche_Personen_Prozent;62.5
2026;2790;Roggenburg;Steuerfuss_Ertrag_juristische_Personen_Prozent;55.0
2026;2790;Roggenburg;Steuerfuss_Kapital_juristische_Personen_Prozent;55.0
2026;2790;Roggenburg;Steuerfuss_natürliche_Personen_Prozent;62.0
2026;2791;Röschenz;Steuerfuss_Ertrag_juristische_Personen_Prozent;50.0
2026;2791;Röschenz;Steuerfuss_Kapital_juristische_Personen_Prozent;50.0
2026;2791;Röschenz;Steuerfuss_natürliche_Personen_Prozent;58.0
2026;2792;Wahlen;Steuerfuss_Ertrag_juristische_Personen_Prozent;55.0
2026;2792;Wahlen;Steuerfuss_Kapital_juristische_Personen_Prozent;55.0
2026;2792;Wahlen;Steuerfuss_natürliche_Personen_Prozent;60.0
2026;2793;Zwingen;Steuerfuss_Ertrag_juristische_Personen_Prozent;46.0
2026;2793;Zwingen;Steuerfuss_Kapital_juristische_Personen_Prozent;55.0
2026;2793;Zwingen;Steuerfuss_natürliche_Personen_Prozent;62.0
2026;2821;Arisdorf;Steuerfuss_Ertrag_juristische_Personen_Prozent;55.0
2026;2821;Arisdorf;Steuerfuss_Kapital_juristische_Personen_Prozent;55.0
2026;2821;Arisdorf;Steuerfuss_natürliche_Personen_Prozent;59.0
2026;2822;Augst;Steuerfuss_Ertrag_juristische_Personen_Prozent;55.0
2026;2822;Augst;Steuerfuss_Kapital_juristische_Personen_Prozent;55.0
2026;2822;Augst;Steuerfuss_natürliche_Personen_Prozent;53.0
2026;2823;Bubendorf;Steuerfuss_Ertrag_juristische_Personen_Prozent;55.0
2026;2823;Bubendorf;Steuerfuss_Kapital_juristische_Personen_Prozent;55.0
2026;2823;Bubendorf;Steuerfuss_natürliche_Personen_Prozent;60.0
2026;2824;Frenkendorf;Steuerfuss_Ertrag_juristische_Personen_Prozent;55.0
2026;2824;Frenkendorf;Steuerfuss_Kapital_juristische_Personen_Prozent;55.0
2026;2824;Frenkendorf;Steuerfuss_natürliche_Personen_Prozent;57.0
2026;2825;Füllinsdorf;Steuerfuss_Ertrag_juristische_Personen_Prozent;55.0
2026;2825;Füllinsdorf;Steuerfuss_Kapital_juristische_Personen_Prozent;55.0
2026;2825;Füllinsdorf;Steuerfuss_natürliche_Personen_Prozent;60.0
2026;2826;Giebenach;Steuerfuss_Ertrag_juristische_Personen_Prozent;28.0
2026;2826;Giebenach;Steuerfuss_Kapital_juristische_Personen_Prozent;55.0
2026;2826;Giebenach;Steuerfuss_natürliche_Personen_Prozent;55.0
2026;2827;Hersberg;Steuerfuss_Ertrag_juristische_Personen_Prozent;55.0
2026;2827;Hersberg;Steuerfuss_Kapital_juristische_Personen_Prozent;55.0
2026;2827;Hersberg;Steuerfuss_natürliche_Personen_Prozent;59.0
2026;2828;Lausen;Steuerfuss_Ertrag_juristische_Personen_Prozent;55.0
2026;2828;Lausen;Steuerfuss_Kapital_juristische_Personen_Prozent;55.0
2026;2828;Lausen;Steuerfuss_natürliche_Personen_Prozent;55.0
2026;2829;Liestal;Steuerfuss_Ertrag_juristische_Personen_Prozent;55.0
2026;2829;Liestal;Steuerfuss_Kapital_juristische_Personen_Prozent;55.0
2026;2829;Liestal;Steuerfuss_natürliche_Personen_Prozent;65.0
2026;2830;Lupsingen;Steuerfuss_Ertrag_juristische_Personen_Prozent;55.0
2026;2830;Lupsingen;Steuerfuss_Kapital_juristische_Personen_Prozent;55.0
2026;2830;Lupsingen;Steuerfuss_natürliche_Personen_Prozent;58.0
2026;2831;Pratteln;Steuerfuss_Ertrag_juristische_Personen_Prozent;55.0
2026;2831;Pratteln;Steuerfuss_Kapital_juristische_Personen_Prozent;55.0
2026;2831;Pratteln;Steuerfuss_natürliche_Personen_Prozent;58.5
2026;2832;Ramlinsburg;Steuerfuss_Ertrag_juristische_Personen_Prozent;39.0
2026;2832;Ramlinsburg;Steuerfuss_Kapital_juristische_Personen_Prozent;45.0
2026;2832;Ramlinsburg;Steuerfuss_natürliche_Personen_Prozent;52.0
2026;2833;Seltisberg;Steuerfuss_Ertrag_juristische_Personen_Prozent;55.0
2026;2833;Seltisberg;Steuerfuss_Kapital_juristische_Personen_Prozent;55.0
2026;2833;Seltisberg;Steuerfuss_natürliche_Personen_Prozent;59.0
2026;2834;Ziefen;Steuerfuss_Ertrag_juristische_Personen_Prozent;55.0
2026;2834;Ziefen;Steuerfuss_Kapital_juristische_Personen_Prozent;55.0
2026;2834;Ziefen;Steuerfuss_natürliche_Personen_Prozent;59.0
2026;2841;Anwil;Steuerfuss_Ertrag_juristische_Personen_Prozent;40.0
2026;2841;Anwil;Steuerfuss_Kapital_juristische_Personen_Prozent;50.0
2026;2841;Anwil;Steuerfuss_natürliche_Personen_Prozent;60.0
2026;2842;Böckten;Steuerfuss_Ertrag_juristische_Personen_Prozent;55.0
2026;2842;Böckten;Steuerfuss_Kapital_juristische_Personen_Prozent;55.0
2026;2842;Böckten;Steuerfuss_natürliche_Personen_Prozent;64.0
2026;2843;Buckten;Steuerfuss_Ertrag_juristische_Personen_Prozent;55.0
2026;2843;Buckten;Steuerfuss_Kapital_juristische_Personen_Prozent;55.0
2026;2843;Buckten;Steuerfuss_natürliche_Personen_Prozent;64.0
2026;2844;Buus;Steuerfuss_Ertrag_juristische_Personen_Prozent;50.0
2026;2844;Buus;Steuerfuss_Kapital_juristische_Personen_Prozent;50.0
2026;2844;Buus;Steuerfuss_natürliche_Personen_Prozent;58.0
2026;2845;Diepflingen;Steuerfuss_Ertrag_juristische_Personen_Prozent;55.0
2026;2845;Diepflingen;Steuerfuss_Kapital_juristische_Personen_Prozent;55.0
2026;2845;Diepflingen;Steuerfuss_natürliche_Personen_Prozent;65.0
2026;2846;Gelterkinden;Steuerfuss_Ertrag_juristische_Personen_Prozent;55.0
2026;2846;Gelterkinden;Steuerfuss_Kapital_juristische_Personen_Prozent;55.0
2026;2846;Gelterkinden;Steuerfuss_natürliche_Personen_Prozent;59.0
2026;2847;Häfelfingen;Steuerfuss_Ertrag_juristische_Personen_Prozent;55.0
2026;2847;Häfelfingen;Steuerfuss_Kapital_juristische_Personen_Prozent;55.0
2026;2847;Häfelfingen;Steuerfuss_natürliche_Personen_Prozent;61.0
2026;2848;Hemmiken;Steuerfuss_Ertrag_juristische_Personen_Prozent;50.0
2026;2848;Hemmiken;Steuerfuss_Kapital_juristische_Personen_Prozent;50.0
2026;2848;Hemmiken;Steuerfuss_natürliche_Personen_Prozent;67.0
2026;2849;Itingen;Steuerfuss_Ertrag_juristische_Personen_Prozent;55.0
2026;2849;Itingen;Steuerfuss_Kapital_juristische_Personen_Prozent;55.0
2026;2849;Itingen;Steuerfuss_natürliche_Personen_Prozent;63.0
2026;2850;Känerkinden;Steuerfuss_Ertrag_juristische_Personen_Prozent;55.0
2026;2850;Känerkinden;Steuerfuss_Kapital_juristische_Personen_Prozent;55.0
2026;2850;Känerkinden;Steuerfuss_natürliche_Personen_Prozent;63.0
2026;2851;Kilchberg;Steuerfuss_Ertrag_juristische_Personen_Prozent;55.0
2026;2851;Kilchberg;Steuerfuss_Kapital_juristische_Personen_Prozent;55.0
2026;2851;Kilchberg;Steuerfuss_natürliche_Personen_Prozent;67.0
2026;2852;Läufelfingen;Steuerfuss_natürliche_Personen_Prozent;64.2
2026;2853;Maisprach;Steuerfuss_Ertrag_juristische_Personen_Prozent;50.0
2026;2853;Maisprach;Steuerfuss_Kapital_juristische_Personen_Prozent;50.0
2026;2853;Maisprach;Steuerfuss_natürliche_Personen_Prozent;56.0
2026;2854;Nusshof;Steuerfuss_Ertrag_juristische_Personen_Prozent;55.0
2026;2854;Nusshof;Steuerfuss_Kapital_juristische_Personen_Prozent;55.0
2026;2854;Nusshof;Steuerfuss_natürliche_Personen_Prozent;62.0
2026;2855;Oltingen;Steuerfuss_Ertrag_juristische_Personen_Prozent;55.0
2026;2855;Oltingen;Steuerfuss_Kapital_juristische_Personen_Prozent;55.0
2026;2855;Oltingen;Steuerfuss_natürliche_Personen_Prozent;64.0
2026;2856;Ormalingen;Steuerfuss_Ertrag_juristische_Personen_Prozent;55.0
2026;2856;Ormalingen;Steuerfuss_Kapital_juristische_Personen_Prozent;55.0
2026;2856;Ormalingen;Steuerfuss_natürliche_Personen_Prozent;59.0
2026;2857;Rickenbach;Steuerfuss_Ertrag_juristische_Personen_Prozent;55.0
2026;2857;Rickenbach;Steuerfuss_Kapital_juristische_Personen_Prozent;55.0
2026;2857;Rickenbach;Steuerfuss_natürliche_Personen_Prozent;62.0
2026;2858;Rothenfluh;Steuerfuss_Ertrag_juristische_Personen_Prozent;55.0
2026;2858;Rothenfluh;Steuerfuss_Kapital_juristische_Personen_Prozent;55.0
2026;2858;Rothenfluh;Steuerfuss_natürliche_Personen_Prozent;62.0
2026;2859;Rümlingen;Steuerfuss_Ertrag_juristische_Personen_Prozent;55.0
2026;2859;Rümlingen;Steuerfuss_Kapital_juristische_Personen_Prozent;55.0
2026;2859;Rümlingen;Steuerfuss_natürliche_Personen_Prozent;63.0
2026;2860;Rünenberg;Steuerfuss_Ertrag_juristische_Personen_Prozent;55.0
2026;2860;Rünenberg;Steuerfuss_Kapital_juristische_Personen_Prozent;55.0
2026;2860;Rünenberg;Steuerfuss_natürliche_Personen_Prozent;62.0
2026;2861;Sissach;Steuerfuss_Ertrag_juristische_Personen_Prozent;55.0
2026;2861;Sissach;Steuerfuss_Kapital_juristische_Personen_Prozent;55.0
2026;2861;Sissach;Steuerfuss_natürliche_Personen_Prozent;57.0
2026;2862;Tecknau;Steuerfuss_Ertrag_juristische_Personen_Prozent;45.0
2026;2862;Tecknau;Steuerfuss_Kapital_juristische_Personen_Prozent;55.0
2026;2862;Tecknau;Steuerfuss_natürliche_Personen_Prozent;60.0
2026;2863;Tenniken;Steuerfuss_Ertrag_juristische_Personen_Prozent;55.0
2026;2863;Tenniken;Steuerfuss_Kapital_juristische_Personen_Prozent;55.0
2026;2863;Tenniken;Steuerfuss_natürliche_Personen_Prozent;60.0
2026;2864;Thürnen;Steuerfuss_Ertrag_juristische_Personen_Prozent;55.0
2026;2864;Thürnen;Steuerfuss_Kapital_juristische_Personen_Prozent;55.0
2026;2864;Thürnen;Steuerfuss_natürliche_Personen_Prozent;56.0
2026;2865;Wenslingen;Steuerfuss_Ertrag_juristische_Personen_Prozent;50.0
2026;2865;Wenslingen;Steuerfuss_Kapital_juristische_Personen_Prozent;50.0
2026;2865;Wenslingen;Steuerfuss_natürliche_Personen_Prozent;58.0
2026;2866;Wintersingen;Steuerfuss_Ertrag_juristische_Personen_Prozent;55.0
2026;2866;Wintersingen;Steuerfuss_Kapital_juristische_Personen_Prozent;55.0
2026;2866;Wintersingen;Steuerfuss_natürliche_Personen_Prozent;56.0
2026;2867;Wittinsburg;Steuerfuss_Ertrag_juristische_Personen_Prozent;55.0
2026;2867;Wittinsburg;Steuerfuss_Kapital_juristische_Personen_Prozent;55.0
2026;2867;Wittinsburg;Steuerfuss_natürliche_Personen_Prozent;63.0
2026;2868;Zeglingen;Steuerfuss_Ertrag_juristische_Personen_Prozent;55.0
2026;2868;Zeglingen;Steuerfuss_Kapital_juristische_Personen_Prozent;55.0
2026;2868;Zeglingen;Steuerfuss_natürliche_Personen_Prozent;64.0
2026;2869;Zunzgen;Steuerfuss_Ertrag_juristische_Personen_Prozent;55.0
2026;2869;Zunzgen;Steuerfuss_Kapital_juristische_Personen_Prozent;55.0
2026;2869;Zunzgen;Steuerfuss_natürliche_Personen_Prozent;59.0
2026;2881;Arboldswil;Steuerfuss_Ertrag_juristische_Personen_Prozent;50.0
2026;2881;Arboldswil;Steuerfuss_Kapital_juristische_Personen_Prozent;50.0
2026;2881;Arboldswil;Steuerfuss_natürliche_Personen_Prozent;59.0
2026;2882;Bennwil;Steuerfuss_Ertrag_juristische_Personen_Prozent;55.0
2026;2882;Bennwil;Steuerfuss_Kapital_juristische_Personen_Prozent;55.0
2026;2882;Bennwil;Steuerfuss_natürliche_Personen_Prozent;64.0
2026;2883;Bretzwil;Steuerfuss_Ertrag_juristische_Personen_Prozent;44.0
2026;2883;Bretzwil;Steuerfuss_Kapital_juristische_Personen_Prozent;55.0
2026;2883;Bretzwil;Steuerfuss_natürliche_Personen_Prozent;58.0
2026;2884;Diegten;Steuerfuss_Ertrag_juristische_Personen_Prozent;50.0
2026;2884;Diegten;Steuerfuss_Kapital_juristische_Personen_Prozent;50.0
2026;2884;Diegten;Steuerfuss_natürliche_Personen_Prozent;56.0
2026;2885;Eptingen;Steuerfuss_Ertrag_juristische_Personen_Prozent;55.0
2026;2885;Eptingen;Steuerfuss_Kapital_juristische_Personen_Prozent;55.0
2026;2885;Eptingen;Steuerfuss_natürliche_Personen_Prozent;65.0
2026;2886;Hölstein;Steuerfuss_Ertrag_juristische_Personen_Prozent;55.0
2026;2886;Hölstein;Steuerfuss_Kapital_juristische_Personen_Prozent;55.0
2026;2886;Hölstein;Steuerfuss_natürliche_Personen_Prozent;63.0
2026;2887;Lampenberg;Steuerfuss_Ertrag_juristische_Personen_Prozent;55.0
2026;2887;Lampenberg;Steuerfuss_Kapital_juristische_Personen_Prozent;55.0
2026;2887;Lampenberg;Steuerfuss_natürliche_Personen_Prozent;62.0
2026;2888;Langenbruck;Steuerfuss_Ertrag_juristische_Personen_Prozent;55.0
2026;2888;Langenbruck;Steuerfuss_Kapital_juristische_Personen_Prozent;55.0
2026;2888;Langenbruck;Steuerfuss_natürliche_Personen_Prozent;56.0
2026;2889;Lauwil;Steuerfuss_Ertrag_juristische_Personen_Prozent;50.0
2026;2889;Lauwil;Steuerfuss_Kapital_juristische_Personen_Prozent;55.0
2026;2889;Lauwil;Steuerfuss_natürliche_Personen_Prozent;60.0
2026;2890;Liedertswil;Steuerfuss_Ertrag_juristische_Personen_Prozent;55.0
2026;2890;Liedertswil;Steuerfuss_Kapital_juristische_Personen_Prozent;55.0
2026;2890;Liedertswil;Steuerfuss_natürliche_Personen_Prozent;55.0
2026;2891;Niederdorf;Steuerfuss_Ertrag_juristische_Personen_Prozent;55.0
2026;2891;Niederdorf;Steuerfuss_Kapital_juristische_Personen_Prozent;55.0
2026;2891;Niederdorf;Steuerfuss_natürliche_Personen_Prozent;64.0
2026;2892;Oberdorf;Steuerfuss_Ertrag_juristische_Personen_Prozent;55.0
2026;2892;Oberdorf;Steuerfuss_Kapital_juristische_Personen_Prozent;55.0
2026;2892;Oberdorf;Steuerfuss_natürliche_Personen_Prozent;65.0
2026;2893;Reigoldswil;Steuerfuss_Ertrag_juristische_Personen_Prozent;55.0
2026;2893;Reigoldswil;Steuerfuss_Kapital_juristische_Personen_Prozent;55.0
2026;2893;Reigoldswil;Steuerfuss_natürliche_Personen_Prozent;66.0
2026;2894;Titterten;Steuerfuss_Ertrag_juristische_Personen_Prozent;55.0
2026;2894;Titterten;Steuerfuss_Kapital_juristische_Personen_Prozent;55.0
2026;2894;Titterten;Steuerfuss_natürliche_Personen_Prozent;65.0
2026;2895;Waldenburg;Steuerfuss_Ertrag_juristische_Personen_Prozent;55.0
2026;2895;Waldenburg;Steuerfuss_Kapital_juristische_Personen_Prozent;55.0
2026;2895;Waldenburg;Steuerfuss_natürliche_Personen_Prozent;72.0
2026;2852;Läufelfingen;Steuerfuss_Ertrag_juristische_Personen_Prozent;55.0
2026;2852;Läufelfingen;Steuerfuss_Kapital_juristische_Personen_Prozent;55.0
2025;2761;Aesch;Steuerfuss_Ertrag_juristische_Personen_Prozent;55.0
2025;2761;Aesch;Steuerfuss_Kapital_juristische_Personen_Prozent;55.0
2025;2761;Aesch;Steuerfuss_natürliche_Personen_Prozent;56.0
2025;2762;Allschwil;Steuerfuss_Ertrag_juristische_Personen_Prozent;55.0
2025;2762;Allschwil;Steuerfuss_Kapital_juristische_Personen_Prozent;55.0
2025;2762;Allschwil;Steuerfuss_natürliche_Personen_Prozent;58.0
2025;2763;Arlesheim;Steuerfuss_Ertrag_juristische_Personen_Prozent;50.0
2025;2763;Arlesheim;Steuerfuss_Kapital_juristische_Personen_Prozent;50.0
2025;2763;Arlesheim;Steuerfuss_natürliche_Personen_Prozent;47.0
2025;2764;Biel-Benken;Steuerfuss_Ertrag_juristische_Personen_Prozent;46.0
2025;2764;Biel-Benken;Steuerfuss_Kapital_juristische_Personen_Prozent;46.0
2025;2764;Biel-Benken;Steuerfuss_natürliche_Personen_Prozent;46.0
2025;2765;Binningen;Steuerfuss_Ertrag_juristische_Personen_Prozent;31.0
2025;2765;Binningen;Steuerfuss_Kapital_juristische_Personen_Prozent;55.0
2025;2765;Binningen;Steuerfuss_natürliche_Personen_Prozent;49.0
2025;2766;Birsfelden;Steuerfuss_Ertrag_juristische_Personen_Prozent;55.0
2025;2766;Birsfelden;Steuerfuss_Kapital_juristische_Personen_Prozent;55.0
2025;2766;Birsfelden;Steuerfuss_natürliche_Personen_Prozent;62.0
2025;2767;Bottmingen;Steuerfuss_Ertrag_juristische_Personen_Prozent;49.0
2025;2767;Bottmingen;Steuerfuss_Kapital_juristische_Personen_Prozent;49.0
2025;2767;Bottmingen;Steuerfuss_natürliche_Personen_Prozent;48.0
2025;2768;Ettingen;Steuerfuss_Ertrag_juristische_Personen_Prozent;50.0
2025;2768;Ettingen;Steuerfuss_Kapital_juristische_Personen_Prozent;50.0
2025;2768;Ettingen;Steuerfuss_natürliche_Personen_Prozent;61.0
2025;2769;Münchenstein;Steuerfuss_Ertrag_juristische_Personen_Prozent;55.0
2025;2769;Münchenstein;Steuerfuss_Kapital_juristische_Personen_Prozent;55.0
2025;2769;Münchenstein;Steuerfuss_natürliche_Personen_Prozent;60.0
2025;2770;Muttenz;Steuerfuss_Ertrag_juristische_Personen_Prozent;55.0
2025;2770;Muttenz;Steuerfuss_Kapital_juristische_Personen_Prozent;55.0
2025;2770;Muttenz;Steuerfuss_natürliche_Personen_Prozent;56.0
2025;2771;Oberwil;Steuerfuss_Ertrag_juristische_Personen_Prozent;55.0
2025;2771;Oberwil;Steuerfuss_Kapital_juristische_Personen_Prozent;55.0
2025;2771;Oberwil;Steuerfuss_natürliche_Personen_Prozent;50.0
2025;2772;Pfeffingen;Steuerfuss_Ertrag_juristische_Personen_Prozent;45.0
2025;2772;Pfeffingen;Steuerfuss_Kapital_juristische_Personen_Prozent;45.0
2025;2772;Pfeffingen;Steuerfuss_natürliche_Personen_Prozent;45.0
2025;2773;Reinach;Steuerfuss_Ertrag_juristische_Personen_Prozent;55.0
2025;2773;Reinach;Steuerfuss_Kapital_juristische_Personen_Prozent;55.0
2025;2773;Reinach;Steuerfuss_natürliche_Personen_Prozent;54.5
2025;2774;Schönenbuch;Steuerfuss_Ertrag_juristische_Personen_Prozent;40.0
2025;2774;Schönenbuch;Steuerfuss_Kapital_juristische_Personen_Prozent;40.0
2025;2774;Schönenbuch;Steuerfuss_natürliche_Personen_Prozent;52.0
2025;2775;Therwil;Steuerfuss_Ertrag_juristische_Personen_Prozent;55.0
2025;2775;Therwil;Steuerfuss_Kapital_juristische_Personen_Prozent;55.0
2025;2775;Therwil;Steuerfuss_natürliche_Personen_Prozent;52.0
2025;2781;Blauen;Steuerfuss_Ertrag_juristische_Personen_Prozent;44.0
2025;2781;Blauen;Steuerfuss_Kapital_juristische_Personen_Prozent;55.0
2025;2781;Blauen;Steuerfuss_natürliche_Personen_Prozent;59.5
2025;2782;Brislach;Steuerfuss_Ertrag_juristische_Personen_Prozent;50.0
2025;2782;Brislach;Steuerfuss_Kapital_juristische_Personen_Prozent;55.0
2025;2782;Brislach;Steuerfuss_natürliche_Personen_Prozent;57.0
2025;2783;Burg i.L.;Steuerfuss_Ertrag_juristische_Personen_Prozent;55.0
2025;2783;Burg i.L.;Steuerfuss_Kapital_juristische_Personen_Prozent;55.0
2025;2783;Burg i.L.;Steuerfuss_natürliche_Personen_Prozent;68.0
2025;2784;Dittingen;Steuerfuss_Ertrag_juristische_Personen_Prozent;55.0
2025;2784;Dittingen;Steuerfuss_Kapital_juristische_Personen_Prozent;55.0
2025;2784;Dittingen;Steuerfuss_natürliche_Personen_Prozent;64.0
2025;2785;Duggingen;Steuerfuss_Ertrag_juristische_Personen_Prozent;55.0
2025;2785;Duggingen;Steuerfuss_Kapital_juristische_Personen_Prozent;55.0
2025;2785;Duggingen;Steuerfuss_natürliche_Personen_Prozent;54.0
2025;2786;Grellingen;Steuerfuss_Ertrag_juristische_Personen_Prozent;55.0
2025;2786;Grellingen;Steuerfuss_Kapital_juristische_Personen_Prozent;55.0
2025;2786;Grellingen;Steuerfuss_natürliche_Personen_Prozent;62.0
2025;2787;Laufen;Steuerfuss_Ertrag_juristische_Personen_Prozent;55.0
2025;2787;Laufen;Steuerfuss_Kapital_juristische_Personen_Prozent;55.0
2025;2787;Laufen;Steuerfuss_natürliche_Personen_Prozent;59.0
2025;2788;Liesberg;Steuerfuss_Ertrag_juristische_Personen_Prozent;55.0
2025;2788;Liesberg;Steuerfuss_Kapital_juristische_Personen_Prozent;55.0
2025;2788;Liesberg;Steuerfuss_natürliche_Personen_Prozent;61.0
2025;2789;Nenzlingen;Steuerfuss_Ertrag_juristische_Personen_Prozent;55.0
2025;2789;Nenzlingen;Steuerfuss_Kapital_juristische_Personen_Prozent;55.0
2025;2789;Nenzlingen;Steuerfuss_natürliche_Personen_Prozent;62.5
2025;2790;Roggenburg;Steuerfuss_Ertrag_juristische_Personen_Prozent;55.0
2025;2790;Roggenburg;Steuerfuss_Kapital_juristische_Personen_Prozent;55.0
2025;2790;Roggenburg;Steuerfuss_natürliche_Personen_Prozent;62.0
2025;2791;Röschenz;Steuerfuss_Ertrag_juristische_Personen_Prozent;50.0
2025;2791;Röschenz;Steuerfuss_Kapital_juristische_Personen_Prozent;50.0
2025;2791;Röschenz;Steuerfuss_natürliche_Personen_Prozent;58.0
2025;2792;Wahlen;Steuerfuss_Ertrag_juristische_Personen_Prozent;55.0
2025;2792;Wahlen;Steuerfuss_Kapital_juristische_Personen_Prozent;55.0
2025;2792;Wahlen;Steuerfuss_natürliche_Personen_Prozent;60.0
2025;2793;Zwingen;Steuerfuss_Ertrag_juristische_Personen_Prozent;46.0
2025;2793;Zwingen;Steuerfuss_Kapital_juristische_Personen_Prozent;55.0
2025;2793;Zwingen;Steuerfuss_natürliche_Personen_Prozent;59.0
2025;2821;Arisdorf;Steuerfuss_Ertrag_juristische_Personen_Prozent;55.0
2025;2821;Arisdorf;Steuerfuss_Kapital_juristische_Personen_Prozent;55.0
2025;2821;Arisdorf;Steuerfuss_natürliche_Personen_Prozent;59.0
2025;2822;Augst;Steuerfuss_Ertrag_juristische_Personen_Prozent;55.0
2025;2822;Augst;Steuerfuss_Kapital_juristische_Personen_Prozent;55.0
2025;2822;Augst;Steuerfuss_natürliche_Personen_Prozent;53.0
2025;2823;Bubendorf;Steuerfuss_Ertrag_juristische_Personen_Prozent;55.0
2025;2823;Bubendorf;Steuerfuss_Kapital_juristische_Personen_Prozent;55.0
2025;2823;Bubendorf;Steuerfuss_natürliche_Personen_Prozent;60.0
2025;2824;Frenkendorf;Steuerfuss_Ertrag_juristische_Personen_Prozent;55.0
2025;2824;Frenkendorf;Steuerfuss_Kapital_juristische_Personen_Prozent;55.0
2025;2824;Frenkendorf;Steuerfuss_natürliche_Personen_Prozent;57.0
2025;2825;Füllinsdorf;Steuerfuss_Ertrag_juristische_Personen_Prozent;55.0
2025;2825;Füllinsdorf;Steuerfuss_Kapital_juristische_Personen_Prozent;55.0
2025;2825;Füllinsdorf;Steuerfuss_natürliche_Personen_Prozent;60.0
2025;2826;Giebenach;Steuerfuss_Ertrag_juristische_Personen_Prozent;28.0
2025;2826;Giebenach;Steuerfuss_Kapital_juristische_Personen_Prozent;55.0
2025;2826;Giebenach;Steuerfuss_natürliche_Personen_Prozent;55.0
2025;2827;Hersberg;Steuerfuss_Ertrag_juristische_Personen_Prozent;55.0
2025;2827;Hersberg;Steuerfuss_Kapital_juristische_Personen_Prozent;55.0
2025;2827;Hersberg;Steuerfuss_natürliche_Personen_Prozent;59.0
2025;2828;Lausen;Steuerfuss_Ertrag_juristische_Personen_Prozent;55.0
2025;2828;Lausen;Steuerfuss_Kapital_juristische_Personen_Prozent;55.0
2025;2828;Lausen;Steuerfuss_natürliche_Personen_Prozent;55.0
2025;2829;Liestal;Steuerfuss_Ertrag_juristische_Personen_Prozent;55.0
2025;2829;Liestal;Steuerfuss_Kapital_juristische_Personen_Prozent;55.0
2025;2829;Liestal;Steuerfuss_natürliche_Personen_Prozent;65.0
2025;2830;Lupsingen;Steuerfuss_Ertrag_juristische_Personen_Prozent;55.0
2025;2830;Lupsingen;Steuerfuss_Kapital_juristische_Personen_Prozent;55.0
2025;2830;Lupsingen;Steuerfuss_natürliche_Personen_Prozent;58.0
2025;2831;Pratteln;Steuerfuss_Ertrag_juristische_Personen_Prozent;55.0
2025;2831;Pratteln;Steuerfuss_Kapital_juristische_Personen_Prozent;55.0
2025;2831;Pratteln;Steuerfuss_natürliche_Personen_Prozent;58.5
2025;2832;Ramlinsburg;Steuerfuss_Ertrag_juristische_Personen_Prozent;39.0
2025;2832;Ramlinsburg;Steuerfuss_Kapital_juristische_Personen_Prozent;45.0
2025;2832;Ramlinsburg;Steuerfuss_natürliche_Personen_Prozent;52.0
2025;2833;Seltisberg;Steuerfuss_Ertrag_juristische_Personen_Prozent;55.0
2025;2833;Seltisberg;Steuerfuss_Kapital_juristische_Personen_Prozent;55.0
2025;2833;Seltisberg;Steuerfuss_natürliche_Personen_Prozent;59.0
2025;2834;Ziefen;Steuerfuss_Ertrag_juristische_Personen_Prozent;55.0
2025;2834;Ziefen;Steuerfuss_Kapital_juristische_Personen_Prozent;55.0
2025;2834;Ziefen;Steuerfuss_natürliche_Personen_Prozent;63.0
2025;2841;Anwil;Steuerfuss_Ertrag_juristische_Personen_Prozent;40.0
2025;2841;Anwil;Steuerfuss_Kapital_juristische_Personen_Prozent;50.0
2025;2841;Anwil;Steuerfuss_natürliche_Personen_Prozent;60.0
2025;2842;Böckten;Steuerfuss_Ertrag_juristische_Personen_Prozent;55.0
2025;2842;Böckten;Steuerfuss_Kapital_juristische_Personen_Prozent;55.0
2025;2842;Böckten;Steuerfuss_natürliche_Personen_Prozent;59.0
2025;2843;Buckten;Steuerfuss_Ertrag_juristische_Personen_Prozent;55.0
2025;2843;Buckten;Steuerfuss_Kapital_juristische_Personen_Prozent;55.0
2025;2843;Buckten;Steuerfuss_natürliche_Personen_Prozent;64.0
2025;2844;Buus;Steuerfuss_Ertrag_juristische_Personen_Prozent;50.0
2025;2844;Buus;Steuerfuss_Kapital_juristische_Personen_Prozent;50.0
2025;2844;Buus;Steuerfuss_natürliche_Personen_Prozent;58.0
2025;2845;Diepflingen;Steuerfuss_Ertrag_juristische_Personen_Prozent;55.0
2025;2845;Diepflingen;Steuerfuss_Kapital_juristische_Personen_Prozent;55.0
2025;2845;Diepflingen;Steuerfuss_natürliche_Personen_Prozent;65.0
2025;2846;Gelterkinden;Steuerfuss_Ertrag_juristische_Personen_Prozent;55.0
2025;2846;Gelterkinden;Steuerfuss_Kapital_juristische_Personen_Prozent;55.0
2025;2846;Gelterkinden;Steuerfuss_natürliche_Personen_Prozent;59.0
2025;2847;Häfelfingen;Steuerfuss_Ertrag_juristische_Personen_Prozent;55.0
2025;2847;Häfelfingen;Steuerfuss_Kapital_juristische_Personen_Prozent;55.0
2025;2847;Häfelfingen;Steuerfuss_natürliche_Personen_Prozent;61.0
2025;2848;Hemmiken;Steuerfuss_Ertrag_juristische_Personen_Prozent;50.0
2025;2848;Hemmiken;Steuerfuss_Kapital_juristische_Personen_Prozent;50.0
2025;2848;Hemmiken;Steuerfuss_natürliche_Personen_Prozent;67.0
2025;2849;Itingen;Steuerfuss_Ertrag_juristische_Personen_Prozent;55.0
2025;2849;Itingen;Steuerfuss_Kapital_juristische_Personen_Prozent;55.0
2025;2849;Itingen;Steuerfuss_natürliche_Personen_Prozent;63.0
2025;2850;Känerkinden;Steuerfuss_Ertrag_juristische_Personen_Prozent;55.0
2025;2850;Känerkinden;Steuerfuss_Kapital_juristische_Personen_Prozent;55.0
2025;2850;Känerkinden;Steuerfuss_natürliche_Personen_Prozent;63.0
2025;2851;Kilchberg;Steuerfuss_Ertrag_juristische_Personen_Prozent;55.0
2025;2851;Kilchberg;Steuerfuss_Kapital_juristische_Personen_Prozent;55.0
2025;2851;Kilchberg;Steuerfuss_natürliche_Personen_Prozent;64.0
2025;2852;Läufelfingen;Steuerfuss_Ertrag_juristische_Personen_Prozent;55.0
2025;2852;Läufelfingen;Steuerfuss_Kapital_juristische_Personen_Prozent;55.0
2025;2852;Läufelfingen;Steuerfuss_natürliche_Personen_Prozent;64.2
2025;2853;Maisprach;Steuerfuss_Ertrag_juristische_Personen_Prozent;50.0
2025;2853;Maisprach;Steuerfuss_Kapital_juristische_Personen_Prozent;50.0
2025;2853;Maisprach;Steuerfuss_natürliche_Personen_Prozent;56.0
2025;2854;Nusshof;Steuerfuss_Ertrag_juristische_Personen_Prozent;55.0
2025;2854;Nusshof;Steuerfuss_Kapital_juristische_Personen_Prozent;55.0
2025;2854;Nusshof;Steuerfuss_natürliche_Personen_Prozent;62.0
2025;2855;Oltingen;Steuerfuss_Ertrag_juristische_Personen_Prozent;55.0
2025;2855;Oltingen;Steuerfuss_Kapital_juristische_Personen_Prozent;55.0
2025;2855;Oltingen;Steuerfuss_natürliche_Personen_Prozent;64.0
2025;2856;Ormalingen;Steuerfuss_Ertrag_juristische_Personen_Prozent;55.0
2025;2856;Ormalingen;Steuerfuss_Kapital_juristische_Personen_Prozent;55.0
2025;2856;Ormalingen;Steuerfuss_natürliche_Personen_Prozent;59.0
2025;2857;Rickenbach;Steuerfuss_Ertrag_juristische_Personen_Prozent;55.0
2025;2857;Rickenbach;Steuerfuss_Kapital_juristische_Personen_Prozent;55.0
2025;2857;Rickenbach;Steuerfuss_natürliche_Personen_Prozent;62.0
2025;2858;Rothenfluh;Steuerfuss_Ertrag_juristische_Personen_Prozent;55.0
2025;2858;Rothenfluh;Steuerfuss_Kapital_juristische_Personen_Prozent;55.0
2025;2858;Rothenfluh;Steuerfuss_natürliche_Personen_Prozent;62.0
2025;2859;Rümlingen;Steuerfuss_Ertrag_juristische_Personen_Prozent;55.0
2025;2859;Rümlingen;Steuerfuss_Kapital_juristische_Personen_Prozent;55.0
2025;2859;Rümlingen;Steuerfuss_natürliche_Personen_Prozent;63.0
2025;2860;Rünenberg;Steuerfuss_Ertrag_juristische_Personen_Prozent;55.0
2025;2860;Rünenberg;Steuerfuss_Kapital_juristische_Personen_Prozent;55.0
2025;2860;Rünenberg;Steuerfuss_natürliche_Personen_Prozent;62.0
2025;2861;Sissach;Steuerfuss_Ertrag_juristische_Personen_Prozent;55.0
2025;2861;Sissach;Steuerfuss_Kapital_juristische_Personen_Prozent;55.0
2025;2861;Sissach;Steuerfuss_natürliche_Personen_Prozent;57.0
2025;2862;Tecknau;Steuerfuss_Ertrag_juristische_Personen_Prozent;45.0
2025;2862;Tecknau;Steuerfuss_Kapital_juristische_Personen_Prozent;55.0
2025;2862;Tecknau;Steuerfuss_natürliche_Personen_Prozent;60.0
2025;2863;Tenniken;Steuerfuss_Ertrag_juristische_Personen_Prozent;55.0
2025;2863;Tenniken;Steuerfuss_Kapital_juristische_Personen_Prozent;55.0
2025;2863;Tenniken;Steuerfuss_natürliche_Personen_Prozent;60.0
2025;2864;Thürnen;Steuerfuss_Ertrag_juristische_Personen_Prozent;55.0
2025;2864;Thürnen;Steuerfuss_Kapital_juristische_Personen_Prozent;55.0
2025;2864;Thürnen;Steuerfuss_natürliche_Personen_Prozent;56.0
2025;2865;Wenslingen;Steuerfuss_Ertrag_juristische_Personen_Prozent;50.0
2025;2865;Wenslingen;Steuerfuss_Kapital_juristische_Personen_Prozent;50.0
2025;2865;Wenslingen;Steuerfuss_natürliche_Personen_Prozent;58.0
2025;2866;Wintersingen;Steuerfuss_Ertrag_juristische_Personen_Prozent;55.0
2025;2866;Wintersingen;Steuerfuss_Kapital_juristische_Personen_Prozent;55.0
2025;2866;Wintersingen;Steuerfuss_natürliche_Personen_Prozent;56.0
2025;2867;Wittinsburg;Steuerfuss_Ertrag_juristische_Personen_Prozent;55.0
2025;2867;Wittinsburg;Steuerfuss_Kapital_juristische_Personen_Prozent;55.0
2025;2867;Wittinsburg;Steuerfuss_natürliche_Personen_Prozent;63.0
2025;2868;Zeglingen;Steuerfuss_Ertrag_juristische_Personen_Prozent;55.0
2025;2868;Zeglingen;Steuerfuss_Kapital_juristische_Personen_Prozent;55.0
2025;2868;Zeglingen;Steuerfuss_natürliche_Personen_Prozent;64.0
2025;2869;Zunzgen;Steuerfuss_Ertrag_juristische_Personen_Prozent;55.0
2025;2869;Zunzgen;Steuerfuss_Kapital_juristische_Personen_Prozent;55.0
2025;2869;Zunzgen;Steuerfuss_natürliche_Personen_Prozent;56.0
2025;2881;Arboldswil;Steuerfuss_Ertrag_juristische_Personen_Prozent;50.0
2025;2881;Arboldswil;Steuerfuss_Kapital_juristische_Personen_Prozent;50.0
2025;2881;Arboldswil;Steuerfuss_natürliche_Personen_Prozent;59.0
2025;2882;Bennwil;Steuerfuss_Ertrag_juristische_Personen_Prozent;55.0
2025;2882;Bennwil;Steuerfuss_Kapital_juristische_Personen_Prozent;55.0
2025;2882;Bennwil;Steuerfuss_natürliche_Personen_Prozent;64.0
2025;2883;Bretzwil;Steuerfuss_Ertrag_juristische_Personen_Prozent;44.0
2025;2883;Bretzwil;Steuerfuss_Kapital_juristische_Personen_Prozent;55.0
2025;2883;Bretzwil;Steuerfuss_natürliche_Personen_Prozent;58.0
2025;2884;Diegten;Steuerfuss_Ertrag_juristische_Personen_Prozent;50.0
2025;2884;Diegten;Steuerfuss_Kapital_juristische_Personen_Prozent;50.0
2025;2884;Diegten;Steuerfuss_natürliche_Personen_Prozent;56.0
2025;2885;Eptingen;Steuerfuss_Ertrag_juristische_Personen_Prozent;55.0
2025;2885;Eptingen;Steuerfuss_Kapital_juristische_Personen_Prozent;55.0
2025;2885;Eptingen;Steuerfuss_natürliche_Personen_Prozent;65.0
2025;2886;Hölstein;Steuerfuss_Ertrag_juristische_Personen_Prozent;55.0
2025;2886;Hölstein;Steuerfuss_Kapital_juristische_Personen_Prozent;55.0
2025;2886;Hölstein;Steuerfuss_natürliche_Personen_Prozent;63.0
2025;2887;Lampenberg;Steuerfuss_Ertrag_juristische_Personen_Prozent;55.0
2025;2887;Lampenberg;Steuerfuss_Kapital_juristische_Personen_Prozent;55.0
2025;2887;Lampenberg;Steuerfuss_natürliche_Personen_Prozent;62.0
2025;2888;Langenbruck;Steuerfuss_Ertrag_juristische_Personen_Prozent;55.0
2025;2888;Langenbruck;Steuerfuss_Kapital_juristische_Personen_Prozent;55.0
2025;2888;Langenbruck;Steuerfuss_natürliche_Personen_Prozent;56.0
2025;2889;Lauwil;Steuerfuss_Ertrag_juristische_Personen_Prozent;50.0
2025;2889;Lauwil;Steuerfuss_Kapital_juristische_Personen_Prozent;55.0
2025;2889;Lauwil;Steuerfuss_natürliche_Personen_Prozent;60.0
2025;2890;Liedertswil;Steuerfuss_Ertrag_juristische_Personen_Prozent;55.0
2025;2890;Liedertswil;Steuerfuss_Kapital_juristische_Personen_Prozent;55.0
2025;2890;Liedertswil;Steuerfuss_natürliche_Personen_Prozent;55.0
2025;2891;Niederdorf;Steuerfuss_Ertrag_juristische_Personen_Prozent;55.0
2025;2891;Niederdorf;Steuerfuss_Kapital_juristische_Personen_Prozent;55.0
2025;2891;Niederdorf;Steuerfuss_natürliche_Personen_Prozent;64.0
2025;2892;Oberdorf;Steuerfuss_Ertrag_juristische_Personen_Prozent;55.0
2025;2892;Oberdorf;Steuerfuss_Kapital_juristische_Personen_Prozent;55.0
2025;2892;Oberdorf;Steuerfuss_natürliche_Personen_Prozent;65.0
2025;2893;Reigoldswil;Steuerfuss_Ertrag_juristische_Personen_Prozent;55.0
2025;2893;Reigoldswil;Steuerfuss_Kapital_juristische_Personen_Prozent;55.0
2025;2893;Reigoldswil;Steuerfuss_natürliche_Personen_Prozent;66.0
2025;2894;Titterten;Steuerfuss_Ertrag_juristische_Personen_Prozent;55.0
2025;2894;Titterten;Steuerfuss_Kapital_juristische_Personen_Prozent;55.0
2025;2894;Titterten;Steuerfuss_natürliche_Personen_Prozent;65.0
2025;2895;Waldenburg;Steuerfuss_Ertrag_juristische_Personen_Prozent;55.0
2025;2895;Waldenburg;Steuerfuss_Kapital_juristische_Personen_Prozent;55.0
2025;2895;Waldenburg;Steuerfuss_natürliche_Personen_Prozent;72.0
2024;2761;Aesch;Steuerfuss_Ertrag_juristische_Personen_Prozent;55.0
2024;2761;Aesch;Steuerfuss_Kapital_juristische_Personen_Prozent;55.0
2024;2761;Aesch;Steuerfuss_natürliche_Personen_Prozent;56.0
2024;2762;Allschwil;Steuerfuss_Ertrag_juristische_Personen_Prozent;55.0
2024;2762;Allschwil;Steuerfuss_Kapital_juristische_Personen_Prozent;55.0
2024;2762;Allschwil;Steuerfuss_natürliche_Personen_Prozent;58.0
2024;2763;Arlesheim;Steuerfuss_Ertrag_juristische_Personen_Prozent;50.0
2024;2763;Arlesheim;Steuerfuss_Kapital_juristische_Personen_Prozent;50.0
2024;2763;Arlesheim;Steuerfuss_natürliche_Personen_Prozent;47.0
2024;2764;Biel-Benken;Steuerfuss_Ertrag_juristische_Personen_Prozent;46.0
2024;2764;Biel-Benken;Steuerfuss_Kapital_juristische_Personen_Prozent;46.0
2024;2764;Biel-Benken;Steuerfuss_natürliche_Personen_Prozent;46.0
2024;2765;Binningen;Steuerfuss_Ertrag_juristische_Personen_Prozent;31.0
2024;2765;Binningen;Steuerfuss_Kapital_juristische_Personen_Prozent;55.0
2024;2765;Binningen;Steuerfuss_natürliche_Personen_Prozent;49.0
2024;2766;Birsfelden;Steuerfuss_Ertrag_juristische_Personen_Prozent;55.0
2024;2766;Birsfelden;Steuerfuss_Kapital_juristische_Personen_Prozent;55.0
2024;2766;Birsfelden;Steuerfuss_natürliche_Personen_Prozent;62.0
2024;2767;Bottmingen;Steuerfuss_Ertrag_juristische_Personen_Prozent;49.0
2024;2767;Bottmingen;Steuerfuss_Kapital_juristische_Personen_Prozent;49.0
2024;2767;Bottmingen;Steuerfuss_natürliche_Personen_Prozent;45.0
2024;2768;Ettingen;Steuerfuss_Ertrag_juristische_Personen_Prozent;50.0
2024;2768;Ettingen;Steuerfuss_Kapital_juristische_Personen_Prozent;50.0
2024;2768;Ettingen;Steuerfuss_natürliche_Personen_Prozent;61.0
2024;2769;Münchenstein;Steuerfuss_Ertrag_juristische_Personen_Prozent;55.0
2024;2769;Münchenstein;Steuerfuss_Kapital_juristische_Personen_Prozent;55.0
2024;2769;Münchenstein;Steuerfuss_natürliche_Personen_Prozent;60.0
2024;2770;Muttenz;Steuerfuss_Ertrag_juristische_Personen_Prozent;55.0
2024;2770;Muttenz;Steuerfuss_Kapital_juristische_Personen_Prozent;55.0
2024;2770;Muttenz;Steuerfuss_natürliche_Personen_Prozent;56.0
2024;2771;Oberwil;Steuerfuss_Ertrag_juristische_Personen_Prozent;55.0
2024;2771;Oberwil;Steuerfuss_Kapital_juristische_Personen_Prozent;55.0
2024;2771;Oberwil;Steuerfuss_natürliche_Personen_Prozent;50.0
2024;2772;Pfeffingen;Steuerfuss_Ertrag_juristische_Personen_Prozent;45.0
2024;2772;Pfeffingen;Steuerfuss_Kapital_juristische_Personen_Prozent;45.0
2024;2772;Pfeffingen;Steuerfuss_natürliche_Personen_Prozent;45.0
2024;2773;Reinach;Steuerfuss_Ertrag_juristische_Personen_Prozent;55.0
2024;2773;Reinach;Steuerfuss_Kapital_juristische_Personen_Prozent;55.0
2024;2773;Reinach;Steuerfuss_natürliche_Personen_Prozent;54.5
2024;2774;Schönenbuch;Steuerfuss_Ertrag_juristische_Personen_Prozent;40.0
2024;2774;Schönenbuch;Steuerfuss_Kapital_juristische_Personen_Prozent;40.0
2024;2774;Schönenbuch;Steuerfuss_natürliche_Personen_Prozent;52.0
2024;2775;Therwil;Steuerfuss_Ertrag_juristische_Personen_Prozent;55.0
2024;2775;Therwil;Steuerfuss_Kapital_juristische_Personen_Prozent;55.0
2024;2775;Therwil;Steuerfuss_natürliche_Personen_Prozent;52.0
2024;2781;Blauen;Steuerfuss_Ertrag_juristische_Personen_Prozent;44.0
2024;2781;Blauen;Steuerfuss_Kapital_juristische_Personen_Prozent;55.0
2024;2781;Blauen;Steuerfuss_natürliche_Personen_Prozent;59.5
2024;2782;Brislach;Steuerfuss_Ertrag_juristische_Personen_Prozent;50.0
2024;2782;Brislach;Steuerfuss_Kapital_juristische_Personen_Prozent;55.0
2024;2782;Brislach;Steuerfuss_natürliche_Personen_Prozent;57.0
2024;2783;Burg i.L.;Steuerfuss_Ertrag_juristische_Personen_Prozent;55.0
2024;2783;Burg i.L.;Steuerfuss_Kapital_juristische_Personen_Prozent;55.0
2024;2783;Burg i.L.;Steuerfuss_natürliche_Personen_Prozent;68.0
2024;2784;Dittingen;Steuerfuss_Ertrag_juristische_Personen_Prozent;55.0
2024;2784;Dittingen;Steuerfuss_Kapital_juristische_Personen_Prozent;55.0
2024;2784;Dittingen;Steuerfuss_natürliche_Personen_Prozent;64.0
2024;2785;Duggingen;Steuerfuss_Ertrag_juristische_Personen_Prozent;55.0
2024;2785;Duggingen;Steuerfuss_Kapital_juristische_Personen_Prozent;55.0
2024;2785;Duggingen;Steuerfuss_natürliche_Personen_Prozent;54.0
2024;2786;Grellingen;Steuerfuss_Ertrag_juristische_Personen_Prozent;55.0
2024;2786;Grellingen;Steuerfuss_Kapital_juristische_Personen_Prozent;55.0
2024;2786;Grellingen;Steuerfuss_natürliche_Personen_Prozent;62.0
2024;2787;Laufen;Steuerfuss_Ertrag_juristische_Personen_Prozent;55.0
2024;2787;Laufen;Steuerfuss_Kapital_juristische_Personen_Prozent;55.0
2024;2787;Laufen;Steuerfuss_natürliche_Personen_Prozent;59.0
2024;2788;Liesberg;Steuerfuss_Ertrag_juristische_Personen_Prozent;55.0
2024;2788;Liesberg;Steuerfuss_Kapital_juristische_Personen_Prozent;55.0
2024;2788;Liesberg;Steuerfuss_natürliche_Personen_Prozent;61.0
2024;2789;Nenzlingen;Steuerfuss_Ertrag_juristische_Personen_Prozent;55.0
2024;2789;Nenzlingen;Steuerfuss_Kapital_juristische_Personen_Prozent;55.0
2024;2789;Nenzlingen;Steuerfuss_natürliche_Personen_Prozent;62.5
2024;2790;Roggenburg;Steuerfuss_Ertrag_juristische_Personen_Prozent;55.0
2024;2790;Roggenburg;Steuerfuss_Kapital_juristische_Personen_Prozent;55.0
2024;2790;Roggenburg;Steuerfuss_natürliche_Personen_Prozent;62.0
2024;2791;Röschenz;Steuerfuss_Ertrag_juristische_Personen_Prozent;50.0
2024;2791;Röschenz;Steuerfuss_Kapital_juristische_Personen_Prozent;50.0
2024;2791;Röschenz;Steuerfuss_natürliche_Personen_Prozent;58.0
2024;2792;Wahlen;Steuerfuss_Ertrag_juristische_Personen_Prozent;55.0
2024;2792;Wahlen;Steuerfuss_Kapital_juristische_Personen_Prozent;55.0
2024;2792;Wahlen;Steuerfuss_natürliche_Personen_Prozent;60.0
2024;2793;Zwingen;Steuerfuss_Ertrag_juristische_Personen_Prozent;46.0
2024;2793;Zwingen;Steuerfuss_Kapital_juristische_Personen_Prozent;55.0
2024;2793;Zwingen;Steuerfuss_natürliche_Personen_Prozent;59.0
2024;2821;Arisdorf;Steuerfuss_Ertrag_juristische_Personen_Prozent;55.0
2024;2821;Arisdorf;Steuerfuss_Kapital_juristische_Personen_Prozent;55.0
2024;2821;Arisdorf;Steuerfuss_natürliche_Personen_Prozent;59.0
2024;2822;Augst;Steuerfuss_Ertrag_juristische_Personen_Prozent;55.0
2024;2822;Augst;Steuerfuss_Kapital_juristische_Personen_Prozent;55.0
2024;2822;Augst;Steuerfuss_natürliche_Personen_Prozent;53.0
2024;2823;Bubendorf;Steuerfuss_Ertrag_juristische_Personen_Prozent;55.0
2024;2823;Bubendorf;Steuerfuss_Kapital_juristische_Personen_Prozent;55.0
2024;2823;Bubendorf;Steuerfuss_natürliche_Personen_Prozent;60.0
2024;2824;Frenkendorf;Steuerfuss_Ertrag_juristische_Personen_Prozent;55.0
2024;2824;Frenkendorf;Steuerfuss_Kapital_juristische_Personen_Prozent;55.0
2024;2824;Frenkendorf;Steuerfuss_natürliche_Personen_Prozent;57.0
2024;2825;Füllinsdorf;Steuerfuss_Ertrag_juristische_Personen_Prozent;55.0
2024;2825;Füllinsdorf;Steuerfuss_Kapital_juristische_Personen_Prozent;55.0
2024;2825;Füllinsdorf;Steuerfuss_natürliche_Personen_Prozent;60.0
2024;2826;Giebenach;Steuerfuss_Ertrag_juristische_Personen_Prozent;28.0
2024;2826;Giebenach;Steuerfuss_Kapital_juristische_Personen_Prozent;55.0
2024;2826;Giebenach;Steuerfuss_natürliche_Personen_Prozent;55.0
2024;2827;Hersberg;Steuerfuss_Ertrag_juristische_Personen_Prozent;55.0
2024;2827;Hersberg;Steuerfuss_Kapital_juristische_Personen_Prozent;55.0
2024;2827;Hersberg;Steuerfuss_natürliche_Personen_Prozent;59.0
2024;2828;Lausen;Steuerfuss_Ertrag_juristische_Personen_Prozent;55.0
2024;2828;Lausen;Steuerfuss_Kapital_juristische_Personen_Prozent;55.0
2024;2828;Lausen;Steuerfuss_natürliche_Personen_Prozent;55.0
2024;2829;Liestal;Steuerfuss_Ertrag_juristische_Personen_Prozent;55.0
2024;2829;Liestal;Steuerfuss_Kapital_juristische_Personen_Prozent;55.0
2024;2829;Liestal;Steuerfuss_natürliche_Personen_Prozent;65.0
2024;2830;Lupsingen;Steuerfuss_Ertrag_juristische_Personen_Prozent;55.0
2024;2830;Lupsingen;Steuerfuss_Kapital_juristische_Personen_Prozent;55.0
2024;2830;Lupsingen;Steuerfuss_natürliche_Personen_Prozent;58.0
2024;2831;Pratteln;Steuerfuss_Ertrag_juristische_Personen_Prozent;55.0
2024;2831;Pratteln;Steuerfuss_Kapital_juristische_Personen_Prozent;55.0
2024;2831;Pratteln;Steuerfuss_natürliche_Personen_Prozent;58.5
2024;2832;Ramlinsburg;Steuerfuss_Ertrag_juristische_Personen_Prozent;39.0
2024;2832;Ramlinsburg;Steuerfuss_Kapital_juristische_Personen_Prozent;45.0
2024;2832;Ramlinsburg;Steuerfuss_natürliche_Personen_Prozent;52.0
2024;2833;Seltisberg;Steuerfuss_Ertrag_juristische_Personen_Prozent;55.0
2024;2833;Seltisberg;Steuerfuss_Kapital_juristische_Personen_Prozent;55.0
2024;2833;Seltisberg;Steuerfuss_natürliche_Personen_Prozent;59.0
2024;2834;Ziefen;Steuerfuss_Ertrag_juristische_Personen_Prozent;55.0
2024;2834;Ziefen;Steuerfuss_Kapital_juristische_Personen_Prozent;55.0
2024;2834;Ziefen;Steuerfuss_natürliche_Personen_Prozent;63.0
2024;2841;Anwil;Steuerfuss_Ertrag_juristische_Personen_Prozent;40.0
2024;2841;Anwil;Steuerfuss_Kapital_juristische_Personen_Prozent;50.0
2024;2841;Anwil;Steuerfuss_natürliche_Personen_Prozent;60.0
2024;2842;Böckten;Steuerfuss_Ertrag_juristische_Personen_Prozent;55.0
2024;2842;Böckten;Steuerfuss_Kapital_juristische_Personen_Prozent;55.0
2024;2842;Böckten;Steuerfuss_natürliche_Personen_Prozent;59.0
2024;2843;Buckten;Steuerfuss_Ertrag_juristische_Personen_Prozent;55.0
2024;2843;Buckten;Steuerfuss_Kapital_juristische_Personen_Prozent;55.0
2024;2843;Buckten;Steuerfuss_natürliche_Personen_Prozent;64.0
2024;2844;Buus;Steuerfuss_Ertrag_juristische_Personen_Prozent;50.0
2024;2844;Buus;Steuerfuss_Kapital_juristische_Personen_Prozent;50.0
2024;2844;Buus;Steuerfuss_natürliche_Personen_Prozent;58.0
2024;2845;Diepflingen;Steuerfuss_Ertrag_juristische_Personen_Prozent;55.0
2024;2845;Diepflingen;Steuerfuss_Kapital_juristische_Personen_Prozent;55.0
2024;2845;Diepflingen;Steuerfuss_natürliche_Personen_Prozent;65.0
2024;2846;Gelterkinden;Steuerfuss_Ertrag_juristische_Personen_Prozent;55.0
2024;2846;Gelterkinden;Steuerfuss_Kapital_juristische_Personen_Prozent;55.0
2024;2846;Gelterkinden;Steuerfuss_natürliche_Personen_Prozent;59.0
2024;2847;Häfelfingen;Steuerfuss_Ertrag_juristische_Personen_Prozent;55.0
2024;2847;Häfelfingen;Steuerfuss_Kapital_juristische_Personen_Prozent;55.0
2024;2847;Häfelfingen;Steuerfuss_natürliche_Personen_Prozent;61.0
2024;2848;Hemmiken;Steuerfuss_Ertrag_juristische_Personen_Prozent;50.0
2024;2848;Hemmiken;Steuerfuss_Kapital_juristische_Personen_Prozent;50.0
2024;2848;Hemmiken;Steuerfuss_natürliche_Personen_Prozent;67.0
2024;2849;Itingen;Steuerfuss_Ertrag_juristische_Personen_Prozent;55.0
2024;2849;Itingen;Steuerfuss_Kapital_juristische_Personen_Prozent;55.0
2024;2849;Itingen;Steuerfuss_natürliche_Personen_Prozent;63.0
2024;2850;Känerkinden;Steuerfuss_Ertrag_juristische_Personen_Prozent;55.0
2024;2850;Känerkinden;Steuerfuss_Kapital_juristische_Personen_Prozent;55.0
2024;2850;Känerkinden;Steuerfuss_natürliche_Personen_Prozent;63.0
2024;2851;Kilchberg;Steuerfuss_Ertrag_juristische_Personen_Prozent;55.0
2024;2851;Kilchberg;Steuerfuss_Kapital_juristische_Personen_Prozent;55.0
2024;2851;Kilchberg;Steuerfuss_natürliche_Personen_Prozent;64.0
2024;2852;Läufelfingen;Steuerfuss_Ertrag_juristische_Personen_Prozent;55.0
2024;2852;Läufelfingen;Steuerfuss_Kapital_juristische_Personen_Prozent;55.0
2024;2852;Läufelfingen;Steuerfuss_natürliche_Personen_Prozent;64.2
2024;2853;Maisprach;Steuerfuss_Ertrag_juristische_Personen_Prozent;50.0
2024;2853;Maisprach;Steuerfuss_Kapital_juristische_Personen_Prozent;50.0
2024;2853;Maisprach;Steuerfuss_natürliche_Personen_Prozent;56.0
2024;2854;Nusshof;Steuerfuss_Ertrag_juristische_Personen_Prozent;55.0
2024;2854;Nusshof;Steuerfuss_Kapital_juristische_Personen_Prozent;55.0
2024;2854;Nusshof;Steuerfuss_natürliche_Personen_Prozent;59.0
2024;2855;Oltingen;Steuerfuss_Ertrag_juristische_Personen_Prozent;55.0
2024;2855;Oltingen;Steuerfuss_Kapital_juristische_Personen_Prozent;55.0
2024;2855;Oltingen;Steuerfuss_natürliche_Personen_Prozent;64.0
2024;2856;Ormalingen;Steuerfuss_Ertrag_juristische_Personen_Prozent;55.0
2024;2856;Ormalingen;Steuerfuss_Kapital_juristische_Personen_Prozent;55.0
2024;2856;Ormalingen;Steuerfuss_natürliche_Personen_Prozent;59.0
2024;2857;Rickenbach;Steuerfuss_Ertrag_juristische_Personen_Prozent;55.0
2024;2857;Rickenbach;Steuerfuss_Kapital_juristische_Personen_Prozent;55.0
2024;2857;Rickenbach;Steuerfuss_natürliche_Personen_Prozent;62.0
2024;2858;Rothenfluh;Steuerfuss_Ertrag_juristische_Personen_Prozent;55.0
2024;2858;Rothenfluh;Steuerfuss_Kapital_juristische_Personen_Prozent;55.0
2024;2858;Rothenfluh;Steuerfuss_natürliche_Personen_Prozent;62.0
2024;2859;Rümlingen;Steuerfuss_Ertrag_juristische_Personen_Prozent;55.0
2024;2859;Rümlingen;Steuerfuss_Kapital_juristische_Personen_Prozent;55.0
2024;2859;Rümlingen;Steuerfuss_natürliche_Personen_Prozent;63.0
2024;2860;Rünenberg;Steuerfuss_Ertrag_juristische_Personen_Prozent;55.0
2024;2860;Rünenberg;Steuerfuss_Kapital_juristische_Personen_Prozent;55.0
2024;2860;Rünenberg;Steuerfuss_natürliche_Personen_Prozent;62.0
2024;2861;Sissach;Steuerfuss_Ertrag_juristische_Personen_Prozent;55.0
2024;2861;Sissach;Steuerfuss_Kapital_juristische_Personen_Prozent;55.0
2024;2861;Sissach;Steuerfuss_natürliche_Personen_Prozent;57.0
2024;2862;Tecknau;Steuerfuss_Ertrag_juristische_Personen_Prozent;45.0
2024;2862;Tecknau;Steuerfuss_Kapital_juristische_Personen_Prozent;55.0
2024;2862;Tecknau;Steuerfuss_natürliche_Personen_Prozent;60.0
2024;2863;Tenniken;Steuerfuss_Ertrag_juristische_Personen_Prozent;55.0
2024;2863;Tenniken;Steuerfuss_Kapital_juristische_Personen_Prozent;55.0
2024;2863;Tenniken;Steuerfuss_natürliche_Personen_Prozent;60.0
2024;2864;Thürnen;Steuerfuss_Ertrag_juristische_Personen_Prozent;55.0
2024;2864;Thürnen;Steuerfuss_Kapital_juristische_Personen_Prozent;55.0
2024;2864;Thürnen;Steuerfuss_natürliche_Personen_Prozent;56.0
2024;2865;Wenslingen;Steuerfuss_Ertrag_juristische_Personen_Prozent;50.0
2024;2865;Wenslingen;Steuerfuss_Kapital_juristische_Personen_Prozent;50.0
2024;2865;Wenslingen;Steuerfuss_natürliche_Personen_Prozent;58.0
2024;2866;Wintersingen;Steuerfuss_Ertrag_juristische_Personen_Prozent;55.0
2024;2866;Wintersingen;Steuerfuss_Kapital_juristische_Personen_Prozent;55.0
2024;2866;Wintersingen;Steuerfuss_natürliche_Personen_Prozent;56.0
2024;2867;Wittinsburg;Steuerfuss_Ertrag_juristische_Personen_Prozent;55.0
2024;2867;Wittinsburg;Steuerfuss_Kapital_juristische_Personen_Prozent;55.0
2024;2867;Wittinsburg;Steuerfuss_natürliche_Personen_Prozent;63.0
2024;2868;Zeglingen;Steuerfuss_Ertrag_juristische_Personen_Prozent;55.0
2024;2868;Zeglingen;Steuerfuss_Kapital_juristische_Personen_Prozent;55.0
2024;2868;Zeglingen;Steuerfuss_natürliche_Personen_Prozent;64.0
2024;2869;Zunzgen;Steuerfuss_Ertrag_juristische_Personen_Prozent;55.0
2024;2869;Zunzgen;Steuerfuss_Kapital_juristische_Personen_Prozent;55.0
2024;2869;Zunzgen;Steuerfuss_natürliche_Personen_Prozent;56.0
2024;2881;Arboldswil;Steuerfuss_Ertrag_juristische_Personen_Prozent;50.0
2024;2881;Arboldswil;Steuerfuss_Kapital_juristische_Personen_Prozent;50.0
2024;2881;Arboldswil;Steuerfuss_natürliche_Personen_Prozent;60.0
2024;2882;Bennwil;Steuerfuss_Ertrag_juristische_Personen_Prozent;55.0
2024;2882;Bennwil;Steuerfuss_Kapital_juristische_Personen_Prozent;55.0
2024;2882;Bennwil;Steuerfuss_natürliche_Personen_Prozent;64.0
2024;2883;Bretzwil;Steuerfuss_Ertrag_juristische_Personen_Prozent;44.0
2024;2883;Bretzwil;Steuerfuss_Kapital_juristische_Personen_Prozent;55.0
2024;2883;Bretzwil;Steuerfuss_natürliche_Personen_Prozent;58.0
2024;2884;Diegten;Steuerfuss_Ertrag_juristische_Personen_Prozent;50.0
2024;2884;Diegten;Steuerfuss_Kapital_juristische_Personen_Prozent;50.0
2024;2884;Diegten;Steuerfuss_natürliche_Personen_Prozent;56.0
2024;2885;Eptingen;Steuerfuss_Ertrag_juristische_Personen_Prozent;55.0
2024;2885;Eptingen;Steuerfuss_Kapital_juristische_Personen_Prozent;55.0
2024;2885;Eptingen;Steuerfuss_natürliche_Personen_Prozent;65.0
2024;2886;Hölstein;Steuerfuss_Ertrag_juristische_Personen_Prozent;55.0
2024;2886;Hölstein;Steuerfuss_Kapital_juristische_Personen_Prozent;55.0
2024;2886;Hölstein;Steuerfuss_natürliche_Personen_Prozent;63.0
2024;2887;Lampenberg;Steuerfuss_Ertrag_juristische_Personen_Prozent;55.0
2024;2887;Lampenberg;Steuerfuss_Kapital_juristische_Personen_Prozent;55.0
2024;2887;Lampenberg;Steuerfuss_natürliche_Personen_Prozent;62.0
2024;2888;Langenbruck;Steuerfuss_Ertrag_juristische_Personen_Prozent;55.0
2024;2888;Langenbruck;Steuerfuss_Kapital_juristische_Personen_Prozent;55.0
2024;2888;Langenbruck;Steuerfuss_natürliche_Personen_Prozent;56.0
2024;2889;Lauwil;Steuerfuss_Ertrag_juristische_Personen_Prozent;50.0
2024;2889;Lauwil;Steuerfuss_Kapital_juristische_Personen_Prozent;55.0
2024;2889;Lauwil;Steuerfuss_natürliche_Personen_Prozent;60.0
2024;2890;Liedertswil;Steuerfuss_Ertrag_juristische_Personen_Prozent;55.0
2024;2890;Liedertswil;Steuerfuss_Kapital_juristische_Personen_Prozent;55.0
2024;2890;Liedertswil;Steuerfuss_natürliche_Personen_Prozent;55.0
2024;2891;Niederdorf;Steuerfuss_Ertrag_juristische_Personen_Prozent;55.0
2024;2891;Niederdorf;Steuerfuss_Kapital_juristische_Personen_Prozent;55.0
2024;2891;Niederdorf;Steuerfuss_natürliche_Personen_Prozent;64.0
2024;2892;Oberdorf;Steuerfuss_Ertrag_juristische_Personen_Prozent;55.0
2024;2892;Oberdorf;Steuerfuss_Kapital_juristische_Personen_Prozent;55.0
2024;2892;Oberdorf;Steuerfuss_natürliche_Personen_Prozent;65.0
2024;2893;Reigoldswil;Steuerfuss_Ertrag_juristische_Personen_Prozent;55.0
2024;2893;Reigoldswil;Steuerfuss_Kapital_juristische_Personen_Prozent;55.0
2024;2893;Reigoldswil;Steuerfuss_natürliche_Personen_Prozent;66.0
2024;2894;Titterten;Steuerfuss_Ertrag_juristische_Personen_Prozent;55.0
2024;2894;Titterten;Steuerfuss_Kapital_juristische_Personen_Prozent;55.0
2024;2894;Titterten;Steuerfuss_natürliche_Personen_Prozent;65.0
2024;2895;Waldenburg;Steuerfuss_Ertrag_juristische_Personen_Prozent;55.0
2024;2895;Waldenburg;Steuerfuss_Kapital_juristische_Personen_Prozent;55.0
2024;2895;Waldenburg;Steuerfuss_natürliche_Personen_Prozent;69.5
2023;2761;Aesch;Steuerfuss_Ertrag_juristische_Personen_Prozent;55.0
2023;2761;Aesch;Steuerfuss_Kapital_juristische_Personen_Prozent;55.0
2023;2761;Aesch;Steuerfuss_natürliche_Personen_Prozent;56.0
2023;2762;Allschwil;Steuerfuss_Ertrag_juristische_Personen_Prozent;55.0
2023;2762;Allschwil;Steuerfuss_Kapital_juristische_Personen_Prozent;55.0
2023;2762;Allschwil;Steuerfuss_natürliche_Personen_Prozent;58.0
2023;2763;Arlesheim;Steuerfuss_Ertrag_juristische_Personen_Prozent;50.0
2023;2763;Arlesheim;Steuerfuss_Kapital_juristische_Personen_Prozent;50.0
2023;2763;Arlesheim;Steuerfuss_natürliche_Personen_Prozent;47.0
2023;2764;Biel-Benken;Steuerfuss_Ertrag_juristische_Personen_Prozent;46.0
2023;2764;Biel-Benken;Steuerfuss_Kapital_juristische_Personen_Prozent;46.0
2023;2764;Biel-Benken;Steuerfuss_natürliche_Personen_Prozent;46.0
2023;2765;Binningen;Steuerfuss_Ertrag_juristische_Personen_Prozent;31.0
2023;2765;Binningen;Steuerfuss_Kapital_juristische_Personen_Prozent;55.0
2023;2765;Binningen;Steuerfuss_natürliche_Personen_Prozent;49.0
2023;2766;Birsfelden;Steuerfuss_Ertrag_juristische_Personen_Prozent;55.0
2023;2766;Birsfelden;Steuerfuss_Kapital_juristische_Personen_Prozent;55.0
2023;2766;Birsfelden;Steuerfuss_natürliche_Personen_Prozent;62.0
2023;2767;Bottmingen;Steuerfuss_Ertrag_juristische_Personen_Prozent;49.0
2023;2767;Bottmingen;Steuerfuss_Kapital_juristische_Personen_Prozent;49.0
2023;2767;Bottmingen;Steuerfuss_natürliche_Personen_Prozent;45.0
2023;2768;Ettingen;Steuerfuss_Ertrag_juristische_Personen_Prozent;50.0
2023;2768;Ettingen;Steuerfuss_Kapital_juristische_Personen_Prozent;50.0
2023;2768;Ettingen;Steuerfuss_natürliche_Personen_Prozent;61.0
2023;2769;Münchenstein;Steuerfuss_Ertrag_juristische_Personen_Prozent;55.0
2023;2769;Münchenstein;Steuerfuss_Kapital_juristische_Personen_Prozent;55.0
2023;2769;Münchenstein;Steuerfuss_natürliche_Personen_Prozent;60.0
2023;2770;Muttenz;Steuerfuss_Ertrag_juristische_Personen_Prozent;55.0
2023;2770;Muttenz;Steuerfuss_Kapital_juristische_Personen_Prozent;55.0
2023;2770;Muttenz;Steuerfuss_natürliche_Personen_Prozent;56.0
2023;2771;Oberwil;Steuerfuss_Ertrag_juristische_Personen_Prozent;55.0
2023;2771;Oberwil;Steuerfuss_Kapital_juristische_Personen_Prozent;55.0
2023;2771;Oberwil;Steuerfuss_natürliche_Personen_Prozent;50.0
2023;2772;Pfeffingen;Steuerfuss_Ertrag_juristische_Personen_Prozent;45.0
2023;2772;Pfeffingen;Steuerfuss_Kapital_juristische_Personen_Prozent;45.0
2023;2772;Pfeffingen;Steuerfuss_natürliche_Personen_Prozent;45.0
2023;2773;Reinach;Steuerfuss_Ertrag_juristische_Personen_Prozent;55.0
2023;2773;Reinach;Steuerfuss_Kapital_juristische_Personen_Prozent;55.0
2023;2773;Reinach;Steuerfuss_natürliche_Personen_Prozent;54.5
2023;2774;Schönenbuch;Steuerfuss_Ertrag_juristische_Personen_Prozent;40.0
2023;2774;Schönenbuch;Steuerfuss_Kapital_juristische_Personen_Prozent;40.0
2023;2774;Schönenbuch;Steuerfuss_natürliche_Personen_Prozent;52.0
2023;2775;Therwil;Steuerfuss_Ertrag_juristische_Personen_Prozent;55.0
2023;2775;Therwil;Steuerfuss_Kapital_juristische_Personen_Prozent;55.0
2023;2775;Therwil;Steuerfuss_natürliche_Personen_Prozent;52.0
2023;2781;Blauen;Steuerfuss_Ertrag_juristische_Personen_Prozent;44.0
2023;2781;Blauen;Steuerfuss_Kapital_juristische_Personen_Prozent;55.0
2023;2781;Blauen;Steuerfuss_natürliche_Personen_Prozent;59.5
2023;2782;Brislach;Steuerfuss_Ertrag_juristische_Personen_Prozent;50.0
2023;2782;Brislach;Steuerfuss_Kapital_juristische_Personen_Prozent;55.0
2023;2782;Brislach;Steuerfuss_natürliche_Personen_Prozent;57.0
2023;2783;Burg i.L.;Steuerfuss_Ertrag_juristische_Personen_Prozent;55.0
2023;2783;Burg i.L.;Steuerfuss_Kapital_juristische_Personen_Prozent;55.0
2023;2783;Burg i.L.;Steuerfuss_natürliche_Personen_Prozent;68.0
2023;2784;Dittingen;Steuerfuss_Ertrag_juristische_Personen_Prozent;55.0
2023;2784;Dittingen;Steuerfuss_Kapital_juristische_Personen_Prozent;55.0
2023;2784;Dittingen;Steuerfuss_natürliche_Personen_Prozent;66.0
2023;2785;Duggingen;Steuerfuss_Ertrag_juristische_Personen_Prozent;55.0
2023;2785;Duggingen;Steuerfuss_Kapital_juristische_Personen_Prozent;55.0
2023;2785;Duggingen;Steuerfuss_natürliche_Personen_Prozent;54.0
2023;2786;Grellingen;Steuerfuss_Ertrag_juristische_Personen_Prozent;55.0
2023;2786;Grellingen;Steuerfuss_Kapital_juristische_Personen_Prozent;55.0
2023;2786;Grellingen;Steuerfuss_natürliche_Personen_Prozent;62.0
2023;2787;Laufen;Steuerfuss_Ertrag_juristische_Personen_Prozent;55.0
2023;2787;Laufen;Steuerfuss_Kapital_juristische_Personen_Prozent;55.0
2023;2787;Laufen;Steuerfuss_natürliche_Personen_Prozent;59.0
2023;2788;Liesberg;Steuerfuss_Ertrag_juristische_Personen_Prozent;55.0
2023;2788;Liesberg;Steuerfuss_Kapital_juristische_Personen_Prozent;55.0
2023;2788;Liesberg;Steuerfuss_natürliche_Personen_Prozent;61.0
2023;2789;Nenzlingen;Steuerfuss_Ertrag_juristische_Personen_Prozent;55.0
2023;2789;Nenzlingen;Steuerfuss_Kapital_juristische_Personen_Prozent;55.0
2023;2789;Nenzlingen;Steuerfuss_natürliche_Personen_Prozent;62.5
2023;2790;Roggenburg;Steuerfuss_Ertrag_juristische_Personen_Prozent;55.0
2023;2790;Roggenburg;Steuerfuss_Kapital_juristische_Personen_Prozent;55.0
2023;2790;Roggenburg;Steuerfuss_natürliche_Personen_Prozent;62.0
2023;2791;Röschenz;Steuerfuss_Ertrag_juristische_Personen_Prozent;50.0
2023;2791;Röschenz;Steuerfuss_Kapital_juristische_Personen_Prozent;50.0
2023;2791;Röschenz;Steuerfuss_natürliche_Personen_Prozent;54.0
2023;2792;Wahlen;Steuerfuss_Ertrag_juristische_Personen_Prozent;55.0
2023;2792;Wahlen;Steuerfuss_Kapital_juristische_Personen_Prozent;55.0
2023;2792;Wahlen;Steuerfuss_natürliche_Personen_Prozent;56.0
2023;2793;Zwingen;Steuerfuss_Ertrag_juristische_Personen_Prozent;46.0
2023;2793;Zwingen;Steuerfuss_Kapital_juristische_Personen_Prozent;55.0
2023;2793;Zwingen;Steuerfuss_natürliche_Personen_Prozent;59.0
2023;2821;Arisdorf;Steuerfuss_Ertrag_juristische_Personen_Prozent;55.0
2023;2821;Arisdorf;Steuerfuss_Kapital_juristische_Personen_Prozent;55.0
2023;2821;Arisdorf;Steuerfuss_natürliche_Personen_Prozent;59.0
2023;2822;Augst;Steuerfuss_Ertrag_juristische_Personen_Prozent;55.0
2023;2822;Augst;Steuerfuss_Kapital_juristische_Personen_Prozent;55.0
2023;2822;Augst;Steuerfuss_natürliche_Personen_Prozent;53.0
2023;2823;Bubendorf;Steuerfuss_Ertrag_juristische_Personen_Prozent;55.0
2023;2823;Bubendorf;Steuerfuss_Kapital_juristische_Personen_Prozent;55.0
2023;2823;Bubendorf;Steuerfuss_natürliche_Personen_Prozent;60.0
2023;2824;Frenkendorf;Steuerfuss_Ertrag_juristische_Personen_Prozent;55.0
2023;2824;Frenkendorf;Steuerfuss_Kapital_juristische_Personen_Prozent;55.0
2023;2824;Frenkendorf;Steuerfuss_natürliche_Personen_Prozent;57.0
2023;2825;Füllinsdorf;Steuerfuss_Ertrag_juristische_Personen_Prozent;55.0
2023;2825;Füllinsdorf;Steuerfuss_Kapital_juristische_Personen_Prozent;55.0
2023;2825;Füllinsdorf;Steuerfuss_natürliche_Personen_Prozent;60.0
2023;2826;Giebenach;Steuerfuss_Ertrag_juristische_Personen_Prozent;28.0
2023;2826;Giebenach;Steuerfuss_Kapital_juristische_Personen_Prozent;55.0
2023;2826;Giebenach;Steuerfuss_natürliche_Personen_Prozent;55.0
2023;2827;Hersberg;Steuerfuss_Ertrag_juristische_Personen_Prozent;55.0
2023;2827;Hersberg;Steuerfuss_Kapital_juristische_Personen_Prozent;55.0
2023;2827;Hersberg;Steuerfuss_natürliche_Personen_Prozent;59.0
2023;2828;Lausen;Steuerfuss_Ertrag_juristische_Personen_Prozent;55.0
2023;2828;Lausen;Steuerfuss_Kapital_juristische_Personen_Prozent;55.0
2023;2828;Lausen;Steuerfuss_natürliche_Personen_Prozent;55.0
2023;2829;Liestal;Steuerfuss_Ertrag_juristische_Personen_Prozent;55.0
2023;2829;Liestal;Steuerfuss_Kapital_juristische_Personen_Prozent;55.0
2023;2829;Liestal;Steuerfuss_natürliche_Personen_Prozent;65.0
2023;2830;Lupsingen;Steuerfuss_Ertrag_juristische_Personen_Prozent;55.0
2023;2830;Lupsingen;Steuerfuss_Kapital_juristische_Personen_Prozent;55.0
2023;2830;Lupsingen;Steuerfuss_natürliche_Personen_Prozent;58.0
2023;2831;Pratteln;Steuerfuss_Ertrag_juristische_Personen_Prozent;55.0
2023;2831;Pratteln;Steuerfuss_Kapital_juristische_Personen_Prozent;55.0
2023;2831;Pratteln;Steuerfuss_natürliche_Personen_Prozent;58.5
2023;2832;Ramlinsburg;Steuerfuss_Ertrag_juristische_Personen_Prozent;39.0
2023;2832;Ramlinsburg;Steuerfuss_Kapital_juristische_Personen_Prozent;45.0
2023;2832;Ramlinsburg;Steuerfuss_natürliche_Personen_Prozent;54.0
2023;2833;Seltisberg;Steuerfuss_Ertrag_juristische_Personen_Prozent;55.0
2023;2833;Seltisberg;Steuerfuss_Kapital_juristische_Personen_Prozent;55.0
2023;2833;Seltisberg;Steuerfuss_natürliche_Personen_Prozent;55.0
2023;2834;Ziefen;Steuerfuss_Ertrag_juristische_Personen_Prozent;55.0
2023;2834;Ziefen;Steuerfuss_Kapital_juristische_Personen_Prozent;55.0
2023;2834;Ziefen;Steuerfuss_natürliche_Personen_Prozent;63.0
2023;2841;Anwil;Steuerfuss_Ertrag_juristische_Personen_Prozent;40.0
2023;2841;Anwil;Steuerfuss_Kapital_juristische_Personen_Prozent;50.0
2023;2841;Anwil;Steuerfuss_natürliche_Personen_Prozent;60.0
2023;2842;Böckten;Steuerfuss_Ertrag_juristische_Personen_Prozent;55.0
2023;2842;Böckten;Steuerfuss_Kapital_juristische_Personen_Prozent;55.0
2023;2842;Böckten;Steuerfuss_natürliche_Personen_Prozent;59.0
2023;2843;Buckten;Steuerfuss_Ertrag_juristische_Personen_Prozent;55.0
2023;2843;Buckten;Steuerfuss_Kapital_juristische_Personen_Prozent;55.0
2023;2843;Buckten;Steuerfuss_natürliche_Personen_Prozent;64.0
2023;2844;Buus;Steuerfuss_Ertrag_juristische_Personen_Prozent;50.0
2023;2844;Buus;Steuerfuss_Kapital_juristische_Personen_Prozent;50.0
2023;2844;Buus;Steuerfuss_natürliche_Personen_Prozent;58.0
2023;2845;Diepflingen;Steuerfuss_Ertrag_juristische_Personen_Prozent;55.0
2023;2845;Diepflingen;Steuerfuss_Kapital_juristische_Personen_Prozent;55.0
2023;2845;Diepflingen;Steuerfuss_natürliche_Personen_Prozent;65.0
2023;2846;Gelterkinden;Steuerfuss_Ertrag_juristische_Personen_Prozent;55.0
2023;2846;Gelterkinden;Steuerfuss_Kapital_juristische_Personen_Prozent;55.0
2023;2846;Gelterkinden;Steuerfuss_natürliche_Personen_Prozent;59.0
2023;2847;Häfelfingen;Steuerfuss_Ertrag_juristische_Personen_Prozent;55.0
2023;2847;Häfelfingen;Steuerfuss_Kapital_juristische_Personen_Prozent;55.0
2023;2847;Häfelfingen;Steuerfuss_natürliche_Personen_Prozent;61.0
2023;2848;Hemmiken;Steuerfuss_Ertrag_juristische_Personen_Prozent;50.0
2023;2848;Hemmiken;Steuerfuss_Kapital_juristische_Personen_Prozent;50.0
2023;2848;Hemmiken;Steuerfuss_natürliche_Personen_Prozent;67.0
2023;2849;Itingen;Steuerfuss_Ertrag_juristische_Personen_Prozent;55.0
2023;2849;Itingen;Steuerfuss_Kapital_juristische_Personen_Prozent;55.0
2023;2849;Itingen;Steuerfuss_natürliche_Personen_Prozent;63.0
2023;2850;Känerkinden;Steuerfuss_Ertrag_juristische_Personen_Prozent;55.0
2023;2850;Känerkinden;Steuerfuss_Kapital_juristische_Personen_Prozent;55.0
2023;2850;Känerkinden;Steuerfuss_natürliche_Personen_Prozent;63.0
2023;2851;Kilchberg;Steuerfuss_Ertrag_juristische_Personen_Prozent;55.0
2023;2851;Kilchberg;Steuerfuss_Kapital_juristische_Personen_Prozent;55.0
2023;2851;Kilchberg;Steuerfuss_natürliche_Personen_Prozent;64.0
2023;2852;Läufelfingen;Steuerfuss_Ertrag_juristische_Personen_Prozent;55.0
2023;2852;Läufelfingen;Steuerfuss_Kapital_juristische_Personen_Prozent;55.0
2023;2852;Läufelfingen;Steuerfuss_natürliche_Personen_Prozent;64.2
2023;2853;Maisprach;Steuerfuss_Ertrag_juristische_Personen_Prozent;50.0
2023;2853;Maisprach;Steuerfuss_Kapital_juristische_Personen_Prozent;50.0
2023;2853;Maisprach;Steuerfuss_natürliche_Personen_Prozent;56.0
2023;2854;Nusshof;Steuerfuss_Ertrag_juristische_Personen_Prozent;55.0
2023;2854;Nusshof;Steuerfuss_Kapital_juristische_Personen_Prozent;55.0
2023;2854;Nusshof;Steuerfuss_natürliche_Personen_Prozent;59.0
2023;2855;Oltingen;Steuerfuss_Ertrag_juristische_Personen_Prozent;55.0
2023;2855;Oltingen;Steuerfuss_Kapital_juristische_Personen_Prozent;55.0
2023;2855;Oltingen;Steuerfuss_natürliche_Personen_Prozent;64.0
2023;2856;Ormalingen;Steuerfuss_Ertrag_juristische_Personen_Prozent;55.0
2023;2856;Ormalingen;Steuerfuss_Kapital_juristische_Personen_Prozent;55.0
2023;2856;Ormalingen;Steuerfuss_natürliche_Personen_Prozent;59.0
2023;2857;Rickenbach;Steuerfuss_Ertrag_juristische_Personen_Prozent;55.0
2023;2857;Rickenbach;Steuerfuss_Kapital_juristische_Personen_Prozent;55.0
2023;2857;Rickenbach;Steuerfuss_natürliche_Personen_Prozent;62.0
2023;2858;Rothenfluh;Steuerfuss_Ertrag_juristische_Personen_Prozent;55.0
2023;2858;Rothenfluh;Steuerfuss_Kapital_juristische_Personen_Prozent;55.0
2023;2858;Rothenfluh;Steuerfuss_natürliche_Personen_Prozent;62.0
2023;2859;Rümlingen;Steuerfuss_Ertrag_juristische_Personen_Prozent;55.0
2023;2859;Rümlingen;Steuerfuss_Kapital_juristische_Personen_Prozent;55.0
2023;2859;Rümlingen;Steuerfuss_natürliche_Personen_Prozent;63.0
2023;2860;Rünenberg;Steuerfuss_Ertrag_juristische_Personen_Prozent;55.0
2023;2860;Rünenberg;Steuerfuss_Kapital_juristische_Personen_Prozent;55.0
2023;2860;Rünenberg;Steuerfuss_natürliche_Personen_Prozent;60.0
2023;2861;Sissach;Steuerfuss_Ertrag_juristische_Personen_Prozent;55.0
2023;2861;Sissach;Steuerfuss_Kapital_juristische_Personen_Prozent;55.0
2023;2861;Sissach;Steuerfuss_natürliche_Personen_Prozent;57.0
2023;2862;Tecknau;Steuerfuss_Ertrag_juristische_Personen_Prozent;45.0
2023;2862;Tecknau;Steuerfuss_Kapital_juristische_Personen_Prozent;55.0
2023;2862;Tecknau;Steuerfuss_natürliche_Personen_Prozent;60.0
2023;2863;Tenniken;Steuerfuss_Ertrag_juristische_Personen_Prozent;55.0
2023;2863;Tenniken;Steuerfuss_Kapital_juristische_Personen_Prozent;55.0
2023;2863;Tenniken;Steuerfuss_natürliche_Personen_Prozent;60.0
2023;2864;Thürnen;Steuerfuss_Ertrag_juristische_Personen_Prozent;55.0
2023;2864;Thürnen;Steuerfuss_Kapital_juristische_Personen_Prozent;55.0
2023;2864;Thürnen;Steuerfuss_natürliche_Personen_Prozent;56.0
2023;2865;Wenslingen;Steuerfuss_Ertrag_juristische_Personen_Prozent;50.0
2023;2865;Wenslingen;Steuerfuss_Kapital_juristische_Personen_Prozent;50.0
2023;2865;Wenslingen;Steuerfuss_natürliche_Personen_Prozent;58.0
2023;2866;Wintersingen;Steuerfuss_Ertrag_juristische_Personen_Prozent;55.0
2023;2866;Wintersingen;Steuerfuss_Kapital_juristische_Personen_Prozent;55.0
2023;2866;Wintersingen;Steuerfuss_natürliche_Personen_Prozent;57.0
2023;2867;Wittinsburg;Steuerfuss_Ertrag_juristische_Personen_Prozent;55.0
2023;2867;Wittinsburg;Steuerfuss_Kapital_juristische_Personen_Prozent;55.0
2023;2867;Wittinsburg;Steuerfuss_natürliche_Personen_Prozent;63.0
2023;2868;Zeglingen;Steuerfuss_Ertrag_juristische_Personen_Prozent;55.0
2023;2868;Zeglingen;Steuerfuss_Kapital_juristische_Personen_Prozent;55.0
2023;2868;Zeglingen;Steuerfuss_natürliche_Personen_Prozent;64.0
2023;2869;Zunzgen;Steuerfuss_Ertrag_juristische_Personen_Prozent;55.0
2023;2869;Zunzgen;Steuerfuss_Kapital_juristische_Personen_Prozent;55.0
2023;2869;Zunzgen;Steuerfuss_natürliche_Personen_Prozent;56.0
2023;2881;Arboldswil;Steuerfuss_Ertrag_juristische_Personen_Prozent;50.0
2023;2881;Arboldswil;Steuerfuss_Kapital_juristische_Personen_Prozent;50.0
2023;2881;Arboldswil;Steuerfuss_natürliche_Personen_Prozent;60.0
2023;2882;Bennwil;Steuerfuss_Ertrag_juristische_Personen_Prozent;55.0
2023;2882;Bennwil;Steuerfuss_Kapital_juristische_Personen_Prozent;55.0
2023;2882;Bennwil;Steuerfuss_natürliche_Personen_Prozent;64.0
2023;2883;Bretzwil;Steuerfuss_Ertrag_juristische_Personen_Prozent;44.0
2023;2883;Bretzwil;Steuerfuss_Kapital_juristische_Personen_Prozent;55.0
2023;2883;Bretzwil;Steuerfuss_natürliche_Personen_Prozent;58.0
2023;2884;Diegten;Steuerfuss_Ertrag_juristische_Personen_Prozent;50.0
2023;2884;Diegten;Steuerfuss_Kapital_juristische_Personen_Prozent;50.0
2023;2884;Diegten;Steuerfuss_natürliche_Personen_Prozent;56.0
2023;2885;Eptingen;Steuerfuss_Ertrag_juristische_Personen_Prozent;55.0
2023;2885;Eptingen;Steuerfuss_Kapital_juristische_Personen_Prozent;55.0
2023;2885;Eptingen;Steuerfuss_natürliche_Personen_Prozent;65.0
2023;2886;Hölstein;Steuerfuss_Ertrag_juristische_Personen_Prozent;55.0
2023;2886;Hölstein;Steuerfuss_Kapital_juristische_Personen_Prozent;55.0
2023;2886;Hölstein;Steuerfuss_natürliche_Personen_Prozent;63.0
2023;2887;Lampenberg;Steuerfuss_Ertrag_juristische_Personen_Prozent;55.0
2023;2887;Lampenberg;Steuerfuss_Kapital_juristische_Personen_Prozent;55.0
2023;2887;Lampenberg;Steuerfuss_natürliche_Personen_Prozent;62.0
2023;2888;Langenbruck;Steuerfuss_Ertrag_juristische_Personen_Prozent;55.0
2023;2888;Langenbruck;Steuerfuss_Kapital_juristische_Personen_Prozent;55.0
2023;2888;Langenbruck;Steuerfuss_natürliche_Personen_Prozent;56.0
2023;2889;Lauwil;Steuerfuss_Ertrag_juristische_Personen_Prozent;50.0
2023;2889;Lauwil;Steuerfuss_Kapital_juristische_Personen_Prozent;55.0
2023;2889;Lauwil;Steuerfuss_natürliche_Personen_Prozent;60.0
2023;2890;Liedertswil;Steuerfuss_Ertrag_juristische_Personen_Prozent;55.0
2023;2890;Liedertswil;Steuerfuss_Kapital_juristische_Personen_Prozent;55.0
2023;2890;Liedertswil;Steuerfuss_natürliche_Personen_Prozent;55.0
2023;2891;Niederdorf;Steuerfuss_Ertrag_juristische_Personen_Prozent;55.0
2023;2891;Niederdorf;Steuerfuss_Kapital_juristische_Personen_Prozent;55.0
2023;2891;Niederdorf;Steuerfuss_natürliche_Personen_Prozent;64.0
2023;2892;Oberdorf;Steuerfuss_Ertrag_juristische_Personen_Prozent;55.0
2023;2892;Oberdorf;Steuerfuss_Kapital_juristische_Personen_Prozent;55.0
2023;2892;Oberdorf;Steuerfuss_natürliche_Personen_Prozent;65.0
2023;2893;Reigoldswil;Steuerfuss_Ertrag_juristische_Personen_Prozent;55.0
2023;2893;Reigoldswil;Steuerfuss_Kapital_juristische_Personen_Prozent;55.0
2023;2893;Reigoldswil;Steuerfuss_natürliche_Personen_Prozent;66.0
2023;2894;Titterten;Steuerfuss_Ertrag_juristische_Personen_Prozent;55.0
2023;2894;Titterten;Steuerfuss_Kapital_juristische_Personen_Prozent;55.0
2023;2894;Titterten;Steuerfuss_natürliche_Personen_Prozent;65.0
2023;2895;Waldenburg;Steuerfuss_Ertrag_juristische_Personen_Prozent;52.0
2023;2895;Waldenburg;Steuerfuss_Kapital_juristische_Personen_Prozent;52.0
2023;2895;Waldenburg;Steuerfuss_natürliche_Personen_Prozent;69.5
2022;2761;Aesch;Steuerfuss_natürliche_Personen_Prozent;56.0
2022;2761;Aesch;Steuersatz_Ertrag_juristische_Personen_Prozent;4.9
2022;2761;Aesch;Steuersatz_Kapital_juristische_Personen_Promille;0.55
2022;2762;Allschwil;Steuerfuss_natürliche_Personen_Prozent;58.0
2022;2762;Allschwil;Steuersatz_Ertrag_juristische_Personen_Prozent;5.0
2022;2762;Allschwil;Steuersatz_Kapital_juristische_Personen_Promille;0.55
2022;2763;Arlesheim;Steuerfuss_natürliche_Personen_Prozent;47.0
2022;2763;Arlesheim;Steuersatz_Ertrag_juristische_Personen_Prozent;4.0
2022;2763;Arlesheim;Steuersatz_Kapital_juristische_Personen_Promille;0.55
2022;2764;Biel-Benken;Steuerfuss_natürliche_Personen_Prozent;46.0
2022;2764;Biel-Benken;Steuersatz_Ertrag_juristische_Personen_Prozent;3.5
2022;2764;Biel-Benken;Steuersatz_Kapital_juristische_Personen_Promille;0.55
2022;2765;Binningen;Steuerfuss_natürliche_Personen_Prozent;49.0
2022;2765;Binningen;Steuersatz_Ertrag_juristische_Personen_Prozent;2.0
2022;2765;Binningen;Steuersatz_Kapital_juristische_Personen_Promille;0.55
2022;2766;Birsfelden;Steuerfuss_natürliche_Personen_Prozent;62.0
2022;2766;Birsfelden;Steuersatz_Ertrag_juristische_Personen_Prozent;5.0
2022;2766;Birsfelden;Steuersatz_Kapital_juristische_Personen_Promille;0.55
2022;2767;Bottmingen;Steuerfuss_natürliche_Personen_Prozent;45.0
2022;2767;Bottmingen;Steuersatz_Ertrag_juristische_Personen_Prozent;2.0
2022;2767;Bottmingen;Steuersatz_Kapital_juristische_Personen_Promille;0.55
2022;2768;Ettingen;Steuerfuss_natürliche_Personen_Prozent;61.0
2022;2768;Ettingen;Steuersatz_Ertrag_juristische_Personen_Prozent;4.5
2022;2768;Ettingen;Steuersatz_Kapital_juristische_Personen_Promille;0.55
2022;2769;Münchenstein;Steuerfuss_natürliche_Personen_Prozent;60.0
2022;2769;Münchenstein;Steuersatz_Ertrag_juristische_Personen_Prozent;5.0
2022;2769;Münchenstein;Steuersatz_Kapital_juristische_Personen_Promille;0.55
2022;2770;Muttenz;Steuerfuss_natürliche_Personen_Prozent;56.0
2022;2770;Muttenz;Steuersatz_Ertrag_juristische_Personen_Prozent;5.0
2022;2770;Muttenz;Steuersatz_Kapital_juristische_Personen_Promille;0.55
2022;2771;Oberwil;Steuerfuss_natürliche_Personen_Prozent;50.0
2022;2771;Oberwil;Steuersatz_Ertrag_juristische_Personen_Prozent;4.0
2022;2771;Oberwil;Steuersatz_Kapital_juristische_Personen_Promille;0.55
2022;2772;Pfeffingen;Steuerfuss_natürliche_Personen_Prozent;45.0
2022;2772;Pfeffingen;Steuersatz_Ertrag_juristische_Personen_Prozent;4.4
2022;2772;Pfeffingen;Steuersatz_Kapital_juristische_Personen_Promille;0.55
2022;2773;Reinach;Steuerfuss_natürliche_Personen_Prozent;54.5
2022;2773;Reinach;Steuersatz_Ertrag_juristische_Personen_Prozent;4.8
2022;2773;Reinach;Steuersatz_Kapital_juristische_Personen_Promille;0.55
2022;2774;Schönenbuch;Steuerfuss_natürliche_Personen_Prozent;52.0
2022;2774;Schönenbuch;Steuersatz_Ertrag_juristische_Personen_Prozent;3.0
2022;2774;Schönenbuch;Steuersatz_Kapital_juristische_Personen_Promille;0.55
2022;2775;Therwil;Steuerfuss_natürliche_Personen_Prozent;52.0
2022;2775;Therwil;Steuersatz_Ertrag_juristische_Personen_Prozent;4.7
2022;2775;Therwil;Steuersatz_Kapital_juristische_Personen_Promille;0.55
2022;2781;Blauen;Steuerfuss_natürliche_Personen_Prozent;59.5
2022;2781;Blauen;Steuersatz_Ertrag_juristische_Personen_Prozent;4.0
2022;2781;Blauen;Steuersatz_Kapital_juristische_Personen_Promille;0.55
2022;2782;Brislach;Steuerfuss_natürliche_Personen_Prozent;57.0
2022;2782;Brislach;Steuersatz_Ertrag_juristische_Personen_Prozent;4.5
2022;2782;Brislach;Steuersatz_Kapital_juristische_Personen_Promille;0.55
2022;2783;Burg i.L.;Steuerfuss_natürliche_Personen_Prozent;68.0
2022;2783;Burg i.L.;Steuersatz_Ertrag_juristische_Personen_Prozent;3.0
2022;2783;Burg i.L.;Steuersatz_Kapital_juristische_Personen_Promille;0.55
2022;2784;Dittingen;Steuerfuss_natürliche_Personen_Prozent;66.0
2022;2784;Dittingen;Steuersatz_Ertrag_juristische_Personen_Prozent;5.0
2022;2784;Dittingen;Steuersatz_Kapital_juristische_Personen_Promille;0.55
2022;2785;Duggingen;Steuerfuss_natürliche_Personen_Prozent;56.0
2022;2785;Duggingen;Steuersatz_Ertrag_juristische_Personen_Prozent;4.5
2022;2785;Duggingen;Steuersatz_Kapital_juristische_Personen_Promille;0.55
2022;2786;Grellingen;Steuerfuss_natürliche_Personen_Prozent;62.0
2022;2786;Grellingen;Steuersatz_Ertrag_juristische_Personen_Prozent;4.5
2022;2786;Grellingen;Steuersatz_Kapital_juristische_Personen_Promille;0.55
2022;2787;Laufen;Steuerfuss_natürliche_Personen_Prozent;59.0
2022;2787;Laufen;Steuersatz_Ertrag_juristische_Personen_Prozent;5.0
2022;2787;Laufen;Steuersatz_Kapital_juristische_Personen_Promille;0.55
2022;2788;Liesberg;Steuerfuss_natürliche_Personen_Prozent;61.0
2022;2788;Liesberg;Steuersatz_Ertrag_juristische_Personen_Prozent;4.3
2022;2788;Liesberg;Steuersatz_Kapital_juristische_Personen_Promille;0.55
2022;2789;Nenzlingen;Steuerfuss_natürliche_Personen_Prozent;62.5
2022;2789;Nenzlingen;Steuersatz_Ertrag_juristische_Personen_Prozent;4.5
2022;2789;Nenzlingen;Steuersatz_Kapital_juristische_Personen_Promille;0.55
2022;2790;Roggenburg;Steuerfuss_natürliche_Personen_Prozent;62.0
2022;2790;Roggenburg;Steuersatz_Ertrag_juristische_Personen_Prozent;3.5
2022;2790;Roggenburg;Steuersatz_Kapital_juristische_Personen_Promille;0.55
2022;2791;Röschenz;Steuerfuss_natürliche_Personen_Prozent;54.0
2022;2791;Röschenz;Steuersatz_Ertrag_juristische_Personen_Prozent;3.5
2022;2791;Röschenz;Steuersatz_Kapital_juristische_Personen_Promille;0.55
2022;2792;Wahlen;Steuerfuss_natürliche_Personen_Prozent;56.0
2022;2792;Wahlen;Steuersatz_Ertrag_juristische_Personen_Prozent;4.3
2022;2792;Wahlen;Steuersatz_Kapital_juristische_Personen_Promille;0.55
2022;2793;Zwingen;Steuerfuss_natürliche_Personen_Prozent;59.0
2022;2793;Zwingen;Steuersatz_Ertrag_juristische_Personen_Prozent;4.2
2022;2793;Zwingen;Steuersatz_Kapital_juristische_Personen_Promille;0.55
2022;2821;Arisdorf;Steuerfuss_natürliche_Personen_Prozent;59.0
2022;2821;Arisdorf;Steuersatz_Ertrag_juristische_Personen_Prozent;4.5
2022;2821;Arisdorf;Steuersatz_Kapital_juristische_Personen_Promille;0.55
2022;2822;Augst;Steuerfuss_natürliche_Personen_Prozent;53.0
2022;2822;Augst;Steuersatz_Ertrag_juristische_Personen_Prozent;4.2
2022;2822;Augst;Steuersatz_Kapital_juristische_Personen_Promille;0.55
2022;2823;Bubendorf;Steuerfuss_natürliche_Personen_Prozent;60.0
2022;2823;Bubendorf;Steuersatz_Ertrag_juristische_Personen_Prozent;4.4
2022;2823;Bubendorf;Steuersatz_Kapital_juristische_Personen_Promille;0.55
2022;2824;Frenkendorf;Steuerfuss_natürliche_Personen_Prozent;57.0
2022;2824;Frenkendorf;Steuersatz_Ertrag_juristische_Personen_Prozent;4.5
2022;2824;Frenkendorf;Steuersatz_Kapital_juristische_Personen_Promille;0.55
2022;2825;Füllinsdorf;Steuerfuss_natürliche_Personen_Prozent;60.0
2022;2825;Füllinsdorf;Steuersatz_Ertrag_juristische_Personen_Prozent;5.0
2022;2825;Füllinsdorf;Steuersatz_Kapital_juristische_Personen_Promille;0.55
2022;2826;Giebenach;Steuerfuss_natürliche_Personen_Prozent;55.0
2022;2826;Giebenach;Steuersatz_Ertrag_juristische_Personen_Prozent;2.0
2022;2826;Giebenach;Steuersatz_Kapital_juristische_Personen_Promille;0.55
2022;2827;Hersberg;Steuerfuss_natürliche_Personen_Prozent;55.0
2022;2827;Hersberg;Steuersatz_Ertrag_juristische_Personen_Prozent;4.5
2022;2827;Hersberg;Steuersatz_Kapital_juristische_Personen_Promille;0.55
2022;2828;Lausen;Steuerfuss_natürliche_Personen_Prozent;55.0
2022;2828;Lausen;Steuersatz_Ertrag_juristische_Personen_Prozent;3.7
2022;2828;Lausen;Steuersatz_Kapital_juristische_Personen_Promille;0.55
2022;2829;Liestal;Steuerfuss_natürliche_Personen_Prozent;65.0
2022;2829;Liestal;Steuersatz_Ertrag_juristische_Personen_Prozent;5.0
2022;2829;Liestal;Steuersatz_Kapital_juristische_Personen_Promille;0.55
2022;2830;Lupsingen;Steuerfuss_natürliche_Personen_Prozent;58.0
2022;2830;Lupsingen;Steuersatz_Ertrag_juristische_Personen_Prozent;3.5
2022;2830;Lupsingen;Steuersatz_Kapital_juristische_Personen_Promille;0.55
2022;2831;Pratteln;Steuerfuss_natürliche_Personen_Prozent;58.5
2022;2831;Pratteln;Steuersatz_Ertrag_juristische_Personen_Prozent;4.95
2022;2831;Pratteln;Steuersatz_Kapital_juristische_Personen_Promille;0.55
2022;2832;Ramlinsburg;Steuerfuss_natürliche_Personen_Prozent;56.0
2022;2832;Ramlinsburg;Steuersatz_Ertrag_juristische_Personen_Prozent;3.5
2022;2832;Ramlinsburg;Steuersatz_Kapital_juristische_Personen_Promille;0.55
2022;2833;Seltisberg;Steuerfuss_natürliche_Personen_Prozent;55.0
2022;2833;Seltisberg;Steuersatz_Ertrag_juristische_Personen_Prozent;4.0
2022;2833;Seltisberg;Steuersatz_Kapital_juristische_Personen_Promille;0.55
2022;2834;Ziefen;Steuerfuss_natürliche_Personen_Prozent;63.0
2022;2834;Ziefen;Steuersatz_Ertrag_juristische_Personen_Prozent;5.0
2022;2834;Ziefen;Steuersatz_Kapital_juristische_Personen_Promille;0.55
2022;2841;Anwil;Steuerfuss_natürliche_Personen_Prozent;60.0
2022;2841;Anwil;Steuersatz_Ertrag_juristische_Personen_Prozent;2.75
2022;2841;Anwil;Steuersatz_Kapital_juristische_Personen_Promille;0.55
2022;2842;Böckten;Steuerfuss_natürliche_Personen_Prozent;59.0
2022;2842;Böckten;Steuersatz_Ertrag_juristische_Personen_Prozent;4.5
2022;2842;Böckten;Steuersatz_Kapital_juristische_Personen_Promille;0.55
2022;2843;Buckten;Steuerfuss_natürliche_Personen_Prozent;64.0
2022;2843;Buckten;Steuersatz_Ertrag_juristische_Personen_Prozent;4.5
2022;2843;Buckten;Steuersatz_Kapital_juristische_Personen_Promille;0.55
2022;2844;Buus;Steuerfuss_natürliche_Personen_Prozent;58.0
2022;2844;Buus;Steuersatz_Ertrag_juristische_Personen_Prozent;4.5
2022;2844;Buus;Steuersatz_Kapital_juristische_Personen_Promille;0.55
2022;2845;Diepflingen;Steuerfuss_natürliche_Personen_Prozent;65.0
2022;2845;Diepflingen;Steuersatz_Ertrag_juristische_Personen_Prozent;4.5
2022;2845;Diepflingen;Steuersatz_Kapital_juristische_Personen_Promille;0.55
2022;2846;Gelterkinden;Steuerfuss_natürliche_Personen_Prozent;59.0
2022;2846;Gelterkinden;Steuersatz_Ertrag_juristische_Personen_Prozent;3.8
2022;2846;Gelterkinden;Steuersatz_Kapital_juristische_Personen_Promille;0.55
2022;2847;Häfelfingen;Steuerfuss_natürliche_Personen_Prozent;61.0
2022;2847;Häfelfingen;Steuersatz_Ertrag_juristische_Personen_Prozent;4.0
2022;2847;Häfelfingen;Steuersatz_Kapital_juristische_Personen_Promille;0.55
2022;2848;Hemmiken;Steuerfuss_natürliche_Personen_Prozent;67.0
2022;2848;Hemmiken;Steuersatz_Ertrag_juristische_Personen_Prozent;4.5
2022;2848;Hemmiken;Steuersatz_Kapital_juristische_Personen_Promille;0.55
2022;2849;Itingen;Steuerfuss_natürliche_Personen_Prozent;63.0
2022;2849;Itingen;Steuersatz_Ertrag_juristische_Personen_Prozent;4.2
2022;2849;Itingen;Steuersatz_Kapital_juristische_Personen_Promille;0.55
2022;2850;Känerkinden;Steuerfuss_natürliche_Personen_Prozent;63.0
2022;2850;Känerkinden;Steuersatz_Ertrag_juristische_Personen_Prozent;4.0
2022;2850;Känerkinden;Steuersatz_Kapital_juristische_Personen_Promille;0.55
2022;2851;Kilchberg;Steuerfuss_natürliche_Personen_Prozent;64.0
2022;2851;Kilchberg;Steuersatz_Ertrag_juristische_Personen_Prozent;4.5
2022;2851;Kilchberg;Steuersatz_Kapital_juristische_Personen_Promille;0.55
2022;2852;Läufelfingen;Steuerfuss_natürliche_Personen_Prozent;64.2
2022;2852;Läufelfingen;Steuersatz_Ertrag_juristische_Personen_Prozent;2.5
2022;2852;Läufelfingen;Steuersatz_Kapital_juristische_Personen_Promille;0.55
2022;2853;Maisprach;Steuerfuss_natürliche_Personen_Prozent;56.0
2022;2853;Maisprach;Steuersatz_Ertrag_juristische_Personen_Prozent;4.5
2022;2853;Maisprach;Steuersatz_Kapital_juristische_Personen_Promille;0.55
2022;2854;Nusshof;Steuerfuss_natürliche_Personen_Prozent;59.0
2022;2854;Nusshof;Steuersatz_Ertrag_juristische_Personen_Prozent;4.5
2022;2854;Nusshof;Steuersatz_Kapital_juristische_Personen_Promille;0.55
2022;2855;Oltingen;Steuerfuss_natürliche_Personen_Prozent;64.0
2022;2855;Oltingen;Steuersatz_Ertrag_juristische_Personen_Prozent;4.5
2022;2855;Oltingen;Steuersatz_Kapital_juristische_Personen_Promille;0.55
2022;2856;Ormalingen;Steuerfuss_natürliche_Personen_Prozent;59.0
2022;2856;Ormalingen;Steuersatz_Ertrag_juristische_Personen_Prozent;5.0
2022;2856;Ormalingen;Steuersatz_Kapital_juristische_Personen_Promille;0.55
2022;2857;Rickenbach;Steuerfuss_natürliche_Personen_Prozent;62.0
2022;2857;Rickenbach;Steuersatz_Ertrag_juristische_Personen_Prozent;4.5
2022;2857;Rickenbach;Steuersatz_Kapital_juristische_Personen_Promille;0.55
2022;2858;Rothenfluh;Steuerfuss_natürliche_Personen_Prozent;62.0
2022;2858;Rothenfluh;Steuersatz_Ertrag_juristische_Personen_Prozent;5.0
2022;2858;Rothenfluh;Steuersatz_Kapital_juristische_Personen_Promille;0.55
2022;2859;Rümlingen;Steuerfuss_natürliche_Personen_Prozent;63.0
2022;2859;Rümlingen;Steuersatz_Ertrag_juristische_Personen_Prozent;4.5
2022;2859;Rümlingen;Steuersatz_Kapital_juristische_Personen_Promille;0.55
2022;2860;Rünenberg;Steuerfuss_natürliche_Personen_Prozent;60.0
2022;2860;Rünenberg;Steuersatz_Ertrag_juristische_Personen_Prozent;4.0
2022;2860;Rünenberg;Steuersatz_Kapital_juristische_Personen_Promille;0.55
2022;2861;Sissach;Steuerfuss_natürliche_Personen_Prozent;57.0
2022;2861;Sissach;Steuersatz_Ertrag_juristische_Personen_Prozent;4.0
2022;2861;Sissach;Steuersatz_Kapital_juristische_Personen_Promille;0.55
2022;2862;Tecknau;Steuerfuss_natürliche_Personen_Prozent;60.0
2022;2862;Tecknau;Steuersatz_Ertrag_juristische_Personen_Prozent;4.1
2022;2862;Tecknau;Steuersatz_Kapital_juristische_Personen_Promille;0.55
2022;2863;Tenniken;Steuerfuss_natürliche_Personen_Prozent;60.0
2022;2863;Tenniken;Steuersatz_Ertrag_juristische_Personen_Prozent;4.5
2022;2863;Tenniken;Steuersatz_Kapital_juristische_Personen_Promille;0.55
2022;2864;Thürnen;Steuerfuss_natürliche_Personen_Prozent;56.0
2022;2864;Thürnen;Steuersatz_Ertrag_juristische_Personen_Prozent;4.0
2022;2864;Thürnen;Steuersatz_Kapital_juristische_Personen_Promille;0.55
2022;2865;Wenslingen;Steuerfuss_natürliche_Personen_Prozent;58.0
2022;2865;Wenslingen;Steuersatz_Ertrag_juristische_Personen_Prozent;4.5
2022;2865;Wenslingen;Steuersatz_Kapital_juristische_Personen_Promille;0.55
2022;2866;Wintersingen;Steuerfuss_natürliche_Personen_Prozent;57.0
2022;2866;Wintersingen;Steuersatz_Ertrag_juristische_Personen_Prozent;4.5
2022;2866;Wintersingen;Steuersatz_Kapital_juristische_Personen_Promille;0.55
2022;2867;Wittinsburg;Steuerfuss_natürliche_Personen_Prozent;65.0
2022;2867;Wittinsburg;Steuersatz_Ertrag_juristische_Personen_Prozent;4.5
2022;2867;Wittinsburg;Steuersatz_Kapital_juristische_Personen_Promille;0.55
2022;2868;Zeglingen;Steuerfuss_natürliche_Personen_Prozent;64.0
2022;2868;Zeglingen;Steuersatz_Ertrag_juristische_Personen_Prozent;4.5
2022;2868;Zeglingen;Steuersatz_Kapital_juristische_Personen_Promille;0.55
2022;2869;Zunzgen;Steuerfuss_natürliche_Personen_Prozent;56.0
2022;2869;Zunzgen;Steuersatz_Ertrag_juristische_Personen_Prozent;4.0
2022;2869;Zunzgen;Steuersatz_Kapital_juristische_Personen_Promille;0.55
2022;2881;Arboldswil;Steuerfuss_natürliche_Personen_Prozent;60.0
2022;2881;Arboldswil;Steuersatz_Ertrag_juristische_Personen_Prozent;4.5
2022;2881;Arboldswil;Steuersatz_Kapital_juristische_Personen_Promille;0.55
2022;2882;Bennwil;Steuerfuss_natürliche_Personen_Prozent;64.0
2022;2882;Bennwil;Steuersatz_Ertrag_juristische_Personen_Prozent;4.0
2022;2882;Bennwil;Steuersatz_Kapital_juristische_Personen_Promille;0.55
2022;2883;Bretzwil;Steuerfuss_natürliche_Personen_Prozent;58.0
2022;2883;Bretzwil;Steuersatz_Ertrag_juristische_Personen_Prozent;4.0
2022;2883;Bretzwil;Steuersatz_Kapital_juristische_Personen_Promille;0.55
2022;2884;Diegten;Steuerfuss_natürliche_Personen_Prozent;56.0
2022;2884;Diegten;Steuersatz_Ertrag_juristische_Personen_Prozent;4.0
2022;2884;Diegten;Steuersatz_Kapital_juristische_Personen_Promille;0.55
2022;2885;Eptingen;Steuerfuss_natürliche_Personen_Prozent;65.0
2022;2885;Eptingen;Steuersatz_Ertrag_juristische_Personen_Prozent;4.5
2022;2885;Eptingen;Steuersatz_Kapital_juristische_Personen_Promille;0.55
2022;2886;Hölstein;Steuerfuss_natürliche_Personen_Prozent;63.0
2022;2886;Hölstein;Steuersatz_Ertrag_juristische_Personen_Prozent;4.0
2022;2886;Hölstein;Steuersatz_Kapital_juristische_Personen_Promille;0.55
2022;2887;Lampenberg;Steuerfuss_natürliche_Personen_Prozent;62.0
2022;2887;Lampenberg;Steuersatz_Ertrag_juristische_Personen_Prozent;3.0
2022;2887;Lampenberg;Steuersatz_Kapital_juristische_Personen_Promille;0.55
2022;2888;Langenbruck;Steuerfuss_natürliche_Personen_Prozent;56.0
2022;2888;Langenbruck;Steuersatz_Ertrag_juristische_Personen_Prozent;5.0
2022;2888;Langenbruck;Steuersatz_Kapital_juristische_Personen_Promille;0.55
2022;2889;Lauwil;Steuerfuss_natürliche_Personen_Prozent;60.0
2022;2889;Lauwil;Steuersatz_Ertrag_juristische_Personen_Prozent;4.5
2022;2889;Lauwil;Steuersatz_Kapital_juristische_Personen_Promille;0.55
2022;2890;Liedertswil;Steuerfuss_natürliche_Personen_Prozent;55.0
2022;2890;Liedertswil;Steuersatz_Ertrag_juristische_Personen_Prozent;4.5
2022;2890;Liedertswil;Steuersatz_Kapital_juristische_Personen_Promille;0.55
2022;2891;Niederdorf;Steuerfuss_natürliche_Personen_Prozent;64.0
2022;2891;Niederdorf;Steuersatz_Ertrag_juristische_Personen_Prozent;4.5
2022;2891;Niederdorf;Steuersatz_Kapital_juristische_Personen_Promille;0.55
2022;2892;Oberdorf;Steuerfuss_natürliche_Personen_Prozent;65.0
2022;2892;Oberdorf;Steuersatz_Ertrag_juristische_Personen_Prozent;5.0
2022;2892;Oberdorf;Steuersatz_Kapital_juristische_Personen_Promille;0.55
2022;2893;Reigoldswil;Steuerfuss_natürliche_Personen_Prozent;66.0
2022;2893;Reigoldswil;Steuersatz_Ertrag_juristische_Personen_Prozent;4.5
2022;2893;Reigoldswil;Steuersatz_Kapital_juristische_Personen_Promille;0.55
2022;2894;Titterten;Steuerfuss_natürliche_Personen_Prozent;65.0
2022;2894;Titterten;Steuersatz_Ertrag_juristische_Personen_Prozent;4.5
2022;2894;Titterten;Steuersatz_Kapital_juristische_Personen_Promille;0.55
2022;2895;Waldenburg;Steuerfuss_natürliche_Personen_Prozent;69.5
2022;2895;Waldenburg;Steuersatz_Ertrag_juristische_Personen_Prozent;4.75
2022;2895;Waldenburg;Steuersatz_Kapital_juristische_Personen_Promille;0.55
2021;2761;Aesch;Steuerfuss_natürliche_Personen_Prozent;56.0
2021;2761;Aesch;Steuersatz_Ertrag_juristische_Personen_Prozent;4.9
2021;2761;Aesch;Steuersatz_Kapital_juristische_Personen_Promille;0.55
2021;2762;Allschwil;Steuerfuss_natürliche_Personen_Prozent;58.0
2021;2762;Allschwil;Steuersatz_Ertrag_juristische_Personen_Prozent;5.0
2021;2762;Allschwil;Steuersatz_Kapital_juristische_Personen_Promille;0.55
2021;2763;Arlesheim;Steuerfuss_natürliche_Personen_Prozent;45.0
2021;2763;Arlesheim;Steuersatz_Ertrag_juristische_Personen_Prozent;4.0
2021;2763;Arlesheim;Steuersatz_Kapital_juristische_Personen_Promille;0.55
2021;2764;Biel-Benken;Steuerfuss_natürliche_Personen_Prozent;46.0
2021;2764;Biel-Benken;Steuersatz_Ertrag_juristische_Personen_Prozent;3.5
2021;2764;Biel-Benken;Steuersatz_Kapital_juristische_Personen_Promille;0.55
2021;2765;Binningen;Steuerfuss_natürliche_Personen_Prozent;48.0
2021;2765;Binningen;Steuersatz_Ertrag_juristische_Personen_Prozent;2.0
2021;2765;Binningen;Steuersatz_Kapital_juristische_Personen_Promille;0.55
2021;2766;Birsfelden;Steuerfuss_natürliche_Personen_Prozent;62.0
2021;2766;Birsfelden;Steuersatz_Ertrag_juristische_Personen_Prozent;5.0
2021;2766;Birsfelden;Steuersatz_Kapital_juristische_Personen_Promille;0.55
2021;2767;Bottmingen;Steuerfuss_natürliche_Personen_Prozent;45.0
2021;2767;Bottmingen;Steuersatz_Ertrag_juristische_Personen_Prozent;2.0
2021;2767;Bottmingen;Steuersatz_Kapital_juristische_Personen_Promille;0.55
2021;2768;Ettingen;Steuerfuss_natürliche_Personen_Prozent;61.0
2021;2768;Ettingen;Steuersatz_Ertrag_juristische_Personen_Prozent;4.5
2021;2768;Ettingen;Steuersatz_Kapital_juristische_Personen_Promille;0.55
2021;2769;Münchenstein;Steuerfuss_natürliche_Personen_Prozent;59.0
2021;2769;Münchenstein;Steuersatz_Ertrag_juristische_Personen_Prozent;5.0
2021;2769;Münchenstein;Steuersatz_Kapital_juristische_Personen_Promille;0.55
2021;2770;Muttenz;Steuerfuss_natürliche_Personen_Prozent;56.0
2021;2770;Muttenz;Steuersatz_Ertrag_juristische_Personen_Prozent;5.0
2021;2770;Muttenz;Steuersatz_Kapital_juristische_Personen_Promille;0.55
2021;2771;Oberwil;Steuerfuss_natürliche_Personen_Prozent;48.0
2021;2771;Oberwil;Steuersatz_Ertrag_juristische_Personen_Prozent;4.0
2021;2771;Oberwil;Steuersatz_Kapital_juristische_Personen_Promille;0.55
2021;2772;Pfeffingen;Steuerfuss_natürliche_Personen_Prozent;45.0
2021;2772;Pfeffingen;Steuersatz_Ertrag_juristische_Personen_Prozent;4.4
2021;2772;Pfeffingen;Steuersatz_Kapital_juristische_Personen_Promille;0.55
2021;2773;Reinach;Steuerfuss_natürliche_Personen_Prozent;54.5
2021;2773;Reinach;Steuersatz_Ertrag_juristische_Personen_Prozent;4.8
2021;2773;Reinach;Steuersatz_Kapital_juristische_Personen_Promille;0.55
2021;2774;Schönenbuch;Steuerfuss_natürliche_Personen_Prozent;52.0
2021;2774;Schönenbuch;Steuersatz_Ertrag_juristische_Personen_Prozent;3.0
2021;2774;Schönenbuch;Steuersatz_Kapital_juristische_Personen_Promille;0.55
2021;2775;Therwil;Steuerfuss_natürliche_Personen_Prozent;52.0
2021;2775;Therwil;Steuersatz_Ertrag_juristische_Personen_Prozent;4.7
2021;2775;Therwil;Steuersatz_Kapital_juristische_Personen_Promille;0.55
2021;2781;Blauen;Steuerfuss_natürliche_Personen_Prozent;59.5
2021;2781;Blauen;Steuersatz_Ertrag_juristische_Personen_Prozent;4.0
2021;2781;Blauen;Steuersatz_Kapital_juristische_Personen_Promille;0.55
2021;2782;Brislach;Steuerfuss_natürliche_Personen_Prozent;57.0
2021;2782;Brislach;Steuersatz_Ertrag_juristische_Personen_Prozent;4.5
2021;2782;Brislach;Steuersatz_Kapital_juristische_Personen_Promille;0.55
2021;2783;Burg i.L.;Steuerfuss_natürliche_Personen_Prozent;68.0
2021;2783;Burg i.L.;Steuersatz_Ertrag_juristische_Personen_Prozent;3.0
2021;2783;Burg i.L.;Steuersatz_Kapital_juristische_Personen_Promille;0.55
2021;2784;Dittingen;Steuerfuss_natürliche_Personen_Prozent;66.0
2021;2784;Dittingen;Steuersatz_Ertrag_juristische_Personen_Prozent;5.0
2021;2784;Dittingen;Steuersatz_Kapital_juristische_Personen_Promille;0.55
2021;2785;Duggingen;Steuerfuss_natürliche_Personen_Prozent;56.0
2021;2785;Duggingen;Steuersatz_Ertrag_juristische_Personen_Prozent;4.5
2021;2785;Duggingen;Steuersatz_Kapital_juristische_Personen_Promille;0.55
2021;2786;Grellingen;Steuerfuss_natürliche_Personen_Prozent;62.0
2021;2786;Grellingen;Steuersatz_Ertrag_juristische_Personen_Prozent;4.5
2021;2786;Grellingen;Steuersatz_Kapital_juristische_Personen_Promille;0.55
2021;2787;Laufen;Steuerfuss_natürliche_Personen_Prozent;59.0
2021;2787;Laufen;Steuersatz_Ertrag_juristische_Personen_Prozent;4.5
2021;2787;Laufen;Steuersatz_Kapital_juristische_Personen_Promille;0.55
2021;2788;Liesberg;Steuerfuss_natürliche_Personen_Prozent;61.0
2021;2788;Liesberg;Steuersatz_Ertrag_juristische_Personen_Prozent;4.3
2021;2788;Liesberg;Steuersatz_Kapital_juristische_Personen_Promille;0.55
2021;2789;Nenzlingen;Steuerfuss_natürliche_Personen_Prozent;62.5
2021;2789;Nenzlingen;Steuersatz_Ertrag_juristische_Personen_Prozent;4.5
2021;2789;Nenzlingen;Steuersatz_Kapital_juristische_Personen_Promille;0.55
2021;2790;Roggenburg;Steuerfuss_natürliche_Personen_Prozent;64.0
2021;2790;Roggenburg;Steuersatz_Ertrag_juristische_Personen_Prozent;4.5
2021;2790;Roggenburg;Steuersatz_Kapital_juristische_Personen_Promille;0.55
2021;2791;Röschenz;Steuerfuss_natürliche_Personen_Prozent;54.0
2021;2791;Röschenz;Steuersatz_Ertrag_juristische_Personen_Prozent;3.5
2021;2791;Röschenz;Steuersatz_Kapital_juristische_Personen_Promille;0.55
2021;2792;Wahlen;Steuerfuss_natürliche_Personen_Prozent;56.0
2021;2792;Wahlen;Steuersatz_Ertrag_juristische_Personen_Prozent;4.3
2021;2792;Wahlen;Steuersatz_Kapital_juristische_Personen_Promille;0.55
2021;2793;Zwingen;Steuerfuss_natürliche_Personen_Prozent;59.0
2021;2793;Zwingen;Steuersatz_Ertrag_juristische_Personen_Prozent;4.2
2021;2793;Zwingen;Steuersatz_Kapital_juristische_Personen_Promille;0.55
2021;2821;Arisdorf;Steuerfuss_natürliche_Personen_Prozent;59.0
2021;2821;Arisdorf;Steuersatz_Ertrag_juristische_Personen_Prozent;4.5
2021;2821;Arisdorf;Steuersatz_Kapital_juristische_Personen_Promille;0.55
2021;2822;Augst;Steuerfuss_natürliche_Personen_Prozent;53.0
2021;2822;Augst;Steuersatz_Ertrag_juristische_Personen_Prozent;4.2
2021;2822;Augst;Steuersatz_Kapital_juristische_Personen_Promille;0.55
2021;2823;Bubendorf;Steuerfuss_natürliche_Personen_Prozent;60.0
2021;2823;Bubendorf;Steuersatz_Ertrag_juristische_Personen_Prozent;4.4
2021;2823;Bubendorf;Steuersatz_Kapital_juristische_Personen_Promille;0.55
2021;2824;Frenkendorf;Steuerfuss_natürliche_Personen_Prozent;57.0
2021;2824;Frenkendorf;Steuersatz_Ertrag_juristische_Personen_Prozent;4.5
2021;2824;Frenkendorf;Steuersatz_Kapital_juristische_Personen_Promille;0.55
2021;2825;Füllinsdorf;Steuerfuss_natürliche_Personen_Prozent;60.0
2021;2825;Füllinsdorf;Steuersatz_Ertrag_juristische_Personen_Prozent;5.0
2021;2825;Füllinsdorf;Steuersatz_Kapital_juristische_Personen_Promille;0.55
2021;2826;Giebenach;Steuerfuss_natürliche_Personen_Prozent;55.0
2021;2826;Giebenach;Steuersatz_Ertrag_juristische_Personen_Prozent;2.0
2021;2826;Giebenach;Steuersatz_Kapital_juristische_Personen_Promille;0.55
2021;2827;Hersberg;Steuerfuss_natürliche_Personen_Prozent;55.0
2021;2827;Hersberg;Steuersatz_Ertrag_juristische_Personen_Prozent;4.5
2021;2827;Hersberg;Steuersatz_Kapital_juristische_Personen_Promille;0.55
2021;2828;Lausen;Steuerfuss_natürliche_Personen_Prozent;55.0
2021;2828;Lausen;Steuersatz_Ertrag_juristische_Personen_Prozent;3.7
2021;2828;Lausen;Steuersatz_Kapital_juristische_Personen_Promille;0.55
2021;2829;Liestal;Steuerfuss_natürliche_Personen_Prozent;65.0
2021;2829;Liestal;Steuersatz_Ertrag_juristische_Personen_Prozent;5.0
2021;2829;Liestal;Steuersatz_Kapital_juristische_Personen_Promille;0.55
2021;2830;Lupsingen;Steuerfuss_natürliche_Personen_Prozent;58.0
2021;2830;Lupsingen;Steuersatz_Ertrag_juristische_Personen_Prozent;3.5
2021;2830;Lupsingen;Steuersatz_Kapital_juristische_Personen_Promille;0.55
2021;2831;Pratteln;Steuerfuss_natürliche_Personen_Prozent;58.5
2021;2831;Pratteln;Steuersatz_Ertrag_juristische_Personen_Prozent;4.95
2021;2831;Pratteln;Steuersatz_Kapital_juristische_Personen_Promille;0.55
2021;2832;Ramlinsburg;Steuerfuss_natürliche_Personen_Prozent;56.0
2021;2832;Ramlinsburg;Steuersatz_Ertrag_juristische_Personen_Prozent;3.5
2021;2832;Ramlinsburg;Steuersatz_Kapital_juristische_Personen_Promille;0.55
2021;2833;Seltisberg;Steuerfuss_natürliche_Personen_Prozent;55.0
2021;2833;Seltisberg;Steuersatz_Ertrag_juristische_Personen_Prozent;4.0
2021;2833;Seltisberg;Steuersatz_Kapital_juristische_Personen_Promille;0.55
2021;2834;Ziefen;Steuerfuss_natürliche_Personen_Prozent;63.0
2021;2834;Ziefen;Steuersatz_Ertrag_juristische_Personen_Prozent;5.0
2021;2834;Ziefen;Steuersatz_Kapital_juristische_Personen_Promille;0.55
2021;2841;Anwil;Steuerfuss_natürliche_Personen_Prozent;60.0
2021;2841;Anwil;Steuersatz_Ertrag_juristische_Personen_Prozent;2.75
2021;2841;Anwil;Steuersatz_Kapital_juristische_Personen_Promille;0.55
2021;2842;Böckten;Steuerfuss_natürliche_Personen_Prozent;59.0
2021;2842;Böckten;Steuersatz_Ertrag_juristische_Personen_Prozent;4.5
2021;2842;Böckten;Steuersatz_Kapital_juristische_Personen_Promille;0.55
2021;2843;Buckten;Steuerfuss_natürliche_Personen_Prozent;64.0
2021;2843;Buckten;Steuersatz_Ertrag_juristische_Personen_Prozent;4.5
2021;2843;Buckten;Steuersatz_Kapital_juristische_Personen_Promille;0.55
2021;2844;Buus;Steuerfuss_natürliche_Personen_Prozent;58.0
2021;2844;Buus;Steuersatz_Ertrag_juristische_Personen_Prozent;4.5
2021;2844;Buus;Steuersatz_Kapital_juristische_Personen_Promille;0.55
2021;2845;Diepflingen;Steuerfuss_natürliche_Personen_Prozent;65.0
2021;2845;Diepflingen;Steuersatz_Ertrag_juristische_Personen_Prozent;4.5
2021;2845;Diepflingen;Steuersatz_Kapital_juristische_Personen_Promille;0.55
2021;2846;Gelterkinden;Steuerfuss_natürliche_Personen_Prozent;59.0
2021;2846;Gelterkinden;Steuersatz_Ertrag_juristische_Personen_Prozent;3.8
2021;2846;Gelterkinden;Steuersatz_Kapital_juristische_Personen_Promille;0.55
2021;2847;Häfelfingen;Steuerfuss_natürliche_Personen_Prozent;61.0
2021;2847;Häfelfingen;Steuersatz_Ertrag_juristische_Personen_Prozent;4.0
2021;2847;Häfelfingen;Steuersatz_Kapital_juristische_Personen_Promille;0.55
2021;2848;Hemmiken;Steuerfuss_natürliche_Personen_Prozent;67.0
2021;2848;Hemmiken;Steuersatz_Ertrag_juristische_Personen_Prozent;4.5
2021;2848;Hemmiken;Steuersatz_Kapital_juristische_Personen_Promille;0.55
2021;2849;Itingen;Steuerfuss_natürliche_Personen_Prozent;63.0
2021;2849;Itingen;Steuersatz_Ertrag_juristische_Personen_Prozent;4.2
2021;2849;Itingen;Steuersatz_Kapital_juristische_Personen_Promille;0.55
2021;2850;Känerkinden;Steuerfuss_natürliche_Personen_Prozent;63.0
2021;2850;Känerkinden;Steuersatz_Ertrag_juristische_Personen_Prozent;4.0
2021;2850;Känerkinden;Steuersatz_Kapital_juristische_Personen_Promille;0.55
2021;2851;Kilchberg;Steuerfuss_natürliche_Personen_Prozent;64.0
2021;2851;Kilchberg;Steuersatz_Ertrag_juristische_Personen_Prozent;4.5
2021;2851;Kilchberg;Steuersatz_Kapital_juristische_Personen_Promille;0.55
2021;2852;Läufelfingen;Steuerfuss_natürliche_Personen_Prozent;64.2
2021;2852;Läufelfingen;Steuersatz_Ertrag_juristische_Personen_Prozent;2.5
2021;2852;Läufelfingen;Steuersatz_Kapital_juristische_Personen_Promille;0.55
2021;2853;Maisprach;Steuerfuss_natürliche_Personen_Prozent;58.0
2021;2853;Maisprach;Steuersatz_Ertrag_juristische_Personen_Prozent;4.5
2021;2853;Maisprach;Steuersatz_Kapital_juristische_Personen_Promille;0.55
2021;2854;Nusshof;Steuerfuss_natürliche_Personen_Prozent;57.0
2021;2854;Nusshof;Steuersatz_Ertrag_juristische_Personen_Prozent;4.5
2021;2854;Nusshof;Steuersatz_Kapital_juristische_Personen_Promille;0.55
2021;2855;Oltingen;Steuerfuss_natürliche_Personen_Prozent;64.0
2021;2855;Oltingen;Steuersatz_Ertrag_juristische_Personen_Prozent;4.5
2021;2855;Oltingen;Steuersatz_Kapital_juristische_Personen_Promille;0.55
2021;2856;Ormalingen;Steuerfuss_natürliche_Personen_Prozent;59.0
2021;2856;Ormalingen;Steuersatz_Ertrag_juristische_Personen_Prozent;5.0
2021;2856;Ormalingen;Steuersatz_Kapital_juristische_Personen_Promille;0.55
2021;2857;Rickenbach;Steuerfuss_natürliche_Personen_Prozent;62.0
2021;2857;Rickenbach;Steuersatz_Ertrag_juristische_Personen_Prozent;4.5
2021;2857;Rickenbach;Steuersatz_Kapital_juristische_Personen_Promille;0.55
2021;2858;Rothenfluh;Steuerfuss_natürliche_Personen_Prozent;62.0
2021;2858;Rothenfluh;Steuersatz_Ertrag_juristische_Personen_Prozent;5.0
2021;2858;Rothenfluh;Steuersatz_Kapital_juristische_Personen_Promille;0.55
2021;2859;Rümlingen;Steuerfuss_natürliche_Personen_Prozent;63.0
2021;2859;Rümlingen;Steuersatz_Ertrag_juristische_Personen_Prozent;4.5
2021;2859;Rümlingen;Steuersatz_Kapital_juristische_Personen_Promille;0.55
2021;2860;Rünenberg;Steuerfuss_natürliche_Personen_Prozent;60.0
2021;2860;Rünenberg;Steuersatz_Ertrag_juristische_Personen_Prozent;4.0
2021;2860;Rünenberg;Steuersatz_Kapital_juristische_Personen_Promille;0.55
2021;2861;Sissach;Steuerfuss_natürliche_Personen_Prozent;57.0
2021;2861;Sissach;Steuersatz_Ertrag_juristische_Personen_Prozent;4.0
2021;2861;Sissach;Steuersatz_Kapital_juristische_Personen_Promille;0.55
2021;2862;Tecknau;Steuerfuss_natürliche_Personen_Prozent;60.0
2021;2862;Tecknau;Steuersatz_Ertrag_juristische_Personen_Prozent;4.1
2021;2862;Tecknau;Steuersatz_Kapital_juristische_Personen_Promille;0.55
2021;2863;Tenniken;Steuerfuss_natürliche_Personen_Prozent;60.0
2021;2863;Tenniken;Steuersatz_Ertrag_juristische_Personen_Prozent;4.5
2021;2863;Tenniken;Steuersatz_Kapital_juristische_Personen_Promille;0.55
2021;2864;Thürnen;Steuerfuss_natürliche_Personen_Prozent;51.0
2021;2864;Thürnen;Steuersatz_Ertrag_juristische_Personen_Prozent;4.0
2021;2864;Thürnen;Steuersatz_Kapital_juristische_Personen_Promille;0.55
2021;2865;Wenslingen;Steuerfuss_natürliche_Personen_Prozent;58.0
2021;2865;Wenslingen;Steuersatz_Ertrag_juristische_Personen_Prozent;4.5
2021;2865;Wenslingen;Steuersatz_Kapital_juristische_Personen_Promille;0.55
2021;2866;Wintersingen;Steuerfuss_natürliche_Personen_Prozent;57.0
2021;2866;Wintersingen;Steuersatz_Ertrag_juristische_Personen_Prozent;4.5
2021;2866;Wintersingen;Steuersatz_Kapital_juristische_Personen_Promille;0.55
2021;2867;Wittinsburg;Steuerfuss_natürliche_Personen_Prozent;65.0
2021;2867;Wittinsburg;Steuersatz_Ertrag_juristische_Personen_Prozent;4.5
2021;2867;Wittinsburg;Steuersatz_Kapital_juristische_Personen_Promille;0.55
2021;2868;Zeglingen;Steuerfuss_natürliche_Personen_Prozent;64.0
2021;2868;Zeglingen;Steuersatz_Ertrag_juristische_Personen_Prozent;4.5
2021;2868;Zeglingen;Steuersatz_Kapital_juristische_Personen_Promille;0.55
2021;2869;Zunzgen;Steuerfuss_natürliche_Personen_Prozent;56.0
2021;2869;Zunzgen;Steuersatz_Ertrag_juristische_Personen_Prozent;4.0
2021;2869;Zunzgen;Steuersatz_Kapital_juristische_Personen_Promille;0.55
2021;2881;Arboldswil;Steuerfuss_natürliche_Personen_Prozent;60.0
2021;2881;Arboldswil;Steuersatz_Ertrag_juristische_Personen_Prozent;4.5
2021;2881;Arboldswil;Steuersatz_Kapital_juristische_Personen_Promille;0.55
2021;2882;Bennwil;Steuerfuss_natürliche_Personen_Prozent;64.0
2021;2882;Bennwil;Steuersatz_Ertrag_juristische_Personen_Prozent;4.0
2021;2882;Bennwil;Steuersatz_Kapital_juristische_Personen_Promille;0.55
2021;2883;Bretzwil;Steuerfuss_natürliche_Personen_Prozent;58.0
2021;2883;Bretzwil;Steuersatz_Ertrag_juristische_Personen_Prozent;4.0
2021;2883;Bretzwil;Steuersatz_Kapital_juristische_Personen_Promille;0.55
2021;2884;Diegten;Steuerfuss_natürliche_Personen_Prozent;56.0
2021;2884;Diegten;Steuersatz_Ertrag_juristische_Personen_Prozent;4.0
2021;2884;Diegten;Steuersatz_Kapital_juristische_Personen_Promille;0.55
2021;2885;Eptingen;Steuerfuss_natürliche_Personen_Prozent;65.0
2021;2885;Eptingen;Steuersatz_Ertrag_juristische_Personen_Prozent;4.5
2021;2885;Eptingen;Steuersatz_Kapital_juristische_Personen_Promille;0.55
2021;2886;Hölstein;Steuerfuss_natürliche_Personen_Prozent;63.0
2021;2886;Hölstein;Steuersatz_Ertrag_juristische_Personen_Prozent;4.0
2021;2886;Hölstein;Steuersatz_Kapital_juristische_Personen_Promille;0.55
2021;2887;Lampenberg;Steuerfuss_natürliche_Personen_Prozent;62.0
2021;2887;Lampenberg;Steuersatz_Ertrag_juristische_Personen_Prozent;3.0
2021;2887;Lampenberg;Steuersatz_Kapital_juristische_Personen_Promille;0.55
2021;2888;Langenbruck;Steuerfuss_natürliche_Personen_Prozent;54.0
2021;2888;Langenbruck;Steuersatz_Ertrag_juristische_Personen_Prozent;4.5
2021;2888;Langenbruck;Steuersatz_Kapital_juristische_Personen_Promille;0.55
2021;2889;Lauwil;Steuerfuss_natürliche_Personen_Prozent;60.0
2021;2889;Lauwil;Steuersatz_Ertrag_juristische_Personen_Prozent;4.5
2021;2889;Lauwil;Steuersatz_Kapital_juristische_Personen_Promille;0.55
2021;2890;Liedertswil;Steuerfuss_natürliche_Personen_Prozent;55.0
2021;2890;Liedertswil;Steuersatz_Ertrag_juristische_Personen_Prozent;4.5
2021;2890;Liedertswil;Steuersatz_Kapital_juristische_Personen_Promille;0.55
2021;2891;Niederdorf;Steuerfuss_natürliche_Personen_Prozent;64.0
2021;2891;Niederdorf;Steuersatz_Ertrag_juristische_Personen_Prozent;4.5
2021;2891;Niederdorf;Steuersatz_Kapital_juristische_Personen_Promille;0.55
2021;2892;Oberdorf;Steuerfuss_natürliche_Personen_Prozent;65.0
2021;2892;Oberdorf;Steuersatz_Ertrag_juristische_Personen_Prozent;5.0
2021;2892;Oberdorf;Steuersatz_Kapital_juristische_Personen_Promille;0.55
2021;2893;Reigoldswil;Steuerfuss_natürliche_Personen_Prozent;66.0
2021;2893;Reigoldswil;Steuersatz_Ertrag_juristische_Personen_Prozent;4.5
2021;2893;Reigoldswil;Steuersatz_Kapital_juristische_Personen_Promille;0.55
2021;2894;Titterten;Steuerfuss_natürliche_Personen_Prozent;65.0
2021;2894;Titterten;Steuersatz_Ertrag_juristische_Personen_Prozent;4.5
2021;2894;Titterten;Steuersatz_Kapital_juristische_Personen_Promille;0.55
2021;2895;Waldenburg;Steuerfuss_natürliche_Personen_Prozent;69.5
2021;2895;Waldenburg;Steuersatz_Ertrag_juristische_Personen_Prozent;4.75
2021;2895;Waldenburg;Steuersatz_Kapital_juristische_Personen_Promille;0.55
2020;2761;Aesch;Steuerfuss_natürliche_Personen_Prozent;56.0
2020;2761;Aesch;Steuersatz_Ertrag_juristische_Personen_Prozent;4.9
2020;2761;Aesch;Steuersatz_Kapital_juristische_Personen_Promille;0.55
2020;2762;Allschwil;Steuerfuss_natürliche_Personen_Prozent;58.0
2020;2762;Allschwil;Steuersatz_Ertrag_juristische_Personen_Prozent;5.0
2020;2762;Allschwil;Steuersatz_Kapital_juristische_Personen_Promille;0.55
2020;2763;Arlesheim;Steuerfuss_natürliche_Personen_Prozent;45.0
2020;2763;Arlesheim;Steuersatz_Ertrag_juristische_Personen_Prozent;4.0
2020;2763;Arlesheim;Steuersatz_Kapital_juristische_Personen_Promille;0.55
2020;2764;Biel-Benken;Steuerfuss_natürliche_Personen_Prozent;46.0
2020;2764;Biel-Benken;Steuersatz_Ertrag_juristische_Personen_Prozent;3.5
2020;2764;Biel-Benken;Steuersatz_Kapital_juristische_Personen_Promille;0.55
2020;2765;Binningen;Steuerfuss_natürliche_Personen_Prozent;48.0
2020;2765;Binningen;Steuersatz_Ertrag_juristische_Personen_Prozent;2.0
2020;2765;Binningen;Steuersatz_Kapital_juristische_Personen_Promille;0.55
2020;2766;Birsfelden;Steuerfuss_natürliche_Personen_Prozent;62.0
2020;2766;Birsfelden;Steuersatz_Ertrag_juristische_Personen_Prozent;5.0
2020;2766;Birsfelden;Steuersatz_Kapital_juristische_Personen_Promille;0.55
2020;2767;Bottmingen;Steuerfuss_natürliche_Personen_Prozent;45.0
2020;2767;Bottmingen;Steuersatz_Ertrag_juristische_Personen_Prozent;2.0
2020;2767;Bottmingen;Steuersatz_Kapital_juristische_Personen_Promille;0.55
2020;2768;Ettingen;Steuerfuss_natürliche_Personen_Prozent;61.0
2020;2768;Ettingen;Steuersatz_Ertrag_juristische_Personen_Prozent;4.5
2020;2768;Ettingen;Steuersatz_Kapital_juristische_Personen_Promille;0.55
2020;2769;Münchenstein;Steuerfuss_natürliche_Personen_Prozent;59.0
2020;2769;Münchenstein;Steuersatz_Ertrag_juristische_Personen_Prozent;5.0
2020;2769;Münchenstein;Steuersatz_Kapital_juristische_Personen_Promille;0.55
2020;2770;Muttenz;Steuerfuss_natürliche_Personen_Prozent;56.0
2020;2770;Muttenz;Steuersatz_Ertrag_juristische_Personen_Prozent;5.0
2020;2770;Muttenz;Steuersatz_Kapital_juristische_Personen_Promille;0.55
2020;2771;Oberwil;Steuerfuss_natürliche_Personen_Prozent;48.0
2020;2771;Oberwil;Steuersatz_Ertrag_juristische_Personen_Prozent;4.0
2020;2771;Oberwil;Steuersatz_Kapital_juristische_Personen_Promille;0.55
2020;2772;Pfeffingen;Steuerfuss_natürliche_Personen_Prozent;45.0
2020;2772;Pfeffingen;Steuersatz_Ertrag_juristische_Personen_Prozent;4.4
2020;2772;Pfeffingen;Steuersatz_Kapital_juristische_Personen_Promille;0.55
2020;2773;Reinach;Steuerfuss_natürliche_Personen_Prozent;52.5
2020;2773;Reinach;Steuersatz_Ertrag_juristische_Personen_Prozent;4.8
2020;2773;Reinach;Steuersatz_Kapital_juristische_Personen_Promille;0.55
2020;2774;Schönenbuch;Steuerfuss_natürliche_Personen_Prozent;52.0
2020;2774;Schönenbuch;Steuersatz_Ertrag_juristische_Personen_Prozent;3.0
2020;2774;Schönenbuch;Steuersatz_Kapital_juristische_Personen_Promille;0.55
2020;2775;Therwil;Steuerfuss_natürliche_Personen_Prozent;52.0
2020;2775;Therwil;Steuersatz_Ertrag_juristische_Personen_Prozent;4.7
2020;2775;Therwil;Steuersatz_Kapital_juristische_Personen_Promille;0.55
2020;2781;Blauen;Steuerfuss_natürliche_Personen_Prozent;59.5
2020;2781;Blauen;Steuersatz_Ertrag_juristische_Personen_Prozent;4.0
2020;2781;Blauen;Steuersatz_Kapital_juristische_Personen_Promille;0.55
2020;2782;Brislach;Steuerfuss_natürliche_Personen_Prozent;57.0
2020;2782;Brislach;Steuersatz_Ertrag_juristische_Personen_Prozent;4.5
2020;2782;Brislach;Steuersatz_Kapital_juristische_Personen_Promille;0.55
2020;2783;Burg i.L.;Steuerfuss_natürliche_Personen_Prozent;68.0
2020;2783;Burg i.L.;Steuersatz_Ertrag_juristische_Personen_Prozent;3.0
2020;2783;Burg i.L.;Steuersatz_Kapital_juristische_Personen_Promille;0.55
2020;2784;Dittingen;Steuerfuss_natürliche_Personen_Prozent;66.0
2020;2784;Dittingen;Steuersatz_Ertrag_juristische_Personen_Prozent;5.0
2020;2784;Dittingen;Steuersatz_Kapital_juristische_Personen_Promille;0.55
2020;2785;Duggingen;Steuerfuss_natürliche_Personen_Prozent;56.0
2020;2785;Duggingen;Steuersatz_Ertrag_juristische_Personen_Prozent;4.5
2020;2785;Duggingen;Steuersatz_Kapital_juristische_Personen_Promille;0.55
2020;2786;Grellingen;Steuerfuss_natürliche_Personen_Prozent;62.0
2020;2786;Grellingen;Steuersatz_Ertrag_juristische_Personen_Prozent;4.5
2020;2786;Grellingen;Steuersatz_Kapital_juristische_Personen_Promille;0.55
2020;2787;Laufen;Steuerfuss_natürliche_Personen_Prozent;59.0
2020;2787;Laufen;Steuersatz_Ertrag_juristische_Personen_Prozent;4.5
2020;2787;Laufen;Steuersatz_Kapital_juristische_Personen_Promille;0.55
2020;2788;Liesberg;Steuerfuss_natürliche_Personen_Prozent;61.0
2020;2788;Liesberg;Steuersatz_Ertrag_juristische_Personen_Prozent;4.3
2020;2788;Liesberg;Steuersatz_Kapital_juristische_Personen_Promille;0.55
2020;2789;Nenzlingen;Steuerfuss_natürliche_Personen_Prozent;62.5
2020;2789;Nenzlingen;Steuersatz_Ertrag_juristische_Personen_Prozent;4.5
2020;2789;Nenzlingen;Steuersatz_Kapital_juristische_Personen_Promille;0.55
2020;2790;Roggenburg;Steuerfuss_natürliche_Personen_Prozent;64.0
2020;2790;Roggenburg;Steuersatz_Ertrag_juristische_Personen_Prozent;4.5
2020;2790;Roggenburg;Steuersatz_Kapital_juristische_Personen_Promille;0.55
2020;2791;Röschenz;Steuerfuss_natürliche_Personen_Prozent;54.0
2020;2791;Röschenz;Steuersatz_Ertrag_juristische_Personen_Prozent;3.5
2020;2791;Röschenz;Steuersatz_Kapital_juristische_Personen_Promille;0.55
2020;2792;Wahlen;Steuerfuss_natürliche_Personen_Prozent;56.0
2020;2792;Wahlen;Steuersatz_Ertrag_juristische_Personen_Prozent;4.3
2020;2792;Wahlen;Steuersatz_Kapital_juristische_Personen_Promille;0.55
2020;2793;Zwingen;Steuerfuss_natürliche_Personen_Prozent;59.0
2020;2793;Zwingen;Steuersatz_Ertrag_juristische_Personen_Prozent;4.2
2020;2793;Zwingen;Steuersatz_Kapital_juristische_Personen_Promille;0.55
2020;2821;Arisdorf;Steuerfuss_natürliche_Personen_Prozent;59.0
2020;2821;Arisdorf;Steuersatz_Ertrag_juristische_Personen_Prozent;4.5
2020;2821;Arisdorf;Steuersatz_Kapital_juristische_Personen_Promille;0.55
2020;2822;Augst;Steuerfuss_natürliche_Personen_Prozent;53.0
2020;2822;Augst;Steuersatz_Ertrag_juristische_Personen_Prozent;4.2
2020;2822;Augst;Steuersatz_Kapital_juristische_Personen_Promille;0.55
2020;2823;Bubendorf;Steuerfuss_natürliche_Personen_Prozent;60.0
2020;2823;Bubendorf;Steuersatz_Ertrag_juristische_Personen_Prozent;4.4
2020;2823;Bubendorf;Steuersatz_Kapital_juristische_Personen_Promille;0.55
2020;2824;Frenkendorf;Steuerfuss_natürliche_Personen_Prozent;57.0
2020;2824;Frenkendorf;Steuersatz_Ertrag_juristische_Personen_Prozent;4.5
2020;2824;Frenkendorf;Steuersatz_Kapital_juristische_Personen_Promille;0.55
2020;2825;Füllinsdorf;Steuerfuss_natürliche_Personen_Prozent;60.0
2020;2825;Füllinsdorf;Steuersatz_Ertrag_juristische_Personen_Prozent;5.0
2020;2825;Füllinsdorf;Steuersatz_Kapital_juristische_Personen_Promille;0.55
2020;2826;Giebenach;Steuerfuss_natürliche_Personen_Prozent;55.0
2020;2826;Giebenach;Steuersatz_Ertrag_juristische_Personen_Prozent;2.0
2020;2826;Giebenach;Steuersatz_Kapital_juristische_Personen_Promille;0.55
2020;2827;Hersberg;Steuerfuss_natürliche_Personen_Prozent;55.0
2020;2827;Hersberg;Steuersatz_Ertrag_juristische_Personen_Prozent;4.5
2020;2827;Hersberg;Steuersatz_Kapital_juristische_Personen_Promille;0.55
2020;2828;Lausen;Steuerfuss_natürliche_Personen_Prozent;55.0
2020;2828;Lausen;Steuersatz_Ertrag_juristische_Personen_Prozent;3.7
2020;2828;Lausen;Steuersatz_Kapital_juristische_Personen_Promille;0.55
2020;2829;Liestal;Steuerfuss_natürliche_Personen_Prozent;65.0
2020;2829;Liestal;Steuersatz_Ertrag_juristische_Personen_Prozent;5.0
2020;2829;Liestal;Steuersatz_Kapital_juristische_Personen_Promille;0.55
2020;2830;Lupsingen;Steuerfuss_natürliche_Personen_Prozent;58.0
2020;2830;Lupsingen;Steuersatz_Ertrag_juristische_Personen_Prozent;3.5
2020;2830;Lupsingen;Steuersatz_Kapital_juristische_Personen_Promille;0.55
2020;2831;Pratteln;Steuerfuss_natürliche_Personen_Prozent;58.5
2020;2831;Pratteln;Steuersatz_Ertrag_juristische_Personen_Prozent;4.95
2020;2831;Pratteln;Steuersatz_Kapital_juristische_Personen_Promille;0.55
2020;2832;Ramlinsburg;Steuerfuss_natürliche_Personen_Prozent;58.0
2020;2832;Ramlinsburg;Steuersatz_Ertrag_juristische_Personen_Prozent;3.5
2020;2832;Ramlinsburg;Steuersatz_Kapital_juristische_Personen_Promille;0.55
2020;2833;Seltisberg;Steuerfuss_natürliche_Personen_Prozent;52.0
2020;2833;Seltisberg;Steuersatz_Ertrag_juristische_Personen_Prozent;4.0
2020;2833;Seltisberg;Steuersatz_Kapital_juristische_Personen_Promille;0.55
2020;2834;Ziefen;Steuerfuss_natürliche_Personen_Prozent;63.0
2020;2834;Ziefen;Steuersatz_Ertrag_juristische_Personen_Prozent;5.0
2020;2834;Ziefen;Steuersatz_Kapital_juristische_Personen_Promille;0.55
2020;2841;Anwil;Steuerfuss_natürliche_Personen_Prozent;60.0
2020;2841;Anwil;Steuersatz_Ertrag_juristische_Personen_Prozent;2.75
2020;2841;Anwil;Steuersatz_Kapital_juristische_Personen_Promille;0.55
2020;2842;Böckten;Steuerfuss_natürliche_Personen_Prozent;59.0
2020;2842;Böckten;Steuersatz_Ertrag_juristische_Personen_Prozent;4.5
2020;2842;Böckten;Steuersatz_Kapital_juristische_Personen_Promille;0.55
2020;2843;Buckten;Steuerfuss_natürliche_Personen_Prozent;64.0
2020;2843;Buckten;Steuersatz_Ertrag_juristische_Personen_Prozent;4.5
2020;2843;Buckten;Steuersatz_Kapital_juristische_Personen_Promille;0.55
2020;2844;Buus;Steuerfuss_natürliche_Personen_Prozent;58.0
2020;2844;Buus;Steuersatz_Ertrag_juristische_Personen_Prozent;4.5
2020;2844;Buus;Steuersatz_Kapital_juristische_Personen_Promille;0.55
2020;2845;Diepflingen;Steuerfuss_natürliche_Personen_Prozent;65.0
2020;2845;Diepflingen;Steuersatz_Ertrag_juristische_Personen_Prozent;4.5
2020;2845;Diepflingen;Steuersatz_Kapital_juristische_Personen_Promille;0.55
2020;2846;Gelterkinden;Steuerfuss_natürliche_Personen_Prozent;59.0
2020;2846;Gelterkinden;Steuersatz_Ertrag_juristische_Personen_Prozent;3.8
2020;2846;Gelterkinden;Steuersatz_Kapital_juristische_Personen_Promille;0.55
2020;2847;Häfelfingen;Steuerfuss_natürliche_Personen_Prozent;61.0
2020;2847;Häfelfingen;Steuersatz_Ertrag_juristische_Personen_Prozent;4.0
2020;2847;Häfelfingen;Steuersatz_Kapital_juristische_Personen_Promille;0.55
2020;2848;Hemmiken;Steuerfuss_natürliche_Personen_Prozent;67.0
2020;2848;Hemmiken;Steuersatz_Ertrag_juristische_Personen_Prozent;4.5
2020;2848;Hemmiken;Steuersatz_Kapital_juristische_Personen_Promille;0.55
2020;2849;Itingen;Steuerfuss_natürliche_Personen_Prozent;63.0
2020;2849;Itingen;Steuersatz_Ertrag_juristische_Personen_Prozent;4.2
2020;2849;Itingen;Steuersatz_Kapital_juristische_Personen_Promille;0.55
2020;2850;Känerkinden;Steuerfuss_natürliche_Personen_Prozent;63.0
2020;2850;Känerkinden;Steuersatz_Ertrag_juristische_Personen_Prozent;4.0
2020;2850;Känerkinden;Steuersatz_Kapital_juristische_Personen_Promille;0.55
2020;2851;Kilchberg;Steuerfuss_natürliche_Personen_Prozent;64.0
2020;2851;Kilchberg;Steuersatz_Ertrag_juristische_Personen_Prozent;4.5
2020;2851;Kilchberg;Steuersatz_Kapital_juristische_Personen_Promille;0.55
2020;2852;Läufelfingen;Steuerfuss_natürliche_Personen_Prozent;64.2
2020;2852;Läufelfingen;Steuersatz_Ertrag_juristische_Personen_Prozent;2.5
2020;2852;Läufelfingen;Steuersatz_Kapital_juristische_Personen_Promille;0.55
2020;2853;Maisprach;Steuerfuss_natürliche_Personen_Prozent;58.0
2020;2853;Maisprach;Steuersatz_Ertrag_juristische_Personen_Prozent;4.5
2020;2853;Maisprach;Steuersatz_Kapital_juristische_Personen_Promille;0.55
2020;2854;Nusshof;Steuerfuss_natürliche_Personen_Prozent;57.0
2020;2854;Nusshof;Steuersatz_Ertrag_juristische_Personen_Prozent;4.5
2020;2854;Nusshof;Steuersatz_Kapital_juristische_Personen_Promille;0.55
2020;2855;Oltingen;Steuerfuss_natürliche_Personen_Prozent;64.0
2020;2855;Oltingen;Steuersatz_Ertrag_juristische_Personen_Prozent;4.5
2020;2855;Oltingen;Steuersatz_Kapital_juristische_Personen_Promille;0.55
2020;2856;Ormalingen;Steuerfuss_natürliche_Personen_Prozent;59.0
2020;2856;Ormalingen;Steuersatz_Ertrag_juristische_Personen_Prozent;5.0
2020;2856;Ormalingen;Steuersatz_Kapital_juristische_Personen_Promille;0.55
2020;2857;Rickenbach;Steuerfuss_natürliche_Personen_Prozent;62.0
2020;2857;Rickenbach;Steuersatz_Ertrag_juristische_Personen_Prozent;4.5
2020;2857;Rickenbach;Steuersatz_Kapital_juristische_Personen_Promille;0.55
2020;2858;Rothenfluh;Steuerfuss_natürliche_Personen_Prozent;62.0
2020;2858;Rothenfluh;Steuersatz_Ertrag_juristische_Personen_Prozent;5.0
2020;2858;Rothenfluh;Steuersatz_Kapital_juristische_Personen_Promille;0.55
2020;2859;Rümlingen;Steuerfuss_natürliche_Personen_Prozent;63.0
2020;2859;Rümlingen;Steuersatz_Ertrag_juristische_Personen_Prozent;4.5
2020;2859;Rümlingen;Steuersatz_Kapital_juristische_Personen_Promille;0.55
2020;2860;Rünenberg;Steuerfuss_natürliche_Personen_Prozent;60.0
2020;2860;Rünenberg;Steuersatz_Ertrag_juristische_Personen_Prozent;4.0
2020;2860;Rünenberg;Steuersatz_Kapital_juristische_Personen_Promille;0.55
2020;2861;Sissach;Steuerfuss_natürliche_Personen_Prozent;57.0
2020;2861;Sissach;Steuersatz_Ertrag_juristische_Personen_Prozent;4.0
2020;2861;Sissach;Steuersatz_Kapital_juristische_Personen_Promille;0.55
2020;2862;Tecknau;Steuerfuss_natürliche_Personen_Prozent;60.0
2020;2862;Tecknau;Steuersatz_Ertrag_juristische_Personen_Prozent;4.1
2020;2862;Tecknau;Steuersatz_Kapital_juristische_Personen_Promille;0.55
2020;2863;Tenniken;Steuerfuss_natürliche_Personen_Prozent;60.0
2020;2863;Tenniken;Steuersatz_Ertrag_juristische_Personen_Prozent;4.5
2020;2863;Tenniken;Steuersatz_Kapital_juristische_Personen_Promille;0.55
2020;2864;Thürnen;Steuerfuss_natürliche_Personen_Prozent;51.0
2020;2864;Thürnen;Steuersatz_Ertrag_juristische_Personen_Prozent;4.0
2020;2864;Thürnen;Steuersatz_Kapital_juristische_Personen_Promille;0.55
2020;2865;Wenslingen;Steuerfuss_natürliche_Personen_Prozent;58.0
2020;2865;Wenslingen;Steuersatz_Ertrag_juristische_Personen_Prozent;4.5
2020;2865;Wenslingen;Steuersatz_Kapital_juristische_Personen_Promille;0.55
2020;2866;Wintersingen;Steuerfuss_natürliche_Personen_Prozent;57.0
2020;2866;Wintersingen;Steuersatz_Ertrag_juristische_Personen_Prozent;4.5
2020;2866;Wintersingen;Steuersatz_Kapital_juristische_Personen_Promille;0.55
2020;2867;Wittinsburg;Steuerfuss_natürliche_Personen_Prozent;65.0
2020;2867;Wittinsburg;Steuersatz_Ertrag_juristische_Personen_Prozent;4.5
2020;2867;Wittinsburg;Steuersatz_Kapital_juristische_Personen_Promille;0.55
2020;2868;Zeglingen;Steuerfuss_natürliche_Personen_Prozent;64.0
2020;2868;Zeglingen;Steuersatz_Ertrag_juristische_Personen_Prozent;4.5
2020;2868;Zeglingen;Steuersatz_Kapital_juristische_Personen_Promille;0.55
2020;2869;Zunzgen;Steuerfuss_natürliche_Personen_Prozent;53.0
2020;2869;Zunzgen;Steuersatz_Ertrag_juristische_Personen_Prozent;4.0
2020;2869;Zunzgen;Steuersatz_Kapital_juristische_Personen_Promille;0.55
2020;2881;Arboldswil;Steuerfuss_natürliche_Personen_Prozent;60.0
2020;2881;Arboldswil;Steuersatz_Ertrag_juristische_Personen_Prozent;4.5
2020;2881;Arboldswil;Steuersatz_Kapital_juristische_Personen_Promille;0.55
2020;2882;Bennwil;Steuerfuss_natürliche_Personen_Prozent;64.0
2020;2882;Bennwil;Steuersatz_Ertrag_juristische_Personen_Prozent;4.0
2020;2882;Bennwil;Steuersatz_Kapital_juristische_Personen_Promille;0.55
2020;2883;Bretzwil;Steuerfuss_natürliche_Personen_Prozent;58.0
2020;2883;Bretzwil;Steuersatz_Ertrag_juristische_Personen_Prozent;4.0
2020;2883;Bretzwil;Steuersatz_Kapital_juristische_Personen_Promille;0.55
2020;2884;Diegten;Steuerfuss_natürliche_Personen_Prozent;56.0
2020;2884;Diegten;Steuersatz_Ertrag_juristische_Personen_Prozent;4.0
2020;2884;Diegten;Steuersatz_Kapital_juristische_Personen_Promille;0.55
2020;2885;Eptingen;Steuerfuss_natürliche_Personen_Prozent;65.0
2020;2885;Eptingen;Steuersatz_Ertrag_juristische_Personen_Prozent;4.5
2020;2885;Eptingen;Steuersatz_Kapital_juristische_Personen_Promille;0.55
2020;2886;Hölstein;Steuerfuss_natürliche_Personen_Prozent;63.0
2020;2886;Hölstein;Steuersatz_Ertrag_juristische_Personen_Prozent;4.0
2020;2886;Hölstein;Steuersatz_Kapital_juristische_Personen_Promille;0.55
2020;2887;Lampenberg;Steuerfuss_natürliche_Personen_Prozent;62.0
2020;2887;Lampenberg;Steuersatz_Ertrag_juristische_Personen_Prozent;3.0
2020;2887;Lampenberg;Steuersatz_Kapital_juristische_Personen_Promille;0.55
2020;2888;Langenbruck;Steuerfuss_natürliche_Personen_Prozent;54.0
2020;2888;Langenbruck;Steuersatz_Ertrag_juristische_Personen_Prozent;4.5
2020;2888;Langenbruck;Steuersatz_Kapital_juristische_Personen_Promille;0.55
2020;2889;Lauwil;Steuerfuss_natürliche_Personen_Prozent;60.0
2020;2889;Lauwil;Steuersatz_Ertrag_juristische_Personen_Prozent;4.5
2020;2889;Lauwil;Steuersatz_Kapital_juristische_Personen_Promille;0.55
2020;2890;Liedertswil;Steuerfuss_natürliche_Personen_Prozent;55.0
2020;2890;Liedertswil;Steuersatz_Ertrag_juristische_Personen_Prozent;4.5
2020;2890;Liedertswil;Steuersatz_Kapital_juristische_Personen_Promille;0.55
2020;2891;Niederdorf;Steuerfuss_natürliche_Personen_Prozent;64.0
2020;2891;Niederdorf;Steuersatz_Ertrag_juristische_Personen_Prozent;4.5
2020;2891;Niederdorf;Steuersatz_Kapital_juristische_Personen_Promille;0.55
2020;2892;Oberdorf;Steuerfuss_natürliche_Personen_Prozent;65.0
2020;2892;Oberdorf;Steuersatz_Ertrag_juristische_Personen_Prozent;5.0
2020;2892;Oberdorf;Steuersatz_Kapital_juristische_Personen_Promille;0.55
2020;2893;Reigoldswil;Steuerfuss_natürliche_Personen_Prozent;64.0
2020;2893;Reigoldswil;Steuersatz_Ertrag_juristische_Personen_Prozent;4.5
2020;2893;Reigoldswil;Steuersatz_Kapital_juristische_Personen_Promille;0.55
2020;2894;Titterten;Steuerfuss_natürliche_Personen_Prozent;65.0
2020;2894;Titterten;Steuersatz_Ertrag_juristische_Personen_Prozent;4.5
2020;2894;Titterten;Steuersatz_Kapital_juristische_Personen_Promille;0.55
2020;2895;Waldenburg;Steuerfuss_natürliche_Personen_Prozent;69.5
2020;2895;Waldenburg;Steuersatz_Ertrag_juristische_Personen_Prozent;4.75
2020;2895;Waldenburg;Steuersatz_Kapital_juristische_Personen_Promille;0.55
2019;2761;Aesch;Steuerfuss_natürliche_Personen_Prozent;56.0
2019;2761;Aesch;Steuersatz_Ertrag_juristische_Personen_Prozent;4.9
2019;2761;Aesch;Steuersatz_Kapital_juristische_Personen_Promille;2.75
2019;2762;Allschwil;Steuerfuss_natürliche_Personen_Prozent;58.0
2019;2762;Allschwil;Steuersatz_Ertrag_juristische_Personen_Prozent;5.0
2019;2762;Allschwil;Steuersatz_Kapital_juristische_Personen_Promille;2.75
2019;2763;Arlesheim;Steuerfuss_natürliche_Personen_Prozent;45.0
2019;2763;Arlesheim;Steuersatz_Ertrag_juristische_Personen_Prozent;4.0
2019;2763;Arlesheim;Steuersatz_Kapital_juristische_Personen_Promille;2.75
2019;2764;Biel-Benken;Steuerfuss_natürliche_Personen_Prozent;46.0
2019;2764;Biel-Benken;Steuersatz_Ertrag_juristische_Personen_Prozent;3.5
2019;2764;Biel-Benken;Steuersatz_Kapital_juristische_Personen_Promille;2.0
2019;2765;Binningen;Steuerfuss_natürliche_Personen_Prozent;48.0
2019;2765;Binningen;Steuersatz_Ertrag_juristische_Personen_Prozent;2.0
2019;2765;Binningen;Steuersatz_Kapital_juristische_Personen_Promille;1.75
2019;2766;Birsfelden;Steuerfuss_natürliche_Personen_Prozent;62.0
2019;2766;Birsfelden;Steuersatz_Ertrag_juristische_Personen_Prozent;5.0
2019;2766;Birsfelden;Steuersatz_Kapital_juristische_Personen_Promille;2.75
2019;2767;Bottmingen;Steuerfuss_natürliche_Personen_Prozent;45.0
2019;2767;Bottmingen;Steuersatz_Ertrag_juristische_Personen_Prozent;2.0
2019;2767;Bottmingen;Steuersatz_Kapital_juristische_Personen_Promille;2.75
2019;2768;Ettingen;Steuerfuss_natürliche_Personen_Prozent;61.0
2019;2768;Ettingen;Steuersatz_Ertrag_juristische_Personen_Prozent;4.5
2019;2768;Ettingen;Steuersatz_Kapital_juristische_Personen_Promille;2.75
2019;2769;Münchenstein;Steuerfuss_natürliche_Personen_Prozent;59.0
2019;2769;Münchenstein;Steuersatz_Ertrag_juristische_Personen_Prozent;5.0
2019;2769;Münchenstein;Steuersatz_Kapital_juristische_Personen_Promille;2.75
2019;2770;Muttenz;Steuerfuss_natürliche_Personen_Prozent;56.0
2019;2770;Muttenz;Steuersatz_Ertrag_juristische_Personen_Prozent;5.0
2019;2770;Muttenz;Steuersatz_Kapital_juristische_Personen_Promille;2.75
2019;2771;Oberwil;Steuerfuss_natürliche_Personen_Prozent;48.0
2019;2771;Oberwil;Steuersatz_Ertrag_juristische_Personen_Prozent;4.0
2019;2771;Oberwil;Steuersatz_Kapital_juristische_Personen_Promille;2.75
2019;2772;Pfeffingen;Steuerfuss_natürliche_Personen_Prozent;45.0
2019;2772;Pfeffingen;Steuersatz_Ertrag_juristische_Personen_Prozent;4.4
2019;2772;Pfeffingen;Steuersatz_Kapital_juristische_Personen_Promille;2.5
2019;2773;Reinach;Steuerfuss_natürliche_Personen_Prozent;52.5
2019;2773;Reinach;Steuersatz_Ertrag_juristische_Personen_Prozent;4.8
2019;2773;Reinach;Steuersatz_Kapital_juristische_Personen_Promille;2.75
2019;2774;Schönenbuch;Steuerfuss_natürliche_Personen_Prozent;54.0
2019;2774;Schönenbuch;Steuersatz_Ertrag_juristische_Personen_Prozent;3.0
2019;2774;Schönenbuch;Steuersatz_Kapital_juristische_Personen_Promille;2.5
2019;2775;Therwil;Steuerfuss_natürliche_Personen_Prozent;52.0
2019;2775;Therwil;Steuersatz_Ertrag_juristische_Personen_Prozent;4.7
2019;2775;Therwil;Steuersatz_Kapital_juristische_Personen_Promille;2.75
2019;2781;Blauen;Steuerfuss_natürliche_Personen_Prozent;59.5
2019;2781;Blauen;Steuersatz_Ertrag_juristische_Personen_Prozent;4.0
2019;2781;Blauen;Steuersatz_Kapital_juristische_Personen_Promille;2.75
2019;2782;Brislach;Steuerfuss_natürliche_Personen_Prozent;57.0
2019;2782;Brislach;Steuersatz_Ertrag_juristische_Personen_Prozent;4.5
2019;2782;Brislach;Steuersatz_Kapital_juristische_Personen_Promille;2.75
2019;2783;Burg i.L.;Steuerfuss_natürliche_Personen_Prozent;68.0
2019;2783;Burg i.L.;Steuersatz_Ertrag_juristische_Personen_Prozent;3.0
2019;2783;Burg i.L.;Steuersatz_Kapital_juristische_Personen_Promille;2.75
2019;2784;Dittingen;Steuerfuss_natürliche_Personen_Prozent;66.0
2019;2784;Dittingen;Steuersatz_Ertrag_juristische_Personen_Prozent;5.0
2019;2784;Dittingen;Steuersatz_Kapital_juristische_Personen_Promille;2.75
2019;2785;Duggingen;Steuerfuss_natürliche_Personen_Prozent;56.0
2019;2785;Duggingen;Steuersatz_Ertrag_juristische_Personen_Prozent;4.5
2019;2785;Duggingen;Steuersatz_Kapital_juristische_Personen_Promille;2.75
2019;2786;Grellingen;Steuerfuss_natürliche_Personen_Prozent;67.0
2019;2786;Grellingen;Steuersatz_Ertrag_juristische_Personen_Prozent;4.5
2019;2786;Grellingen;Steuersatz_Kapital_juristische_Personen_Promille;2.75
2019;2787;Laufen;Steuerfuss_natürliche_Personen_Prozent;59.0
2019;2787;Laufen;Steuersatz_Ertrag_juristische_Personen_Prozent;4.5
2019;2787;Laufen;Steuersatz_Kapital_juristische_Personen_Promille;2.75
2019;2788;Liesberg;Steuerfuss_natürliche_Personen_Prozent;61.0
2019;2788;Liesberg;Steuersatz_Ertrag_juristische_Personen_Prozent;4.3
2019;2788;Liesberg;Steuersatz_Kapital_juristische_Personen_Promille;2.75
2019;2789;Nenzlingen;Steuerfuss_natürliche_Personen_Prozent;62.5
2019;2789;Nenzlingen;Steuersatz_Ertrag_juristische_Personen_Prozent;4.5
2019;2789;Nenzlingen;Steuersatz_Kapital_juristische_Personen_Promille;2.75
2019;2790;Roggenburg;Steuerfuss_natürliche_Personen_Prozent;64.0
2019;2790;Roggenburg;Steuersatz_Ertrag_juristische_Personen_Prozent;4.5
2019;2790;Roggenburg;Steuersatz_Kapital_juristische_Personen_Promille;2.75
2019;2791;Röschenz;Steuerfuss_natürliche_Personen_Prozent;54.0
2019;2791;Röschenz;Steuersatz_Ertrag_juristische_Personen_Prozent;3.5
2019;2791;Röschenz;Steuersatz_Kapital_juristische_Personen_Promille;2.75
2019;2792;Wahlen;Steuerfuss_natürliche_Personen_Prozent;56.0
2019;2792;Wahlen;Steuersatz_Ertrag_juristische_Personen_Prozent;4.3
2019;2792;Wahlen;Steuersatz_Kapital_juristische_Personen_Promille;2.75
2019;2793;Zwingen;Steuerfuss_natürliche_Personen_Prozent;59.0
2019;2793;Zwingen;Steuersatz_Ertrag_juristische_Personen_Prozent;4.2
2019;2793;Zwingen;Steuersatz_Kapital_juristische_Personen_Promille;2.75
2019;2821;Arisdorf;Steuerfuss_natürliche_Personen_Prozent;59.0
2019;2821;Arisdorf;Steuersatz_Ertrag_juristische_Personen_Prozent;4.5
2019;2821;Arisdorf;Steuersatz_Kapital_juristische_Personen_Promille;2.75
2019;2822;Augst;Steuerfuss_natürliche_Personen_Prozent;53.0
2019;2822;Augst;Steuersatz_Ertrag_juristische_Personen_Prozent;4.2
2019;2822;Augst;Steuersatz_Kapital_juristische_Personen_Promille;2.75
2019;2823;Bubendorf;Steuerfuss_natürliche_Personen_Prozent;60.0
2019;2823;Bubendorf;Steuersatz_Ertrag_juristische_Personen_Prozent;4.4
2019;2823;Bubendorf;Steuersatz_Kapital_juristische_Personen_Promille;2.75
2019;2824;Frenkendorf;Steuerfuss_natürliche_Personen_Prozent;57.0
2019;2824;Frenkendorf;Steuersatz_Ertrag_juristische_Personen_Prozent;4.5
2019;2824;Frenkendorf;Steuersatz_Kapital_juristische_Personen_Promille;2.75
2019;2825;Füllinsdorf;Steuerfuss_natürliche_Personen_Prozent;60.0
2019;2825;Füllinsdorf;Steuersatz_Ertrag_juristische_Personen_Prozent;5.0
2019;2825;Füllinsdorf;Steuersatz_Kapital_juristische_Personen_Promille;2.75
2019;2826;Giebenach;Steuerfuss_natürliche_Personen_Prozent;57.0
2019;2826;Giebenach;Steuersatz_Ertrag_juristische_Personen_Prozent;2.0
2019;2826;Giebenach;Steuersatz_Kapital_juristische_Personen_Promille;2.75
2019;2827;Hersberg;Steuerfuss_natürliche_Personen_Prozent;55.0
2019;2827;Hersberg;Steuersatz_Ertrag_juristische_Personen_Prozent;4.5
2019;2827;Hersberg;Steuersatz_Kapital_juristische_Personen_Promille;2.75
2019;2828;Lausen;Steuerfuss_natürliche_Personen_Prozent;55.0
2019;2828;Lausen;Steuersatz_Ertrag_juristische_Personen_Prozent;3.7
2019;2828;Lausen;Steuersatz_Kapital_juristische_Personen_Promille;2.75
2019;2829;Liestal;Steuerfuss_natürliche_Personen_Prozent;65.0
2019;2829;Liestal;Steuersatz_Ertrag_juristische_Personen_Prozent;5.0
2019;2829;Liestal;Steuersatz_Kapital_juristische_Personen_Promille;2.75
2019;2830;Lupsingen;Steuerfuss_natürliche_Personen_Prozent;58.0
2019;2830;Lupsingen;Steuersatz_Ertrag_juristische_Personen_Prozent;3.5
2019;2830;Lupsingen;Steuersatz_Kapital_juristische_Personen_Promille;2.75
2019;2831;Pratteln;Steuerfuss_natürliche_Personen_Prozent;58.5
2019;2831;Pratteln;Steuersatz_Ertrag_juristische_Personen_Prozent;4.95
2019;2831;Pratteln;Steuersatz_Kapital_juristische_Personen_Promille;2.75
2019;2832;Ramlinsburg;Steuerfuss_natürliche_Personen_Prozent;58.0
2019;2832;Ramlinsburg;Steuersatz_Ertrag_juristische_Personen_Prozent;3.5
2019;2832;Ramlinsburg;Steuersatz_Kapital_juristische_Personen_Promille;2.0
2019;2833;Seltisberg;Steuerfuss_natürliche_Personen_Prozent;52.0
2019;2833;Seltisberg;Steuersatz_Ertrag_juristische_Personen_Prozent;4.0
2019;2833;Seltisberg;Steuersatz_Kapital_juristische_Personen_Promille;2.75
2019;2834;Ziefen;Steuerfuss_natürliche_Personen_Prozent;63.0
2019;2834;Ziefen;Steuersatz_Ertrag_juristische_Personen_Prozent;5.0
2019;2834;Ziefen;Steuersatz_Kapital_juristische_Personen_Promille;2.75
2019;2841;Anwil;Steuerfuss_natürliche_Personen_Prozent;63.0
2019;2841;Anwil;Steuersatz_Ertrag_juristische_Personen_Prozent;4.5
2019;2841;Anwil;Steuersatz_Kapital_juristische_Personen_Promille;2.75
2019;2842;Böckten;Steuerfuss_natürliche_Personen_Prozent;59.0
2019;2842;Böckten;Steuersatz_Ertrag_juristische_Personen_Prozent;4.5
2019;2842;Böckten;Steuersatz_Kapital_juristische_Personen_Promille;2.75
2019;2843;Buckten;Steuerfuss_natürliche_Personen_Prozent;64.0
2019;2843;Buckten;Steuersatz_Ertrag_juristische_Personen_Prozent;4.5
2019;2843;Buckten;Steuersatz_Kapital_juristische_Personen_Promille;2.75
2019;2844;Buus;Steuerfuss_natürliche_Personen_Prozent;60.0
2019;2844;Buus;Steuersatz_Ertrag_juristische_Personen_Prozent;4.5
2019;2844;Buus;Steuersatz_Kapital_juristische_Personen_Promille;2.75
2019;2845;Diepflingen;Steuerfuss_natürliche_Personen_Prozent;65.0
2019;2845;Diepflingen;Steuersatz_Ertrag_juristische_Personen_Prozent;4.5
2019;2845;Diepflingen;Steuersatz_Kapital_juristische_Personen_Promille;2.75
2019;2846;Gelterkinden;Steuerfuss_natürliche_Personen_Prozent;59.0
2019;2846;Gelterkinden;Steuersatz_Ertrag_juristische_Personen_Prozent;3.8
2019;2846;Gelterkinden;Steuersatz_Kapital_juristische_Personen_Promille;2.25
2019;2847;Häfelfingen;Steuerfuss_natürliche_Personen_Prozent;61.0
2019;2847;Häfelfingen;Steuersatz_Ertrag_juristische_Personen_Prozent;4.0
2019;2847;Häfelfingen;Steuersatz_Kapital_juristische_Personen_Promille;2.75
2019;2848;Hemmiken;Steuerfuss_natürliche_Personen_Prozent;67.0
2019;2848;Hemmiken;Steuersatz_Ertrag_juristische_Personen_Prozent;4.5
2019;2848;Hemmiken;Steuersatz_Kapital_juristische_Personen_Promille;2.5
2019;2849;Itingen;Steuerfuss_natürliche_Personen_Prozent;63.0
2019;2849;Itingen;Steuersatz_Ertrag_juristische_Personen_Prozent;4.2
2019;2849;Itingen;Steuersatz_Kapital_juristische_Personen_Promille;2.75
2019;2850;Känerkinden;Steuerfuss_natürliche_Personen_Prozent;63.0
2019;2850;Känerkinden;Steuersatz_Ertrag_juristische_Personen_Prozent;4.0
2019;2850;Känerkinden;Steuersatz_Kapital_juristische_Personen_Promille;2.75
2019;2851;Kilchberg;Steuerfuss_natürliche_Personen_Prozent;64.0
2019;2851;Kilchberg;Steuersatz_Ertrag_juristische_Personen_Prozent;4.5
2019;2851;Kilchberg;Steuersatz_Kapital_juristische_Personen_Promille;2.75
2019;2852;Läufelfingen;Steuerfuss_natürliche_Personen_Prozent;64.2
2019;2852;Läufelfingen;Steuersatz_Ertrag_juristische_Personen_Prozent;2.5
2019;2852;Läufelfingen;Steuersatz_Kapital_juristische_Personen_Promille;2.5
2019;2853;Maisprach;Steuerfuss_natürliche_Personen_Prozent;58.0
2019;2853;Maisprach;Steuersatz_Ertrag_juristische_Personen_Prozent;4.5
2019;2853;Maisprach;Steuersatz_Kapital_juristische_Personen_Promille;2.75
2019;2854;Nusshof;Steuerfuss_natürliche_Personen_Prozent;55.0
2019;2854;Nusshof;Steuersatz_Ertrag_juristische_Personen_Prozent;4.5
2019;2854;Nusshof;Steuersatz_Kapital_juristische_Personen_Promille;2.75
2019;2855;Oltingen;Steuerfuss_natürliche_Personen_Prozent;64.0
2019;2855;Oltingen;Steuersatz_Ertrag_juristische_Personen_Prozent;4.5
2019;2855;Oltingen;Steuersatz_Kapital_juristische_Personen_Promille;2.75
2019;2856;Ormalingen;Steuerfuss_natürliche_Personen_Prozent;59.0
2019;2856;Ormalingen;Steuersatz_Ertrag_juristische_Personen_Prozent;5.0
2019;2856;Ormalingen;Steuersatz_Kapital_juristische_Personen_Promille;2.75
2019;2857;Rickenbach;Steuerfuss_natürliche_Personen_Prozent;62.0
2019;2857;Rickenbach;Steuersatz_Ertrag_juristische_Personen_Prozent;4.5
2019;2857;Rickenbach;Steuersatz_Kapital_juristische_Personen_Promille;2.75
2019;2858;Rothenfluh;Steuerfuss_natürliche_Personen_Prozent;62.0
2019;2858;Rothenfluh;Steuersatz_Ertrag_juristische_Personen_Prozent;5.0
2019;2858;Rothenfluh;Steuersatz_Kapital_juristische_Personen_Promille;2.75
2019;2859;Rümlingen;Steuerfuss_natürliche_Personen_Prozent;63.0
2019;2859;Rümlingen;Steuersatz_Ertrag_juristische_Personen_Prozent;4.5
2019;2859;Rümlingen;Steuersatz_Kapital_juristische_Personen_Promille;2.75
2019;2860;Rünenberg;Steuerfuss_natürliche_Personen_Prozent;64.0
2019;2860;Rünenberg;Steuersatz_Ertrag_juristische_Personen_Prozent;4.0
2019;2860;Rünenberg;Steuersatz_Kapital_juristische_Personen_Promille;2.75
2019;2861;Sissach;Steuerfuss_natürliche_Personen_Prozent;57.0
2019;2861;Sissach;Steuersatz_Ertrag_juristische_Personen_Prozent;4.0
2019;2861;Sissach;Steuersatz_Kapital_juristische_Personen_Promille;2.75
2019;2862;Tecknau;Steuerfuss_natürliche_Personen_Prozent;60.0
2019;2862;Tecknau;Steuersatz_Ertrag_juristische_Personen_Prozent;4.1
2019;2862;Tecknau;Steuersatz_Kapital_juristische_Personen_Promille;2.75
2019;2863;Tenniken;Steuerfuss_natürliche_Personen_Prozent;60.0
2019;2863;Tenniken;Steuersatz_Ertrag_juristische_Personen_Prozent;4.5
2019;2863;Tenniken;Steuersatz_Kapital_juristische_Personen_Promille;2.75
2019;2864;Thürnen;Steuerfuss_natürliche_Personen_Prozent;51.0
2019;2864;Thürnen;Steuersatz_Ertrag_juristische_Personen_Prozent;4.0
2019;2864;Thürnen;Steuersatz_Kapital_juristische_Personen_Promille;2.75
2019;2865;Wenslingen;Steuerfuss_natürliche_Personen_Prozent;58.0
2019;2865;Wenslingen;Steuersatz_Ertrag_juristische_Personen_Prozent;4.5
2019;2865;Wenslingen;Steuersatz_Kapital_juristische_Personen_Promille;2.75
2019;2866;Wintersingen;Steuerfuss_natürliche_Personen_Prozent;57.0
2019;2866;Wintersingen;Steuersatz_Ertrag_juristische_Personen_Prozent;4.5
2019;2866;Wintersingen;Steuersatz_Kapital_juristische_Personen_Promille;2.75
2019;2867;Wittinsburg;Steuerfuss_natürliche_Personen_Prozent;65.0
2019;2867;Wittinsburg;Steuersatz_Ertrag_juristische_Personen_Prozent;4.5
2019;2867;Wittinsburg;Steuersatz_Kapital_juristische_Personen_Promille;2.75
2019;2868;Zeglingen;Steuerfuss_natürliche_Personen_Prozent;66.0
2019;2868;Zeglingen;Steuersatz_Ertrag_juristische_Personen_Prozent;4.5
2019;2868;Zeglingen;Steuersatz_Kapital_juristische_Personen_Promille;2.75
2019;2869;Zunzgen;Steuerfuss_natürliche_Personen_Prozent;53.0
2019;2869;Zunzgen;Steuersatz_Ertrag_juristische_Personen_Prozent;4.0
2019;2869;Zunzgen;Steuersatz_Kapital_juristische_Personen_Promille;2.0
2019;2881;Arboldswil;Steuerfuss_natürliche_Personen_Prozent;60.0
2019;2881;Arboldswil;Steuersatz_Ertrag_juristische_Personen_Prozent;4.5
2019;2881;Arboldswil;Steuersatz_Kapital_juristische_Personen_Promille;2.75
2019;2882;Bennwil;Steuerfuss_natürliche_Personen_Prozent;64.0
2019;2882;Bennwil;Steuersatz_Ertrag_juristische_Personen_Prozent;4.0
2019;2882;Bennwil;Steuersatz_Kapital_juristische_Personen_Promille;2.75
2019;2883;Bretzwil;Steuerfuss_natürliche_Personen_Prozent;58.0
2019;2883;Bretzwil;Steuersatz_Ertrag_juristische_Personen_Prozent;4.0
2019;2883;Bretzwil;Steuersatz_Kapital_juristische_Personen_Promille;2.75
2019;2884;Diegten;Steuerfuss_natürliche_Personen_Prozent;56.0
2019;2884;Diegten;Steuersatz_Ertrag_juristische_Personen_Prozent;4.0
2019;2884;Diegten;Steuersatz_Kapital_juristische_Personen_Promille;2.75
2019;2885;Eptingen;Steuerfuss_natürliche_Personen_Prozent;65.0
2019;2885;Eptingen;Steuersatz_Ertrag_juristische_Personen_Prozent;4.5
2019;2885;Eptingen;Steuersatz_Kapital_juristische_Personen_Promille;2.75
2019;2886;Hölstein;Steuerfuss_natürliche_Personen_Prozent;63.0
2019;2886;Hölstein;Steuersatz_Ertrag_juristische_Personen_Prozent;4.0
2019;2886;Hölstein;Steuersatz_Kapital_juristische_Personen_Promille;2.5
2019;2887;Lampenberg;Steuerfuss_natürliche_Personen_Prozent;62.0
2019;2887;Lampenberg;Steuersatz_Ertrag_juristische_Personen_Prozent;3.0
2019;2887;Lampenberg;Steuersatz_Kapital_juristische_Personen_Promille;2.0
2019;2888;Langenbruck;Steuerfuss_natürliche_Personen_Prozent;54.0
2019;2888;Langenbruck;Steuersatz_Ertrag_juristische_Personen_Prozent;4.5
2019;2888;Langenbruck;Steuersatz_Kapital_juristische_Personen_Promille;2.75
2019;2889;Lauwil;Steuerfuss_natürliche_Personen_Prozent;60.0
2019;2889;Lauwil;Steuersatz_Ertrag_juristische_Personen_Prozent;4.5
2019;2889;Lauwil;Steuersatz_Kapital_juristische_Personen_Promille;2.75
2019;2890;Liedertswil;Steuerfuss_natürliche_Personen_Prozent;55.0
2019;2890;Liedertswil;Steuersatz_Ertrag_juristische_Personen_Prozent;4.5
2019;2890;Liedertswil;Steuersatz_Kapital_juristische_Personen_Promille;2.75
2019;2891;Niederdorf;Steuerfuss_natürliche_Personen_Prozent;64.0
2019;2891;Niederdorf;Steuersatz_Ertrag_juristische_Personen_Prozent;4.5
2019;2891;Niederdorf;Steuersatz_Kapital_juristische_Personen_Promille;2.5
2019;2892;Oberdorf;Steuerfuss_natürliche_Personen_Prozent;60.0
2019;2892;Oberdorf;Steuersatz_Ertrag_juristische_Personen_Prozent;5.0
2019;2892;Oberdorf;Steuersatz_Kapital_juristische_Personen_Promille;2.75
2019;2893;Reigoldswil;Steuerfuss_natürliche_Personen_Prozent;64.0
2019;2893;Reigoldswil;Steuersatz_Ertrag_juristische_Personen_Prozent;4.5
2019;2893;Reigoldswil;Steuersatz_Kapital_juristische_Personen_Promille;2.75
2019;2894;Titterten;Steuerfuss_natürliche_Personen_Prozent;65.0
2019;2894;Titterten;Steuersatz_Ertrag_juristische_Personen_Prozent;4.5
2019;2894;Titterten;Steuersatz_Kapital_juristische_Personen_Promille;2.75
2019;2895;Waldenburg;Steuerfuss_natürliche_Personen_Prozent;69.5
2019;2895;Waldenburg;Steuersatz_Ertrag_juristische_Personen_Prozent;4.75
2019;2895;Waldenburg;Steuersatz_Kapital_juristische_Personen_Promille;2.75
2018;2761;Aesch;Steuerfuss_natürliche_Personen_Prozent;56.0
2018;2761;Aesch;Steuersatz_Ertrag_juristische_Personen_Prozent;4.9
2018;2761;Aesch;Steuersatz_Kapital_juristische_Personen_Promille;2.75
2018;2762;Allschwil;Steuerfuss_natürliche_Personen_Prozent;58.0
2018;2762;Allschwil;Steuersatz_Ertrag_juristische_Personen_Prozent;5.0
2018;2762;Allschwil;Steuersatz_Kapital_juristische_Personen_Promille;2.75
2018;2763;Arlesheim;Steuerfuss_natürliche_Personen_Prozent;45.0
2018;2763;Arlesheim;Steuersatz_Ertrag_juristische_Personen_Prozent;4.0
2018;2763;Arlesheim;Steuersatz_Kapital_juristische_Personen_Promille;2.75
2018;2764;Biel-Benken;Steuerfuss_natürliche_Personen_Prozent;46.0
2018;2764;Biel-Benken;Steuersatz_Ertrag_juristische_Personen_Prozent;3.5
2018;2764;Biel-Benken;Steuersatz_Kapital_juristische_Personen_Promille;2.0
2018;2765;Binningen;Steuerfuss_natürliche_Personen_Prozent;48.0
2018;2765;Binningen;Steuersatz_Ertrag_juristische_Personen_Prozent;2.0
2018;2765;Binningen;Steuersatz_Kapital_juristische_Personen_Promille;1.75
2018;2766;Birsfelden;Steuerfuss_natürliche_Personen_Prozent;62.0
2018;2766;Birsfelden;Steuersatz_Ertrag_juristische_Personen_Prozent;5.0
2018;2766;Birsfelden;Steuersatz_Kapital_juristische_Personen_Promille;2.75
2018;2767;Bottmingen;Steuerfuss_natürliche_Personen_Prozent;45.0
2018;2767;Bottmingen;Steuersatz_Ertrag_juristische_Personen_Prozent;2.0
2018;2767;Bottmingen;Steuersatz_Kapital_juristische_Personen_Promille;2.75
2018;2768;Ettingen;Steuerfuss_natürliche_Personen_Prozent;61.0
2018;2768;Ettingen;Steuersatz_Ertrag_juristische_Personen_Prozent;4.5
2018;2768;Ettingen;Steuersatz_Kapital_juristische_Personen_Promille;2.75
2018;2769;Münchenstein;Steuerfuss_natürliche_Personen_Prozent;61.0
2018;2769;Münchenstein;Steuersatz_Ertrag_juristische_Personen_Prozent;5.0
2018;2769;Münchenstein;Steuersatz_Kapital_juristische_Personen_Promille;2.75
2018;2770;Muttenz;Steuerfuss_natürliche_Personen_Prozent;56.0
2018;2770;Muttenz;Steuersatz_Ertrag_juristische_Personen_Prozent;5.0
2018;2770;Muttenz;Steuersatz_Kapital_juristische_Personen_Promille;2.75
2018;2771;Oberwil;Steuerfuss_natürliche_Personen_Prozent;48.0
2018;2771;Oberwil;Steuersatz_Ertrag_juristische_Personen_Prozent;4.0
2018;2771;Oberwil;Steuersatz_Kapital_juristische_Personen_Promille;2.75
2018;2772;Pfeffingen;Steuerfuss_natürliche_Personen_Prozent;45.0
2018;2772;Pfeffingen;Steuersatz_Ertrag_juristische_Personen_Prozent;4.4
2018;2772;Pfeffingen;Steuersatz_Kapital_juristische_Personen_Promille;2.5
2018;2773;Reinach;Steuerfuss_natürliche_Personen_Prozent;52.5
2018;2773;Reinach;Steuersatz_Ertrag_juristische_Personen_Prozent;4.8
2018;2773;Reinach;Steuersatz_Kapital_juristische_Personen_Promille;2.75
2018;2774;Schönenbuch;Steuerfuss_natürliche_Personen_Prozent;54.0
2018;2774;Schönenbuch;Steuersatz_Ertrag_juristische_Personen_Prozent;3.0
2018;2774;Schönenbuch;Steuersatz_Kapital_juristische_Personen_Promille;2.5
2018;2775;Therwil;Steuerfuss_natürliche_Personen_Prozent;52.0
2018;2775;Therwil;Steuersatz_Ertrag_juristische_Personen_Prozent;4.7
2018;2775;Therwil;Steuersatz_Kapital_juristische_Personen_Promille;2.75
2018;2781;Blauen;Steuerfuss_natürliche_Personen_Prozent;63.0
2018;2781;Blauen;Steuersatz_Ertrag_juristische_Personen_Prozent;4.0
2018;2781;Blauen;Steuersatz_Kapital_juristische_Personen_Promille;2.75
2018;2782;Brislach;Steuerfuss_natürliche_Personen_Prozent;57.0
2018;2782;Brislach;Steuersatz_Ertrag_juristische_Personen_Prozent;4.5
2018;2782;Brislach;Steuersatz_Kapital_juristische_Personen_Promille;2.75
2018;2783;Burg i.L.;Steuerfuss_natürliche_Personen_Prozent;68.0
2018;2783;Burg i.L.;Steuersatz_Ertrag_juristische_Personen_Prozent;3.0
2018;2783;Burg i.L.;Steuersatz_Kapital_juristische_Personen_Promille;2.75
2018;2784;Dittingen;Steuerfuss_natürliche_Personen_Prozent;66.0
2018;2784;Dittingen;Steuersatz_Ertrag_juristische_Personen_Prozent;5.0
2018;2784;Dittingen;Steuersatz_Kapital_juristische_Personen_Promille;2.75
2018;2785;Duggingen;Steuerfuss_natürliche_Personen_Prozent;56.0
2018;2785;Duggingen;Steuersatz_Ertrag_juristische_Personen_Prozent;4.5
2018;2785;Duggingen;Steuersatz_Kapital_juristische_Personen_Promille;2.75
2018;2786;Grellingen;Steuerfuss_natürliche_Personen_Prozent;67.0
2018;2786;Grellingen;Steuersatz_Ertrag_juristische_Personen_Prozent;4.5
2018;2786;Grellingen;Steuersatz_Kapital_juristische_Personen_Promille;2.75
2018;2787;Laufen;Steuerfuss_natürliche_Personen_Prozent;59.0
2018;2787;Laufen;Steuersatz_Ertrag_juristische_Personen_Prozent;4.5
2018;2787;Laufen;Steuersatz_Kapital_juristische_Personen_Promille;2.75
2018;2788;Liesberg;Steuerfuss_natürliche_Personen_Prozent;61.0
2018;2788;Liesberg;Steuersatz_Ertrag_juristische_Personen_Prozent;4.3
2018;2788;Liesberg;Steuersatz_Kapital_juristische_Personen_Promille;2.75
2018;2789;Nenzlingen;Steuerfuss_natürliche_Personen_Prozent;62.5
2018;2789;Nenzlingen;Steuersatz_Ertrag_juristische_Personen_Prozent;4.5
2018;2789;Nenzlingen;Steuersatz_Kapital_juristische_Personen_Promille;2.75
2018;2790;Roggenburg;Steuerfuss_natürliche_Personen_Prozent;64.0
2018;2790;Roggenburg;Steuersatz_Ertrag_juristische_Personen_Prozent;4.5
2018;2790;Roggenburg;Steuersatz_Kapital_juristische_Personen_Promille;2.75
2018;2791;Röschenz;Steuerfuss_natürliche_Personen_Prozent;58.0
2018;2791;Röschenz;Steuersatz_Ertrag_juristische_Personen_Prozent;3.5
2018;2791;Röschenz;Steuersatz_Kapital_juristische_Personen_Promille;2.75
2018;2792;Wahlen;Steuerfuss_natürliche_Personen_Prozent;56.0
2018;2792;Wahlen;Steuersatz_Ertrag_juristische_Personen_Prozent;4.3
2018;2792;Wahlen;Steuersatz_Kapital_juristische_Personen_Promille;2.75
2018;2793;Zwingen;Steuerfuss_natürliche_Personen_Prozent;59.0
2018;2793;Zwingen;Steuersatz_Ertrag_juristische_Personen_Prozent;4.2
2018;2793;Zwingen;Steuersatz_Kapital_juristische_Personen_Promille;2.75
2018;2821;Arisdorf;Steuerfuss_natürliche_Personen_Prozent;59.0
2018;2821;Arisdorf;Steuersatz_Ertrag_juristische_Personen_Prozent;4.5
2018;2821;Arisdorf;Steuersatz_Kapital_juristische_Personen_Promille;2.75
2018;2822;Augst;Steuerfuss_natürliche_Personen_Prozent;53.0
2018;2822;Augst;Steuersatz_Ertrag_juristische_Personen_Prozent;4.2
2018;2822;Augst;Steuersatz_Kapital_juristische_Personen_Promille;2.75
2018;2823;Bubendorf;Steuerfuss_natürliche_Personen_Prozent;60.0
2018;2823;Bubendorf;Steuersatz_Ertrag_juristische_Personen_Prozent;4.4
2018;2823;Bubendorf;Steuersatz_Kapital_juristische_Personen_Promille;2.75
2018;2824;Frenkendorf;Steuerfuss_natürliche_Personen_Prozent;57.0
2018;2824;Frenkendorf;Steuersatz_Ertrag_juristische_Personen_Prozent;4.5
2018;2824;Frenkendorf;Steuersatz_Kapital_juristische_Personen_Promille;2.75
2018;2825;Füllinsdorf;Steuerfuss_natürliche_Personen_Prozent;60.0
2018;2825;Füllinsdorf;Steuersatz_Ertrag_juristische_Personen_Prozent;5.0
2018;2825;Füllinsdorf;Steuersatz_Kapital_juristische_Personen_Promille;2.75
2018;2826;Giebenach;Steuerfuss_natürliche_Personen_Prozent;57.0
2018;2826;Giebenach;Steuersatz_Ertrag_juristische_Personen_Prozent;2.0
2018;2826;Giebenach;Steuersatz_Kapital_juristische_Personen_Promille;2.75
2018;2827;Hersberg;Steuerfuss_natürliche_Personen_Prozent;55.0
2018;2827;Hersberg;Steuersatz_Ertrag_juristische_Personen_Prozent;4.5
2018;2827;Hersberg;Steuersatz_Kapital_juristische_Personen_Promille;2.75
2018;2828;Lausen;Steuerfuss_natürliche_Personen_Prozent;55.0
2018;2828;Lausen;Steuersatz_Ertrag_juristische_Personen_Prozent;3.7
2018;2828;Lausen;Steuersatz_Kapital_juristische_Personen_Promille;2.75
2018;2829;Liestal;Steuerfuss_natürliche_Personen_Prozent;65.0
2018;2829;Liestal;Steuersatz_Ertrag_juristische_Personen_Prozent;5.0
2018;2829;Liestal;Steuersatz_Kapital_juristische_Personen_Promille;2.75
2018;2830;Lupsingen;Steuerfuss_natürliche_Personen_Prozent;58.0
2018;2830;Lupsingen;Steuersatz_Ertrag_juristische_Personen_Prozent;3.5
2018;2830;Lupsingen;Steuersatz_Kapital_juristische_Personen_Promille;2.75
2018;2831;Pratteln;Steuerfuss_natürliche_Personen_Prozent;58.5
2018;2831;Pratteln;Steuersatz_Ertrag_juristische_Personen_Prozent;4.95
2018;2831;Pratteln;Steuersatz_Kapital_juristische_Personen_Promille;2.75
2018;2832;Ramlinsburg;Steuerfuss_natürliche_Personen_Prozent;58.0
2018;2832;Ramlinsburg;Steuersatz_Ertrag_juristische_Personen_Prozent;3.5
2018;2832;Ramlinsburg;Steuersatz_Kapital_juristische_Personen_Promille;2.0
2018;2833;Seltisberg;Steuerfuss_natürliche_Personen_Prozent;52.0
2018;2833;Seltisberg;Steuersatz_Ertrag_juristische_Personen_Prozent;4.0
2018;2833;Seltisberg;Steuersatz_Kapital_juristische_Personen_Promille;2.75
2018;2834;Ziefen;Steuerfuss_natürliche_Personen_Prozent;63.0
2018;2834;Ziefen;Steuersatz_Ertrag_juristische_Personen_Prozent;5.0
2018;2834;Ziefen;Steuersatz_Kapital_juristische_Personen_Promille;2.75
2018;2841;Anwil;Steuerfuss_natürliche_Personen_Prozent;63.0
2018;2841;Anwil;Steuersatz_Ertrag_juristische_Personen_Prozent;4.5
2018;2841;Anwil;Steuersatz_Kapital_juristische_Personen_Promille;2.75
2018;2842;Böckten;Steuerfuss_natürliche_Personen_Prozent;59.0
2018;2842;Böckten;Steuersatz_Ertrag_juristische_Personen_Prozent;4.5
2018;2842;Böckten;Steuersatz_Kapital_juristische_Personen_Promille;2.75
2018;2843;Buckten;Steuerfuss_natürliche_Personen_Prozent;64.0
2018;2843;Buckten;Steuersatz_Ertrag_juristische_Personen_Prozent;4.5
2018;2843;Buckten;Steuersatz_Kapital_juristische_Personen_Promille;2.75
2018;2844;Buus;Steuerfuss_natürliche_Personen_Prozent;60.0
2018;2844;Buus;Steuersatz_Ertrag_juristische_Personen_Prozent;4.5
2018;2844;Buus;Steuersatz_Kapital_juristische_Personen_Promille;2.75
2018;2845;Diepflingen;Steuerfuss_natürliche_Personen_Prozent;65.0
2018;2845;Diepflingen;Steuersatz_Ertrag_juristische_Personen_Prozent;4.5
2018;2845;Diepflingen;Steuersatz_Kapital_juristische_Personen_Promille;2.75
2018;2846;Gelterkinden;Steuerfuss_natürliche_Personen_Prozent;59.0
2018;2846;Gelterkinden;Steuersatz_Ertrag_juristische_Personen_Prozent;3.8
2018;2846;Gelterkinden;Steuersatz_Kapital_juristische_Personen_Promille;2.25
2018;2847;Häfelfingen;Steuerfuss_natürliche_Personen_Prozent;61.0
2018;2847;Häfelfingen;Steuersatz_Ertrag_juristische_Personen_Prozent;4.0
2018;2847;Häfelfingen;Steuersatz_Kapital_juristische_Personen_Promille;2.75
2018;2848;Hemmiken;Steuerfuss_natürliche_Personen_Prozent;67.0
2018;2848;Hemmiken;Steuersatz_Ertrag_juristische_Personen_Prozent;4.5
2018;2848;Hemmiken;Steuersatz_Kapital_juristische_Personen_Promille;2.5
2018;2849;Itingen;Steuerfuss_natürliche_Personen_Prozent;63.0
2018;2849;Itingen;Steuersatz_Ertrag_juristische_Personen_Prozent;4.2
2018;2849;Itingen;Steuersatz_Kapital_juristische_Personen_Promille;2.75
2018;2850;Känerkinden;Steuerfuss_natürliche_Personen_Prozent;63.0
2018;2850;Känerkinden;Steuersatz_Ertrag_juristische_Personen_Prozent;4.0
2018;2850;Känerkinden;Steuersatz_Kapital_juristische_Personen_Promille;2.75
2018;2851;Kilchberg;Steuerfuss_natürliche_Personen_Prozent;64.0
2018;2851;Kilchberg;Steuersatz_Ertrag_juristische_Personen_Prozent;4.5
2018;2851;Kilchberg;Steuersatz_Kapital_juristische_Personen_Promille;2.75
2018;2852;Läufelfingen;Steuerfuss_natürliche_Personen_Prozent;64.2
2018;2852;Läufelfingen;Steuersatz_Ertrag_juristische_Personen_Prozent;2.5
2018;2852;Läufelfingen;Steuersatz_Kapital_juristische_Personen_Promille;2.5
2018;2853;Maisprach;Steuerfuss_natürliche_Personen_Prozent;60.0
2018;2853;Maisprach;Steuersatz_Ertrag_juristische_Personen_Prozent;4.5
2018;2853;Maisprach;Steuersatz_Kapital_juristische_Personen_Promille;2.75
2018;2854;Nusshof;Steuerfuss_natürliche_Personen_Prozent;55.0
2018;2854;Nusshof;Steuersatz_Ertrag_juristische_Personen_Prozent;4.5
2018;2854;Nusshof;Steuersatz_Kapital_juristische_Personen_Promille;2.75
2018;2855;Oltingen;Steuerfuss_natürliche_Personen_Prozent;64.0
2018;2855;Oltingen;Steuersatz_Ertrag_juristische_Personen_Prozent;4.5
2018;2855;Oltingen;Steuersatz_Kapital_juristische_Personen_Promille;2.75
2018;2856;Ormalingen;Steuerfuss_natürliche_Personen_Prozent;61.0
2018;2856;Ormalingen;Steuersatz_Ertrag_juristische_Personen_Prozent;5.0
2018;2856;Ormalingen;Steuersatz_Kapital_juristische_Personen_Promille;2.75
2018;2857;Rickenbach;Steuerfuss_natürliche_Personen_Prozent;62.0
2018;2857;Rickenbach;Steuersatz_Ertrag_juristische_Personen_Prozent;4.5
2018;2857;Rickenbach;Steuersatz_Kapital_juristische_Personen_Promille;2.75
2018;2858;Rothenfluh;Steuerfuss_natürliche_Personen_Prozent;62.0
2018;2858;Rothenfluh;Steuersatz_Ertrag_juristische_Personen_Prozent;5.0
2018;2858;Rothenfluh;Steuersatz_Kapital_juristische_Personen_Promille;2.75
2018;2859;Rümlingen;Steuerfuss_natürliche_Personen_Prozent;63.0
2018;2859;Rümlingen;Steuersatz_Ertrag_juristische_Personen_Prozent;4.5
2018;2859;Rümlingen;Steuersatz_Kapital_juristische_Personen_Promille;2.75
2018;2860;Rünenberg;Steuerfuss_natürliche_Personen_Prozent;64.0
2018;2860;Rünenberg;Steuersatz_Ertrag_juristische_Personen_Prozent;4.0
2018;2860;Rünenberg;Steuersatz_Kapital_juristische_Personen_Promille;2.75
2018;2861;Sissach;Steuerfuss_natürliche_Personen_Prozent;57.0
2018;2861;Sissach;Steuersatz_Ertrag_juristische_Personen_Prozent;4.0
2018;2861;Sissach;Steuersatz_Kapital_juristische_Personen_Promille;2.75
2018;2862;Tecknau;Steuerfuss_natürliche_Personen_Prozent;60.0
2018;2862;Tecknau;Steuersatz_Ertrag_juristische_Personen_Prozent;4.1
2018;2862;Tecknau;Steuersatz_Kapital_juristische_Personen_Promille;2.75
2018;2863;Tenniken;Steuerfuss_natürliche_Personen_Prozent;60.0
2018;2863;Tenniken;Steuersatz_Ertrag_juristische_Personen_Prozent;4.5
2018;2863;Tenniken;Steuersatz_Kapital_juristische_Personen_Promille;2.75
2018;2864;Thürnen;Steuerfuss_natürliche_Personen_Prozent;51.0
2018;2864;Thürnen;Steuersatz_Ertrag_juristische_Personen_Prozent;4.0
2018;2864;Thürnen;Steuersatz_Kapital_juristische_Personen_Promille;2.75
2018;2865;Wenslingen;Steuerfuss_natürliche_Personen_Prozent;58.0
2018;2865;Wenslingen;Steuersatz_Ertrag_juristische_Personen_Prozent;4.5
2018;2865;Wenslingen;Steuersatz_Kapital_juristische_Personen_Promille;2.75
2018;2866;Wintersingen;Steuerfuss_natürliche_Personen_Prozent;59.0
2018;2866;Wintersingen;Steuersatz_Ertrag_juristische_Personen_Prozent;4.5
2018;2866;Wintersingen;Steuersatz_Kapital_juristische_Personen_Promille;2.75
2018;2867;Wittinsburg;Steuerfuss_natürliche_Personen_Prozent;65.0
2018;2867;Wittinsburg;Steuersatz_Ertrag_juristische_Personen_Prozent;4.5
2018;2867;Wittinsburg;Steuersatz_Kapital_juristische_Personen_Promille;2.75
2018;2868;Zeglingen;Steuerfuss_natürliche_Personen_Prozent;66.0
2018;2868;Zeglingen;Steuersatz_Ertrag_juristische_Personen_Prozent;4.5
2018;2868;Zeglingen;Steuersatz_Kapital_juristische_Personen_Promille;2.75
2018;2869;Zunzgen;Steuerfuss_natürliche_Personen_Prozent;53.0
2018;2869;Zunzgen;Steuersatz_Ertrag_juristische_Personen_Prozent;4.0
2018;2869;Zunzgen;Steuersatz_Kapital_juristische_Personen_Promille;2.0
2018;2881;Arboldswil;Steuerfuss_natürliche_Personen_Prozent;60.0
2018;2881;Arboldswil;Steuersatz_Ertrag_juristische_Personen_Prozent;4.5
2018;2881;Arboldswil;Steuersatz_Kapital_juristische_Personen_Promille;2.75
2018;2882;Bennwil;Steuerfuss_natürliche_Personen_Prozent;64.0
2018;2882;Bennwil;Steuersatz_Ertrag_juristische_Personen_Prozent;4.0
2018;2882;Bennwil;Steuersatz_Kapital_juristische_Personen_Promille;2.75
2018;2883;Bretzwil;Steuerfuss_natürliche_Personen_Prozent;58.0
2018;2883;Bretzwil;Steuersatz_Ertrag_juristische_Personen_Prozent;4.0
2018;2883;Bretzwil;Steuersatz_Kapital_juristische_Personen_Promille;2.75
2018;2884;Diegten;Steuerfuss_natürliche_Personen_Prozent;56.0
2018;2884;Diegten;Steuersatz_Ertrag_juristische_Personen_Prozent;4.0
2018;2884;Diegten;Steuersatz_Kapital_juristische_Personen_Promille;2.75
2018;2885;Eptingen;Steuerfuss_natürliche_Personen_Prozent;65.0
2018;2885;Eptingen;Steuersatz_Ertrag_juristische_Personen_Prozent;4.5
2018;2885;Eptingen;Steuersatz_Kapital_juristische_Personen_Promille;2.75
2018;2886;Hölstein;Steuerfuss_natürliche_Personen_Prozent;63.0
2018;2886;Hölstein;Steuersatz_Ertrag_juristische_Personen_Prozent;4.0
2018;2886;Hölstein;Steuersatz_Kapital_juristische_Personen_Promille;2.5
2018;2887;Lampenberg;Steuerfuss_natürliche_Personen_Prozent;62.0
2018;2887;Lampenberg;Steuersatz_Ertrag_juristische_Personen_Prozent;3.0
2018;2887;Lampenberg;Steuersatz_Kapital_juristische_Personen_Promille;2.0
2018;2888;Langenbruck;Steuerfuss_natürliche_Personen_Prozent;54.0
2018;2888;Langenbruck;Steuersatz_Ertrag_juristische_Personen_Prozent;4.5
2018;2888;Langenbruck;Steuersatz_Kapital_juristische_Personen_Promille;2.75
2018;2889;Lauwil;Steuerfuss_natürliche_Personen_Prozent;60.0
2018;2889;Lauwil;Steuersatz_Ertrag_juristische_Personen_Prozent;4.5
2018;2889;Lauwil;Steuersatz_Kapital_juristische_Personen_Promille;2.75
2018;2890;Liedertswil;Steuerfuss_natürliche_Personen_Prozent;55.0
2018;2890;Liedertswil;Steuersatz_Ertrag_juristische_Personen_Prozent;4.5
2018;2890;Liedertswil;Steuersatz_Kapital_juristische_Personen_Promille;2.75
2018;2891;Niederdorf;Steuerfuss_natürliche_Personen_Prozent;64.0
2018;2891;Niederdorf;Steuersatz_Ertrag_juristische_Personen_Prozent;4.5
2018;2891;Niederdorf;Steuersatz_Kapital_juristische_Personen_Promille;2.5
2018;2892;Oberdorf;Steuerfuss_natürliche_Personen_Prozent;60.0
2018;2892;Oberdorf;Steuersatz_Ertrag_juristische_Personen_Prozent;5.0
2018;2892;Oberdorf;Steuersatz_Kapital_juristische_Personen_Promille;2.75
2018;2893;Reigoldswil;Steuerfuss_natürliche_Personen_Prozent;64.0
2018;2893;Reigoldswil;Steuersatz_Ertrag_juristische_Personen_Prozent;4.5
2018;2893;Reigoldswil;Steuersatz_Kapital_juristische_Personen_Promille;2.75
2018;2894;Titterten;Steuerfuss_natürliche_Personen_Prozent;65.0
2018;2894;Titterten;Steuersatz_Ertrag_juristische_Personen_Prozent;4.5
2018;2894;Titterten;Steuersatz_Kapital_juristische_Personen_Promille;2.75
2018;2895;Waldenburg;Steuerfuss_natürliche_Personen_Prozent;69.5
2018;2895;Waldenburg;Steuersatz_Ertrag_juristische_Personen_Prozent;4.75
2018;2895;Waldenburg;Steuersatz_Kapital_juristische_Personen_Promille;2.75
2017;2761;Aesch;Steuerfuss_natürliche_Personen_Prozent;56.0
2017;2761;Aesch;Steuersatz_Ertrag_juristische_Personen_Prozent;4.9
2017;2761;Aesch;Steuersatz_Kapital_juristische_Personen_Promille;2.75
2017;2762;Allschwil;Steuerfuss_natürliche_Personen_Prozent;58.0
2017;2762;Allschwil;Steuersatz_Ertrag_juristische_Personen_Prozent;5.0
2017;2762;Allschwil;Steuersatz_Kapital_juristische_Personen_Promille;2.75
2017;2763;Arlesheim;Steuerfuss_natürliche_Personen_Prozent;45.0
2017;2763;Arlesheim;Steuersatz_Ertrag_juristische_Personen_Prozent;4.0
2017;2763;Arlesheim;Steuersatz_Kapital_juristische_Personen_Promille;2.75
2017;2764;Biel-Benken;Steuerfuss_natürliche_Personen_Prozent;46.0
2017;2764;Biel-Benken;Steuersatz_Ertrag_juristische_Personen_Prozent;3.5
2017;2764;Biel-Benken;Steuersatz_Kapital_juristische_Personen_Promille;2.0
2017;2765;Binningen;Steuerfuss_natürliche_Personen_Prozent;48.0
2017;2765;Binningen;Steuersatz_Ertrag_juristische_Personen_Prozent;2.0
2017;2765;Binningen;Steuersatz_Kapital_juristische_Personen_Promille;1.75
2017;2766;Birsfelden;Steuerfuss_natürliche_Personen_Prozent;62.0
2017;2766;Birsfelden;Steuersatz_Ertrag_juristische_Personen_Prozent;5.0
2017;2766;Birsfelden;Steuersatz_Kapital_juristische_Personen_Promille;2.75
2017;2767;Bottmingen;Steuerfuss_natürliche_Personen_Prozent;45.0
2017;2767;Bottmingen;Steuersatz_Ertrag_juristische_Personen_Prozent;2.0
2017;2767;Bottmingen;Steuersatz_Kapital_juristische_Personen_Promille;2.75
2017;2768;Ettingen;Steuerfuss_natürliche_Personen_Prozent;61.0
2017;2768;Ettingen;Steuersatz_Ertrag_juristische_Personen_Prozent;4.5
2017;2768;Ettingen;Steuersatz_Kapital_juristische_Personen_Promille;2.75
2017;2769;Münchenstein;Steuerfuss_natürliche_Personen_Prozent;61.0
2017;2769;Münchenstein;Steuersatz_Ertrag_juristische_Personen_Prozent;5.0
2017;2769;Münchenstein;Steuersatz_Kapital_juristische_Personen_Promille;2.75
2017;2770;Muttenz;Steuerfuss_natürliche_Personen_Prozent;56.0
2017;2770;Muttenz;Steuersatz_Ertrag_juristische_Personen_Prozent;5.0
2017;2770;Muttenz;Steuersatz_Kapital_juristische_Personen_Promille;2.75
2017;2771;Oberwil;Steuerfuss_natürliche_Personen_Prozent;48.0
2017;2771;Oberwil;Steuersatz_Ertrag_juristische_Personen_Prozent;4.0
2017;2771;Oberwil;Steuersatz_Kapital_juristische_Personen_Promille;2.75
2017;2772;Pfeffingen;Steuerfuss_natürliche_Personen_Prozent;45.0
2017;2772;Pfeffingen;Steuersatz_Ertrag_juristische_Personen_Prozent;4.4
2017;2772;Pfeffingen;Steuersatz_Kapital_juristische_Personen_Promille;2.5
2017;2773;Reinach;Steuerfuss_natürliche_Personen_Prozent;52.5
2017;2773;Reinach;Steuersatz_Ertrag_juristische_Personen_Prozent;4.8
2017;2773;Reinach;Steuersatz_Kapital_juristische_Personen_Promille;2.75
2017;2774;Schönenbuch;Steuerfuss_natürliche_Personen_Prozent;56.0
2017;2774;Schönenbuch;Steuersatz_Ertrag_juristische_Personen_Prozent;4.0
2017;2774;Schönenbuch;Steuersatz_Kapital_juristische_Personen_Promille;2.5
2017;2775;Therwil;Steuerfuss_natürliche_Personen_Prozent;52.0
2017;2775;Therwil;Steuersatz_Ertrag_juristische_Personen_Prozent;4.7
2017;2775;Therwil;Steuersatz_Kapital_juristische_Personen_Promille;2.75
2017;2781;Blauen;Steuerfuss_natürliche_Personen_Prozent;63.0
2017;2781;Blauen;Steuersatz_Ertrag_juristische_Personen_Prozent;4.0
2017;2781;Blauen;Steuersatz_Kapital_juristische_Personen_Promille;2.75
2017;2782;Brislach;Steuerfuss_natürliche_Personen_Prozent;57.0
2017;2782;Brislach;Steuersatz_Ertrag_juristische_Personen_Prozent;4.5
2017;2782;Brislach;Steuersatz_Kapital_juristische_Personen_Promille;2.75
2017;2783;Burg i.L.;Steuerfuss_natürliche_Personen_Prozent;68.0
2017;2783;Burg i.L.;Steuersatz_Ertrag_juristische_Personen_Prozent;3.0
2017;2783;Burg i.L.;Steuersatz_Kapital_juristische_Personen_Promille;2.75
2017;2784;Dittingen;Steuerfuss_natürliche_Personen_Prozent;66.0
2017;2784;Dittingen;Steuersatz_Ertrag_juristische_Personen_Prozent;5.0
2017;2784;Dittingen;Steuersatz_Kapital_juristische_Personen_Promille;2.75
2017;2785;Duggingen;Steuerfuss_natürliche_Personen_Prozent;59.0
2017;2785;Duggingen;Steuersatz_Ertrag_juristische_Personen_Prozent;4.5
2017;2785;Duggingen;Steuersatz_Kapital_juristische_Personen_Promille;2.75
2017;2786;Grellingen;Steuerfuss_natürliche_Personen_Prozent;67.0
2017;2786;Grellingen;Steuersatz_Ertrag_juristische_Personen_Prozent;4.5
2017;2786;Grellingen;Steuersatz_Kapital_juristische_Personen_Promille;2.75
2017;2787;Laufen;Steuerfuss_natürliche_Personen_Prozent;59.0
2017;2787;Laufen;Steuersatz_Ertrag_juristische_Personen_Prozent;4.5
2017;2787;Laufen;Steuersatz_Kapital_juristische_Personen_Promille;2.75
2017;2788;Liesberg;Steuerfuss_natürliche_Personen_Prozent;61.0
2017;2788;Liesberg;Steuersatz_Ertrag_juristische_Personen_Prozent;4.3
2017;2788;Liesberg;Steuersatz_Kapital_juristische_Personen_Promille;2.75
2017;2789;Nenzlingen;Steuerfuss_natürliche_Personen_Prozent;62.5
2017;2789;Nenzlingen;Steuersatz_Ertrag_juristische_Personen_Prozent;4.5
2017;2789;Nenzlingen;Steuersatz_Kapital_juristische_Personen_Promille;2.75
2017;2790;Roggenburg;Steuerfuss_natürliche_Personen_Prozent;64.0
2017;2790;Roggenburg;Steuersatz_Ertrag_juristische_Personen_Prozent;4.5
2017;2790;Roggenburg;Steuersatz_Kapital_juristische_Personen_Promille;2.75
2017;2791;Röschenz;Steuerfuss_natürliche_Personen_Prozent;58.0
2017;2791;Röschenz;Steuersatz_Ertrag_juristische_Personen_Prozent;3.5
2017;2791;Röschenz;Steuersatz_Kapital_juristische_Personen_Promille;2.75
2017;2792;Wahlen;Steuerfuss_natürliche_Personen_Prozent;56.0
2017;2792;Wahlen;Steuersatz_Ertrag_juristische_Personen_Prozent;4.3
2017;2792;Wahlen;Steuersatz_Kapital_juristische_Personen_Promille;2.75
2017;2793;Zwingen;Steuerfuss_natürliche_Personen_Prozent;59.0
2017;2793;Zwingen;Steuersatz_Ertrag_juristische_Personen_Prozent;4.2
2017;2793;Zwingen;Steuersatz_Kapital_juristische_Personen_Promille;2.75
2017;2821;Arisdorf;Steuerfuss_natürliche_Personen_Prozent;59.0
2017;2821;Arisdorf;Steuersatz_Ertrag_juristische_Personen_Prozent;4.5
2017;2821;Arisdorf;Steuersatz_Kapital_juristische_Personen_Promille;2.75
2017;2822;Augst;Steuerfuss_natürliche_Personen_Prozent;53.0
2017;2822;Augst;Steuersatz_Ertrag_juristische_Personen_Prozent;4.2
2017;2822;Augst;Steuersatz_Kapital_juristische_Personen_Promille;2.75
2017;2823;Bubendorf;Steuerfuss_natürliche_Personen_Prozent;63.0
2017;2823;Bubendorf;Steuersatz_Ertrag_juristische_Personen_Prozent;4.4
2017;2823;Bubendorf;Steuersatz_Kapital_juristische_Personen_Promille;2.75
2017;2824;Frenkendorf;Steuerfuss_natürliche_Personen_Prozent;57.0
2017;2824;Frenkendorf;Steuersatz_Ertrag_juristische_Personen_Prozent;4.5
2017;2824;Frenkendorf;Steuersatz_Kapital_juristische_Personen_Promille;2.75
2017;2825;Füllinsdorf;Steuerfuss_natürliche_Personen_Prozent;60.0
2017;2825;Füllinsdorf;Steuersatz_Ertrag_juristische_Personen_Prozent;5.0
2017;2825;Füllinsdorf;Steuersatz_Kapital_juristische_Personen_Promille;2.75
2017;2826;Giebenach;Steuerfuss_natürliche_Personen_Prozent;57.0
2017;2826;Giebenach;Steuersatz_Ertrag_juristische_Personen_Prozent;2.0
2017;2826;Giebenach;Steuersatz_Kapital_juristische_Personen_Promille;2.75
2017;2827;Hersberg;Steuerfuss_natürliche_Personen_Prozent;55.0
2017;2827;Hersberg;Steuersatz_Ertrag_juristische_Personen_Prozent;4.5
2017;2827;Hersberg;Steuersatz_Kapital_juristische_Personen_Promille;2.75
2017;2828;Lausen;Steuerfuss_natürliche_Personen_Prozent;55.0
2017;2828;Lausen;Steuersatz_Ertrag_juristische_Personen_Prozent;3.7
2017;2828;Lausen;Steuersatz_Kapital_juristische_Personen_Promille;2.75
2017;2829;Liestal;Steuerfuss_natürliche_Personen_Prozent;65.0
2017;2829;Liestal;Steuersatz_Ertrag_juristische_Personen_Prozent;5.0
2017;2829;Liestal;Steuersatz_Kapital_juristische_Personen_Promille;2.75
2017;2830;Lupsingen;Steuerfuss_natürliche_Personen_Prozent;58.0
2017;2830;Lupsingen;Steuersatz_Ertrag_juristische_Personen_Prozent;3.5
2017;2830;Lupsingen;Steuersatz_Kapital_juristische_Personen_Promille;2.75
2017;2831;Pratteln;Steuerfuss_natürliche_Personen_Prozent;58.5
2017;2831;Pratteln;Steuersatz_Ertrag_juristische_Personen_Prozent;4.95
2017;2831;Pratteln;Steuersatz_Kapital_juristische_Personen_Promille;2.75
2017;2832;Ramlinsburg;Steuerfuss_natürliche_Personen_Prozent;61.0
2017;2832;Ramlinsburg;Steuersatz_Ertrag_juristische_Personen_Prozent;3.5
2017;2832;Ramlinsburg;Steuersatz_Kapital_juristische_Personen_Promille;2.0
2017;2833;Seltisberg;Steuerfuss_natürliche_Personen_Prozent;52.0
2017;2833;Seltisberg;Steuersatz_Ertrag_juristische_Personen_Prozent;4.0
2017;2833;Seltisberg;Steuersatz_Kapital_juristische_Personen_Promille;2.75
2017;2834;Ziefen;Steuerfuss_natürliche_Personen_Prozent;63.0
2017;2834;Ziefen;Steuersatz_Ertrag_juristische_Personen_Prozent;5.0
2017;2834;Ziefen;Steuersatz_Kapital_juristische_Personen_Promille;2.75
2017;2841;Anwil;Steuerfuss_natürliche_Personen_Prozent;63.0
2017;2841;Anwil;Steuersatz_Ertrag_juristische_Personen_Prozent;4.5
2017;2841;Anwil;Steuersatz_Kapital_juristische_Personen_Promille;2.75
2017;2842;Böckten;Steuerfuss_natürliche_Personen_Prozent;59.0
2017;2842;Böckten;Steuersatz_Ertrag_juristische_Personen_Prozent;4.5
2017;2842;Böckten;Steuersatz_Kapital_juristische_Personen_Promille;2.75
2017;2843;Buckten;Steuerfuss_natürliche_Personen_Prozent;64.0
2017;2843;Buckten;Steuersatz_Ertrag_juristische_Personen_Prozent;4.5
2017;2843;Buckten;Steuersatz_Kapital_juristische_Personen_Promille;2.75
2017;2844;Buus;Steuerfuss_natürliche_Personen_Prozent;60.0
2017;2844;Buus;Steuersatz_Ertrag_juristische_Personen_Prozent;4.5
2017;2844;Buus;Steuersatz_Kapital_juristische_Personen_Promille;2.75
2017;2845;Diepflingen;Steuerfuss_natürliche_Personen_Prozent;65.0
2017;2845;Diepflingen;Steuersatz_Ertrag_juristische_Personen_Prozent;4.5
2017;2845;Diepflingen;Steuersatz_Kapital_juristische_Personen_Promille;2.75
2017;2846;Gelterkinden;Steuerfuss_natürliche_Personen_Prozent;59.0
2017;2846;Gelterkinden;Steuersatz_Ertrag_juristische_Personen_Prozent;3.8
2017;2846;Gelterkinden;Steuersatz_Kapital_juristische_Personen_Promille;2.25
2017;2847;Häfelfingen;Steuerfuss_natürliche_Personen_Prozent;61.0
2017;2847;Häfelfingen;Steuersatz_Ertrag_juristische_Personen_Prozent;4.0
2017;2847;Häfelfingen;Steuersatz_Kapital_juristische_Personen_Promille;2.75
2017;2848;Hemmiken;Steuerfuss_natürliche_Personen_Prozent;68.0
2017;2848;Hemmiken;Steuersatz_Ertrag_juristische_Personen_Prozent;4.5
2017;2848;Hemmiken;Steuersatz_Kapital_juristische_Personen_Promille;2.5
2017;2849;Itingen;Steuerfuss_natürliche_Personen_Prozent;63.0
2017;2849;Itingen;Steuersatz_Ertrag_juristische_Personen_Prozent;4.2
2017;2849;Itingen;Steuersatz_Kapital_juristische_Personen_Promille;2.75
2017;2850;Känerkinden;Steuerfuss_natürliche_Personen_Prozent;63.0
2017;2850;Känerkinden;Steuersatz_Ertrag_juristische_Personen_Prozent;4.0
2017;2850;Känerkinden;Steuersatz_Kapital_juristische_Personen_Promille;2.75
2017;2851;Kilchberg;Steuerfuss_natürliche_Personen_Prozent;64.0
2017;2851;Kilchberg;Steuersatz_Ertrag_juristische_Personen_Prozent;4.5
2017;2851;Kilchberg;Steuersatz_Kapital_juristische_Personen_Promille;2.75
2017;2852;Läufelfingen;Steuerfuss_natürliche_Personen_Prozent;64.2
2017;2852;Läufelfingen;Steuersatz_Ertrag_juristische_Personen_Prozent;2.5
2017;2852;Läufelfingen;Steuersatz_Kapital_juristische_Personen_Promille;2.5
2017;2853;Maisprach;Steuerfuss_natürliche_Personen_Prozent;62.0
2017;2853;Maisprach;Steuersatz_Ertrag_juristische_Personen_Prozent;4.5
2017;2853;Maisprach;Steuersatz_Kapital_juristische_Personen_Promille;2.75
2017;2854;Nusshof;Steuerfuss_natürliche_Personen_Prozent;55.0
2017;2854;Nusshof;Steuersatz_Ertrag_juristische_Personen_Prozent;4.5
2017;2854;Nusshof;Steuersatz_Kapital_juristische_Personen_Promille;2.75
2017;2855;Oltingen;Steuerfuss_natürliche_Personen_Prozent;64.0
2017;2855;Oltingen;Steuersatz_Ertrag_juristische_Personen_Prozent;4.5
2017;2855;Oltingen;Steuersatz_Kapital_juristische_Personen_Promille;2.75
2017;2856;Ormalingen;Steuerfuss_natürliche_Personen_Prozent;61.0
2017;2856;Ormalingen;Steuersatz_Ertrag_juristische_Personen_Prozent;5.0
2017;2856;Ormalingen;Steuersatz_Kapital_juristische_Personen_Promille;2.75
2017;2857;Rickenbach;Steuerfuss_natürliche_Personen_Prozent;62.0
2017;2857;Rickenbach;Steuersatz_Ertrag_juristische_Personen_Prozent;4.5
2017;2857;Rickenbach;Steuersatz_Kapital_juristische_Personen_Promille;2.75
2017;2858;Rothenfluh;Steuerfuss_natürliche_Personen_Prozent;62.0
2017;2858;Rothenfluh;Steuersatz_Ertrag_juristische_Personen_Prozent;5.0
2017;2858;Rothenfluh;Steuersatz_Kapital_juristische_Personen_Promille;2.75
2017;2859;Rümlingen;Steuerfuss_natürliche_Personen_Prozent;63.0
2017;2859;Rümlingen;Steuersatz_Ertrag_juristische_Personen_Prozent;4.5
2017;2859;Rümlingen;Steuersatz_Kapital_juristische_Personen_Promille;2.75
2017;2860;Rünenberg;Steuerfuss_natürliche_Personen_Prozent;64.0
2017;2860;Rünenberg;Steuersatz_Ertrag_juristische_Personen_Prozent;4.0
2017;2860;Rünenberg;Steuersatz_Kapital_juristische_Personen_Promille;2.75
2017;2861;Sissach;Steuerfuss_natürliche_Personen_Prozent;57.0
2017;2861;Sissach;Steuersatz_Ertrag_juristische_Personen_Prozent;4.0
2017;2861;Sissach;Steuersatz_Kapital_juristische_Personen_Promille;2.75
2017;2862;Tecknau;Steuerfuss_natürliche_Personen_Prozent;61.0
2017;2862;Tecknau;Steuersatz_Ertrag_juristische_Personen_Prozent;4.1
2017;2862;Tecknau;Steuersatz_Kapital_juristische_Personen_Promille;2.75
2017;2863;Tenniken;Steuerfuss_natürliche_Personen_Prozent;60.0
2017;2863;Tenniken;Steuersatz_Ertrag_juristische_Personen_Prozent;4.5
2017;2863;Tenniken;Steuersatz_Kapital_juristische_Personen_Promille;2.75
2017;2864;Thürnen;Steuerfuss_natürliche_Personen_Prozent;51.0
2017;2864;Thürnen;Steuersatz_Ertrag_juristische_Personen_Prozent;4.0
2017;2864;Thürnen;Steuersatz_Kapital_juristische_Personen_Promille;2.75
2017;2865;Wenslingen;Steuerfuss_natürliche_Personen_Prozent;58.0
2017;2865;Wenslingen;Steuersatz_Ertrag_juristische_Personen_Prozent;4.5
2017;2865;Wenslingen;Steuersatz_Kapital_juristische_Personen_Promille;2.75
2017;2866;Wintersingen;Steuerfuss_natürliche_Personen_Prozent;59.0
2017;2866;Wintersingen;Steuersatz_Ertrag_juristische_Personen_Prozent;4.5
2017;2866;Wintersingen;Steuersatz_Kapital_juristische_Personen_Promille;2.75
2017;2867;Wittinsburg;Steuerfuss_natürliche_Personen_Prozent;65.0
2017;2867;Wittinsburg;Steuersatz_Ertrag_juristische_Personen_Prozent;4.5
2017;2867;Wittinsburg;Steuersatz_Kapital_juristische_Personen_Promille;2.75
2017;2868;Zeglingen;Steuerfuss_natürliche_Personen_Prozent;66.0
2017;2868;Zeglingen;Steuersatz_Ertrag_juristische_Personen_Prozent;4.5
2017;2868;Zeglingen;Steuersatz_Kapital_juristische_Personen_Promille;2.75
2017;2869;Zunzgen;Steuerfuss_natürliche_Personen_Prozent;55.0
2017;2869;Zunzgen;Steuersatz_Ertrag_juristische_Personen_Prozent;5.0
2017;2869;Zunzgen;Steuersatz_Kapital_juristische_Personen_Promille;2.0
2017;2881;Arboldswil;Steuerfuss_natürliche_Personen_Prozent;60.0
2017;2881;Arboldswil;Steuersatz_Ertrag_juristische_Personen_Prozent;4.5
2017;2881;Arboldswil;Steuersatz_Kapital_juristische_Personen_Promille;2.75
2017;2882;Bennwil;Steuerfuss_natürliche_Personen_Prozent;64.0
2017;2882;Bennwil;Steuersatz_Ertrag_juristische_Personen_Prozent;4.0
2017;2882;Bennwil;Steuersatz_Kapital_juristische_Personen_Promille;2.75
2017;2883;Bretzwil;Steuerfuss_natürliche_Personen_Prozent;58.0
2017;2883;Bretzwil;Steuersatz_Ertrag_juristische_Personen_Prozent;4.0
2017;2883;Bretzwil;Steuersatz_Kapital_juristische_Personen_Promille;2.75
2017;2884;Diegten;Steuerfuss_natürliche_Personen_Prozent;56.0
2017;2884;Diegten;Steuersatz_Ertrag_juristische_Personen_Prozent;4.0
2017;2884;Diegten;Steuersatz_Kapital_juristische_Personen_Promille;2.75
2017;2885;Eptingen;Steuerfuss_natürliche_Personen_Prozent;65.0
2017;2885;Eptingen;Steuersatz_Ertrag_juristische_Personen_Prozent;4.5
2017;2885;Eptingen;Steuersatz_Kapital_juristische_Personen_Promille;2.75
2017;2886;Hölstein;Steuerfuss_natürliche_Personen_Prozent;63.0
2017;2886;Hölstein;Steuersatz_Ertrag_juristische_Personen_Prozent;4.0
2017;2886;Hölstein;Steuersatz_Kapital_juristische_Personen_Promille;2.5
2017;2887;Lampenberg;Steuerfuss_natürliche_Personen_Prozent;62.0
2017;2887;Lampenberg;Steuersatz_Ertrag_juristische_Personen_Prozent;3.0
2017;2887;Lampenberg;Steuersatz_Kapital_juristische_Personen_Promille;2.0
2017;2888;Langenbruck;Steuerfuss_natürliche_Personen_Prozent;54.0
2017;2888;Langenbruck;Steuersatz_Ertrag_juristische_Personen_Prozent;4.5
2017;2888;Langenbruck;Steuersatz_Kapital_juristische_Personen_Promille;2.75
2017;2889;Lauwil;Steuerfuss_natürliche_Personen_Prozent;60.0
2017;2889;Lauwil;Steuersatz_Ertrag_juristische_Personen_Prozent;4.5
2017;2889;Lauwil;Steuersatz_Kapital_juristische_Personen_Promille;2.75
2017;2890;Liedertswil;Steuerfuss_natürliche_Personen_Prozent;55.0
2017;2890;Liedertswil;Steuersatz_Ertrag_juristische_Personen_Prozent;4.5
2017;2890;Liedertswil;Steuersatz_Kapital_juristische_Personen_Promille;2.75
2017;2891;Niederdorf;Steuerfuss_natürliche_Personen_Prozent;64.0
2017;2891;Niederdorf;Steuersatz_Ertrag_juristische_Personen_Prozent;4.5
2017;2891;Niederdorf;Steuersatz_Kapital_juristische_Personen_Promille;2.5
2017;2892;Oberdorf;Steuerfuss_natürliche_Personen_Prozent;60.0
2017;2892;Oberdorf;Steuersatz_Ertrag_juristische_Personen_Prozent;5.0
2017;2892;Oberdorf;Steuersatz_Kapital_juristische_Personen_Promille;2.75
2017;2893;Reigoldswil;Steuerfuss_natürliche_Personen_Prozent;64.0
2017;2893;Reigoldswil;Steuersatz_Ertrag_juristische_Personen_Prozent;4.5
2017;2893;Reigoldswil;Steuersatz_Kapital_juristische_Personen_Promille;2.75
2017;2894;Titterten;Steuerfuss_natürliche_Personen_Prozent;65.0
2017;2894;Titterten;Steuersatz_Ertrag_juristische_Personen_Prozent;4.5
2017;2894;Titterten;Steuersatz_Kapital_juristische_Personen_Promille;2.75
2017;2895;Waldenburg;Steuerfuss_natürliche_Personen_Prozent;69.5
2017;2895;Waldenburg;Steuersatz_Ertrag_juristische_Personen_Prozent;4.75
2017;2895;Waldenburg;Steuersatz_Kapital_juristische_Personen_Promille;2.75
2016;2761;Aesch;Steuerfuss_natürliche_Personen_Prozent;56.0
2016;2761;Aesch;Steuersatz_Ertrag_juristische_Personen_Prozent;4.9
2016;2761;Aesch;Steuersatz_Kapital_juristische_Personen_Promille;2.75
2016;2762;Allschwil;Steuerfuss_natürliche_Personen_Prozent;58.0
2016;2762;Allschwil;Steuersatz_Ertrag_juristische_Personen_Prozent;5.0
2016;2762;Allschwil;Steuersatz_Kapital_juristische_Personen_Promille;2.75
2016;2763;Arlesheim;Steuerfuss_natürliche_Personen_Prozent;45.0
2016;2763;Arlesheim;Steuersatz_Ertrag_juristische_Personen_Prozent;4.0
2016;2763;Arlesheim;Steuersatz_Kapital_juristische_Personen_Promille;2.75
2016;2764;Biel-Benken;Steuerfuss_natürliche_Personen_Prozent;46.0
2016;2764;Biel-Benken;Steuersatz_Ertrag_juristische_Personen_Prozent;3.5
2016;2764;Biel-Benken;Steuersatz_Kapital_juristische_Personen_Promille;2.0
2016;2765;Binningen;Steuerfuss_natürliche_Personen_Prozent;48.0
2016;2765;Binningen;Steuersatz_Ertrag_juristische_Personen_Prozent;2.0
2016;2765;Binningen;Steuersatz_Kapital_juristische_Personen_Promille;1.75
2016;2766;Birsfelden;Steuerfuss_natürliche_Personen_Prozent;62.0
2016;2766;Birsfelden;Steuersatz_Ertrag_juristische_Personen_Prozent;5.0
2016;2766;Birsfelden;Steuersatz_Kapital_juristische_Personen_Promille;2.75
2016;2767;Bottmingen;Steuerfuss_natürliche_Personen_Prozent;45.0
2016;2767;Bottmingen;Steuersatz_Ertrag_juristische_Personen_Prozent;2.0
2016;2767;Bottmingen;Steuersatz_Kapital_juristische_Personen_Promille;2.75
2016;2768;Ettingen;Steuerfuss_natürliche_Personen_Prozent;61.0
2016;2768;Ettingen;Steuersatz_Ertrag_juristische_Personen_Prozent;4.5
2016;2768;Ettingen;Steuersatz_Kapital_juristische_Personen_Promille;2.75
2016;2769;Münchenstein;Steuerfuss_natürliche_Personen_Prozent;61.0
2016;2769;Münchenstein;Steuersatz_Ertrag_juristische_Personen_Prozent;5.0
2016;2769;Münchenstein;Steuersatz_Kapital_juristische_Personen_Promille;2.75
2016;2770;Muttenz;Steuerfuss_natürliche_Personen_Prozent;56.0
2016;2770;Muttenz;Steuersatz_Ertrag_juristische_Personen_Prozent;5.0
2016;2770;Muttenz;Steuersatz_Kapital_juristische_Personen_Promille;2.75
2016;2771;Oberwil;Steuerfuss_natürliche_Personen_Prozent;48.0
2016;2771;Oberwil;Steuersatz_Ertrag_juristische_Personen_Prozent;4.0
2016;2771;Oberwil;Steuersatz_Kapital_juristische_Personen_Promille;2.75
2016;2772;Pfeffingen;Steuerfuss_natürliche_Personen_Prozent;45.0
2016;2772;Pfeffingen;Steuersatz_Ertrag_juristische_Personen_Prozent;4.4
2016;2772;Pfeffingen;Steuersatz_Kapital_juristische_Personen_Promille;2.5
2016;2773;Reinach;Steuerfuss_natürliche_Personen_Prozent;52.5
2016;2773;Reinach;Steuersatz_Ertrag_juristische_Personen_Prozent;4.8
2016;2773;Reinach;Steuersatz_Kapital_juristische_Personen_Promille;2.75
2016;2774;Schönenbuch;Steuerfuss_natürliche_Personen_Prozent;56.0
2016;2774;Schönenbuch;Steuersatz_Ertrag_juristische_Personen_Prozent;4.0
2016;2774;Schönenbuch;Steuersatz_Kapital_juristische_Personen_Promille;2.5
2016;2775;Therwil;Steuerfuss_natürliche_Personen_Prozent;52.0
2016;2775;Therwil;Steuersatz_Ertrag_juristische_Personen_Prozent;4.7
2016;2775;Therwil;Steuersatz_Kapital_juristische_Personen_Promille;2.75
2016;2781;Blauen;Steuerfuss_natürliche_Personen_Prozent;63.0
2016;2781;Blauen;Steuersatz_Ertrag_juristische_Personen_Prozent;4.0
2016;2781;Blauen;Steuersatz_Kapital_juristische_Personen_Promille;2.75
2016;2782;Brislach;Steuerfuss_natürliche_Personen_Prozent;57.0
2016;2782;Brislach;Steuersatz_Ertrag_juristische_Personen_Prozent;4.5
2016;2782;Brislach;Steuersatz_Kapital_juristische_Personen_Promille;2.75
2016;2783;Burg i.L.;Steuerfuss_natürliche_Personen_Prozent;68.0
2016;2783;Burg i.L.;Steuersatz_Ertrag_juristische_Personen_Prozent;3.0
2016;2783;Burg i.L.;Steuersatz_Kapital_juristische_Personen_Promille;2.75
2016;2784;Dittingen;Steuerfuss_natürliche_Personen_Prozent;66.0
2016;2784;Dittingen;Steuersatz_Ertrag_juristische_Personen_Prozent;5.0
2016;2784;Dittingen;Steuersatz_Kapital_juristische_Personen_Promille;2.75
2016;2785;Duggingen;Steuerfuss_natürliche_Personen_Prozent;59.0
2016;2785;Duggingen;Steuersatz_Ertrag_juristische_Personen_Prozent;4.5
2016;2785;Duggingen;Steuersatz_Kapital_juristische_Personen_Promille;2.75
2016;2786;Grellingen;Steuerfuss_natürliche_Personen_Prozent;67.0
2016;2786;Grellingen;Steuersatz_Ertrag_juristische_Personen_Prozent;4.5
2016;2786;Grellingen;Steuersatz_Kapital_juristische_Personen_Promille;2.75
2016;2787;Laufen;Steuerfuss_natürliche_Personen_Prozent;59.0
2016;2787;Laufen;Steuersatz_Ertrag_juristische_Personen_Prozent;4.5
2016;2787;Laufen;Steuersatz_Kapital_juristische_Personen_Promille;2.75
2016;2788;Liesberg;Steuerfuss_natürliche_Personen_Prozent;61.0
2016;2788;Liesberg;Steuersatz_Ertrag_juristische_Personen_Prozent;4.3
2016;2788;Liesberg;Steuersatz_Kapital_juristische_Personen_Promille;2.75
2016;2789;Nenzlingen;Steuerfuss_natürliche_Personen_Prozent;62.5
2016;2789;Nenzlingen;Steuersatz_Ertrag_juristische_Personen_Prozent;4.5
2016;2789;Nenzlingen;Steuersatz_Kapital_juristische_Personen_Promille;2.75
2016;2790;Roggenburg;Steuerfuss_natürliche_Personen_Prozent;64.0
2016;2790;Roggenburg;Steuersatz_Ertrag_juristische_Personen_Prozent;4.5
2016;2790;Roggenburg;Steuersatz_Kapital_juristische_Personen_Promille;2.75
2016;2791;Röschenz;Steuerfuss_natürliche_Personen_Prozent;58.0
2016;2791;Röschenz;Steuersatz_Ertrag_juristische_Personen_Prozent;3.5
2016;2791;Röschenz;Steuersatz_Kapital_juristische_Personen_Promille;2.75
2016;2792;Wahlen;Steuerfuss_natürliche_Personen_Prozent;56.0
2016;2792;Wahlen;Steuersatz_Ertrag_juristische_Personen_Prozent;4.3
2016;2792;Wahlen;Steuersatz_Kapital_juristische_Personen_Promille;2.75
2016;2793;Zwingen;Steuerfuss_natürliche_Personen_Prozent;59.0
2016;2793;Zwingen;Steuersatz_Ertrag_juristische_Personen_Prozent;4.2
2016;2793;Zwingen;Steuersatz_Kapital_juristische_Personen_Promille;2.75
2016;2821;Arisdorf;Steuerfuss_natürliche_Personen_Prozent;59.0
2016;2821;Arisdorf;Steuersatz_Ertrag_juristische_Personen_Prozent;4.5
2016;2821;Arisdorf;Steuersatz_Kapital_juristische_Personen_Promille;2.75
2016;2822;Augst;Steuerfuss_natürliche_Personen_Prozent;53.0
2016;2822;Augst;Steuersatz_Ertrag_juristische_Personen_Prozent;4.2
2016;2822;Augst;Steuersatz_Kapital_juristische_Personen_Promille;2.75
2016;2823;Bubendorf;Steuerfuss_natürliche_Personen_Prozent;63.0
2016;2823;Bubendorf;Steuersatz_Ertrag_juristische_Personen_Prozent;4.4
2016;2823;Bubendorf;Steuersatz_Kapital_juristische_Personen_Promille;2.75
2016;2824;Frenkendorf;Steuerfuss_natürliche_Personen_Prozent;57.0
2016;2824;Frenkendorf;Steuersatz_Ertrag_juristische_Personen_Prozent;4.5
2016;2824;Frenkendorf;Steuersatz_Kapital_juristische_Personen_Promille;2.75
2016;2825;Füllinsdorf;Steuerfuss_natürliche_Personen_Prozent;60.0
2016;2825;Füllinsdorf;Steuersatz_Ertrag_juristische_Personen_Prozent;5.0
2016;2825;Füllinsdorf;Steuersatz_Kapital_juristische_Personen_Promille;2.75
2016;2826;Giebenach;Steuerfuss_natürliche_Personen_Prozent;59.0
2016;2826;Giebenach;Steuersatz_Ertrag_juristische_Personen_Prozent;2.0
2016;2826;Giebenach;Steuersatz_Kapital_juristische_Personen_Promille;2.75
2016;2827;Hersberg;Steuerfuss_natürliche_Personen_Prozent;55.0
2016;2827;Hersberg;Steuersatz_Ertrag_juristische_Personen_Prozent;4.5
2016;2827;Hersberg;Steuersatz_Kapital_juristische_Personen_Promille;2.75
2016;2828;Lausen;Steuerfuss_natürliche_Personen_Prozent;55.0
2016;2828;Lausen;Steuersatz_Ertrag_juristische_Personen_Prozent;3.7
2016;2828;Lausen;Steuersatz_Kapital_juristische_Personen_Promille;2.75
2016;2829;Liestal;Steuerfuss_natürliche_Personen_Prozent;65.0
2016;2829;Liestal;Steuersatz_Ertrag_juristische_Personen_Prozent;5.0
2016;2829;Liestal;Steuersatz_Kapital_juristische_Personen_Promille;2.75
2016;2830;Lupsingen;Steuerfuss_natürliche_Personen_Prozent;58.0
2016;2830;Lupsingen;Steuersatz_Ertrag_juristische_Personen_Prozent;3.5
2016;2830;Lupsingen;Steuersatz_Kapital_juristische_Personen_Promille;2.75
2016;2831;Pratteln;Steuerfuss_natürliche_Personen_Prozent;58.5
2016;2831;Pratteln;Steuersatz_Ertrag_juristische_Personen_Prozent;4.95
2016;2831;Pratteln;Steuersatz_Kapital_juristische_Personen_Promille;2.75
2016;2832;Ramlinsburg;Steuerfuss_natürliche_Personen_Prozent;62.0
2016;2832;Ramlinsburg;Steuersatz_Ertrag_juristische_Personen_Prozent;3.5
2016;2832;Ramlinsburg;Steuersatz_Kapital_juristische_Personen_Promille;2.0
2016;2833;Seltisberg;Steuerfuss_natürliche_Personen_Prozent;52.0
2016;2833;Seltisberg;Steuersatz_Ertrag_juristische_Personen_Prozent;4.0
2016;2833;Seltisberg;Steuersatz_Kapital_juristische_Personen_Promille;2.75
2016;2834;Ziefen;Steuerfuss_natürliche_Personen_Prozent;63.0
2016;2834;Ziefen;Steuersatz_Ertrag_juristische_Personen_Prozent;5.0
2016;2834;Ziefen;Steuersatz_Kapital_juristische_Personen_Promille;2.75
2016;2841;Anwil;Steuerfuss_natürliche_Personen_Prozent;63.0
2016;2841;Anwil;Steuersatz_Ertrag_juristische_Personen_Prozent;4.5
2016;2841;Anwil;Steuersatz_Kapital_juristische_Personen_Promille;2.75
2016;2842;Böckten;Steuerfuss_natürliche_Personen_Prozent;59.0
2016;2842;Böckten;Steuersatz_Ertrag_juristische_Personen_Prozent;4.5
2016;2842;Böckten;Steuersatz_Kapital_juristische_Personen_Promille;2.75
2016;2843;Buckten;Steuerfuss_natürliche_Personen_Prozent;64.0
2016;2843;Buckten;Steuersatz_Ertrag_juristische_Personen_Prozent;4.5
2016;2843;Buckten;Steuersatz_Kapital_juristische_Personen_Promille;2.75
2016;2844;Buus;Steuerfuss_natürliche_Personen_Prozent;60.0
2016;2844;Buus;Steuersatz_Ertrag_juristische_Personen_Prozent;4.5
2016;2844;Buus;Steuersatz_Kapital_juristische_Personen_Promille;2.75
2016;2845;Diepflingen;Steuerfuss_natürliche_Personen_Prozent;65.0
2016;2845;Diepflingen;Steuersatz_Ertrag_juristische_Personen_Prozent;4.5
2016;2845;Diepflingen;Steuersatz_Kapital_juristische_Personen_Promille;2.75
2016;2846;Gelterkinden;Steuerfuss_natürliche_Personen_Prozent;56.0
2016;2846;Gelterkinden;Steuersatz_Ertrag_juristische_Personen_Prozent;3.8
2016;2846;Gelterkinden;Steuersatz_Kapital_juristische_Personen_Promille;2.25
2016;2847;Häfelfingen;Steuerfuss_natürliche_Personen_Prozent;61.0
2016;2847;Häfelfingen;Steuersatz_Ertrag_juristische_Personen_Prozent;4.0
2016;2847;Häfelfingen;Steuersatz_Kapital_juristische_Personen_Promille;2.75
2016;2848;Hemmiken;Steuerfuss_natürliche_Personen_Prozent;68.0
2016;2848;Hemmiken;Steuersatz_Ertrag_juristische_Personen_Prozent;4.5
2016;2848;Hemmiken;Steuersatz_Kapital_juristische_Personen_Promille;2.5
2016;2849;Itingen;Steuerfuss_natürliche_Personen_Prozent;63.0
2016;2849;Itingen;Steuersatz_Ertrag_juristische_Personen_Prozent;4.2
2016;2849;Itingen;Steuersatz_Kapital_juristische_Personen_Promille;2.75
2016;2850;Känerkinden;Steuerfuss_natürliche_Personen_Prozent;59.0
2016;2850;Känerkinden;Steuersatz_Ertrag_juristische_Personen_Prozent;2.0
2016;2850;Känerkinden;Steuersatz_Kapital_juristische_Personen_Promille;2.75
2016;2851;Kilchberg;Steuerfuss_natürliche_Personen_Prozent;64.0
2016;2851;Kilchberg;Steuersatz_Ertrag_juristische_Personen_Prozent;4.5
2016;2851;Kilchberg;Steuersatz_Kapital_juristische_Personen_Promille;2.75
2016;2852;Läufelfingen;Steuerfuss_natürliche_Personen_Prozent;64.2
2016;2852;Läufelfingen;Steuersatz_Ertrag_juristische_Personen_Prozent;4.3
2016;2852;Läufelfingen;Steuersatz_Kapital_juristische_Personen_Promille;2.5
2016;2853;Maisprach;Steuerfuss_natürliche_Personen_Prozent;64.0
2016;2853;Maisprach;Steuersatz_Ertrag_juristische_Personen_Prozent;4.5
2016;2853;Maisprach;Steuersatz_Kapital_juristische_Personen_Promille;2.75
2016;2854;Nusshof;Steuerfuss_natürliche_Personen_Prozent;55.0
2016;2854;Nusshof;Steuersatz_Ertrag_juristische_Personen_Prozent;4.5
2016;2854;Nusshof;Steuersatz_Kapital_juristische_Personen_Promille;2.75
2016;2855;Oltingen;Steuerfuss_natürliche_Personen_Prozent;64.0
2016;2855;Oltingen;Steuersatz_Ertrag_juristische_Personen_Prozent;4.5
2016;2855;Oltingen;Steuersatz_Kapital_juristische_Personen_Promille;2.75
2016;2856;Ormalingen;Steuerfuss_natürliche_Personen_Prozent;61.0
2016;2856;Ormalingen;Steuersatz_Ertrag_juristische_Personen_Prozent;5.0
2016;2856;Ormalingen;Steuersatz_Kapital_juristische_Personen_Promille;2.75
2016;2857;Rickenbach;Steuerfuss_natürliche_Personen_Prozent;62.0
2016;2857;Rickenbach;Steuersatz_Ertrag_juristische_Personen_Prozent;4.5
2016;2857;Rickenbach;Steuersatz_Kapital_juristische_Personen_Promille;2.75
2016;2858;Rothenfluh;Steuerfuss_natürliche_Personen_Prozent;62.0
2016;2858;Rothenfluh;Steuersatz_Ertrag_juristische_Personen_Prozent;5.0
2016;2858;Rothenfluh;Steuersatz_Kapital_juristische_Personen_Promille;2.75
2016;2859;Rümlingen;Steuerfuss_natürliche_Personen_Prozent;63.0
2016;2859;Rümlingen;Steuersatz_Ertrag_juristische_Personen_Prozent;4.5
2016;2859;Rümlingen;Steuersatz_Kapital_juristische_Personen_Promille;2.75
2016;2860;Rünenberg;Steuerfuss_natürliche_Personen_Prozent;64.0
2016;2860;Rünenberg;Steuersatz_Ertrag_juristische_Personen_Prozent;4.0
2016;2860;Rünenberg;Steuersatz_Kapital_juristische_Personen_Promille;2.75
2016;2861;Sissach;Steuerfuss_natürliche_Personen_Prozent;57.0
2016;2861;Sissach;Steuersatz_Ertrag_juristische_Personen_Prozent;4.0
2016;2861;Sissach;Steuersatz_Kapital_juristische_Personen_Promille;2.75
2016;2862;Tecknau;Steuerfuss_natürliche_Personen_Prozent;61.0
2016;2862;Tecknau;Steuersatz_Ertrag_juristische_Personen_Prozent;4.1
2016;2862;Tecknau;Steuersatz_Kapital_juristische_Personen_Promille;2.75
2016;2863;Tenniken;Steuerfuss_natürliche_Personen_Prozent;60.0
2016;2863;Tenniken;Steuersatz_Ertrag_juristische_Personen_Prozent;4.5
2016;2863;Tenniken;Steuersatz_Kapital_juristische_Personen_Promille;2.75
2016;2864;Thürnen;Steuerfuss_natürliche_Personen_Prozent;51.0
2016;2864;Thürnen;Steuersatz_Ertrag_juristische_Personen_Prozent;4.0
2016;2864;Thürnen;Steuersatz_Kapital_juristische_Personen_Promille;2.75
2016;2865;Wenslingen;Steuerfuss_natürliche_Personen_Prozent;58.0
2016;2865;Wenslingen;Steuersatz_Ertrag_juristische_Personen_Prozent;4.5
2016;2865;Wenslingen;Steuersatz_Kapital_juristische_Personen_Promille;2.75
2016;2866;Wintersingen;Steuerfuss_natürliche_Personen_Prozent;59.0
2016;2866;Wintersingen;Steuersatz_Ertrag_juristische_Personen_Prozent;4.5
2016;2866;Wintersingen;Steuersatz_Kapital_juristische_Personen_Promille;2.75
2016;2867;Wittinsburg;Steuerfuss_natürliche_Personen_Prozent;60.0
2016;2867;Wittinsburg;Steuersatz_Ertrag_juristische_Personen_Prozent;4.5
2016;2867;Wittinsburg;Steuersatz_Kapital_juristische_Personen_Promille;2.75
2016;2868;Zeglingen;Steuerfuss_natürliche_Personen_Prozent;66.0
2016;2868;Zeglingen;Steuersatz_Ertrag_juristische_Personen_Prozent;4.5
2016;2868;Zeglingen;Steuersatz_Kapital_juristische_Personen_Promille;2.75
2016;2869;Zunzgen;Steuerfuss_natürliche_Personen_Prozent;55.0
2016;2869;Zunzgen;Steuersatz_Ertrag_juristische_Personen_Prozent;5.0
2016;2869;Zunzgen;Steuersatz_Kapital_juristische_Personen_Promille;2.0
2016;2881;Arboldswil;Steuerfuss_natürliche_Personen_Prozent;60.0
2016;2881;Arboldswil;Steuersatz_Ertrag_juristische_Personen_Prozent;4.5
2016;2881;Arboldswil;Steuersatz_Kapital_juristische_Personen_Promille;2.75
2016;2882;Bennwil;Steuerfuss_natürliche_Personen_Prozent;64.0
2016;2882;Bennwil;Steuersatz_Ertrag_juristische_Personen_Prozent;4.0
2016;2882;Bennwil;Steuersatz_Kapital_juristische_Personen_Promille;2.75
2016;2883;Bretzwil;Steuerfuss_natürliche_Personen_Prozent;58.0
2016;2883;Bretzwil;Steuersatz_Ertrag_juristische_Personen_Prozent;4.0
2016;2883;Bretzwil;Steuersatz_Kapital_juristische_Personen_Promille;2.75
2016;2884;Diegten;Steuerfuss_natürliche_Personen_Prozent;56.0
2016;2884;Diegten;Steuersatz_Ertrag_juristische_Personen_Prozent;4.0
2016;2884;Diegten;Steuersatz_Kapital_juristische_Personen_Promille;2.75
2016;2885;Eptingen;Steuerfuss_natürliche_Personen_Prozent;65.0
2016;2885;Eptingen;Steuersatz_Ertrag_juristische_Personen_Prozent;4.5
2016;2885;Eptingen;Steuersatz_Kapital_juristische_Personen_Promille;2.75
2016;2886;Hölstein;Steuerfuss_natürliche_Personen_Prozent;63.0
2016;2886;Hölstein;Steuersatz_Ertrag_juristische_Personen_Prozent;4.0
2016;2886;Hölstein;Steuersatz_Kapital_juristische_Personen_Promille;2.5
2016;2887;Lampenberg;Steuerfuss_natürliche_Personen_Prozent;62.0
2016;2887;Lampenberg;Steuersatz_Ertrag_juristische_Personen_Prozent;3.0
2016;2887;Lampenberg;Steuersatz_Kapital_juristische_Personen_Promille;2.0
2016;2888;Langenbruck;Steuerfuss_natürliche_Personen_Prozent;54.0
2016;2888;Langenbruck;Steuersatz_Ertrag_juristische_Personen_Prozent;4.5
2016;2888;Langenbruck;Steuersatz_Kapital_juristische_Personen_Promille;2.75
2016;2889;Lauwil;Steuerfuss_natürliche_Personen_Prozent;60.0
2016;2889;Lauwil;Steuersatz_Ertrag_juristische_Personen_Prozent;4.5
2016;2889;Lauwil;Steuersatz_Kapital_juristische_Personen_Promille;2.75
2016;2890;Liedertswil;Steuerfuss_natürliche_Personen_Prozent;55.0
2016;2890;Liedertswil;Steuersatz_Ertrag_juristische_Personen_Prozent;4.5
2016;2890;Liedertswil;Steuersatz_Kapital_juristische_Personen_Promille;2.75
2016;2891;Niederdorf;Steuerfuss_natürliche_Personen_Prozent;64.0
2016;2891;Niederdorf;Steuersatz_Ertrag_juristische_Personen_Prozent;4.5
2016;2891;Niederdorf;Steuersatz_Kapital_juristische_Personen_Promille;2.5
2016;2892;Oberdorf;Steuerfuss_natürliche_Personen_Prozent;58.0
2016;2892;Oberdorf;Steuersatz_Ertrag_juristische_Personen_Prozent;5.0
2016;2892;Oberdorf;Steuersatz_Kapital_juristische_Personen_Promille;2.75
2016;2893;Reigoldswil;Steuerfuss_natürliche_Personen_Prozent;64.0
2016;2893;Reigoldswil;Steuersatz_Ertrag_juristische_Personen_Prozent;4.5
2016;2893;Reigoldswil;Steuersatz_Kapital_juristische_Personen_Promille;2.75
2016;2894;Titterten;Steuerfuss_natürliche_Personen_Prozent;65.0
2016;2894;Titterten;Steuersatz_Ertrag_juristische_Personen_Prozent;4.5
2016;2894;Titterten;Steuersatz_Kapital_juristische_Personen_Promille;2.75
2016;2895;Waldenburg;Steuerfuss_natürliche_Personen_Prozent;69.5
2016;2895;Waldenburg;Steuersatz_Ertrag_juristische_Personen_Prozent;4.75
2016;2895;Waldenburg;Steuersatz_Kapital_juristische_Personen_Promille;2.75
2015;2761;Aesch;Steuerfuss_natürliche_Personen_Prozent;56.0
2015;2761;Aesch;Steuersatz_Ertrag_juristische_Personen_Prozent;4.9
2015;2761;Aesch;Steuersatz_Kapital_juristische_Personen_Promille;2.75
2015;2762;Allschwil;Steuerfuss_natürliche_Personen_Prozent;58.0
2015;2762;Allschwil;Steuersatz_Ertrag_juristische_Personen_Prozent;5.0
2015;2762;Allschwil;Steuersatz_Kapital_juristische_Personen_Promille;2.75
2015;2763;Arlesheim;Steuerfuss_natürliche_Personen_Prozent;45.0
2015;2763;Arlesheim;Steuersatz_Ertrag_juristische_Personen_Prozent;4.0
2015;2763;Arlesheim;Steuersatz_Kapital_juristische_Personen_Promille;2.75
2015;2764;Biel-Benken;Steuerfuss_natürliche_Personen_Prozent;49.0
2015;2764;Biel-Benken;Steuersatz_Ertrag_juristische_Personen_Prozent;3.5
2015;2764;Biel-Benken;Steuersatz_Kapital_juristische_Personen_Promille;2.0
2015;2765;Binningen;Steuerfuss_natürliche_Personen_Prozent;48.0
2015;2765;Binningen;Steuersatz_Ertrag_juristische_Personen_Prozent;2.0
2015;2765;Binningen;Steuersatz_Kapital_juristische_Personen_Promille;1.75
2015;2766;Birsfelden;Steuerfuss_natürliche_Personen_Prozent;62.0
2015;2766;Birsfelden;Steuersatz_Ertrag_juristische_Personen_Prozent;5.0
2015;2766;Birsfelden;Steuersatz_Kapital_juristische_Personen_Promille;2.75
2015;2767;Bottmingen;Steuerfuss_natürliche_Personen_Prozent;42.0
2015;2767;Bottmingen;Steuersatz_Ertrag_juristische_Personen_Prozent;2.0
2015;2767;Bottmingen;Steuersatz_Kapital_juristische_Personen_Promille;2.75
2015;2768;Ettingen;Steuerfuss_natürliche_Personen_Prozent;61.0
2015;2768;Ettingen;Steuersatz_Ertrag_juristische_Personen_Prozent;4.5
2015;2768;Ettingen;Steuersatz_Kapital_juristische_Personen_Promille;2.75
2015;2769;Münchenstein;Steuerfuss_natürliche_Personen_Prozent;61.0
2015;2769;Münchenstein;Steuersatz_Ertrag_juristische_Personen_Prozent;5.0
2015;2769;Münchenstein;Steuersatz_Kapital_juristische_Personen_Promille;2.75
2015;2770;Muttenz;Steuerfuss_natürliche_Personen_Prozent;56.0
2015;2770;Muttenz;Steuersatz_Ertrag_juristische_Personen_Prozent;5.0
2015;2770;Muttenz;Steuersatz_Kapital_juristische_Personen_Promille;2.75
2015;2771;Oberwil;Steuerfuss_natürliche_Personen_Prozent;48.0
2015;2771;Oberwil;Steuersatz_Ertrag_juristische_Personen_Prozent;4.0
2015;2771;Oberwil;Steuersatz_Kapital_juristische_Personen_Promille;2.75
2015;2772;Pfeffingen;Steuerfuss_natürliche_Personen_Prozent;45.0
2015;2772;Pfeffingen;Steuersatz_Ertrag_juristische_Personen_Prozent;4.4
2015;2772;Pfeffingen;Steuersatz_Kapital_juristische_Personen_Promille;2.5
2015;2773;Reinach;Steuerfuss_natürliche_Personen_Prozent;52.5
2015;2773;Reinach;Steuersatz_Ertrag_juristische_Personen_Prozent;4.8
2015;2773;Reinach;Steuersatz_Kapital_juristische_Personen_Promille;2.75
2015;2774;Schönenbuch;Steuerfuss_natürliche_Personen_Prozent;56.0
2015;2774;Schönenbuch;Steuersatz_Ertrag_juristische_Personen_Prozent;4.0
2015;2774;Schönenbuch;Steuersatz_Kapital_juristische_Personen_Promille;2.5
2015;2775;Therwil;Steuerfuss_natürliche_Personen_Prozent;52.0
2015;2775;Therwil;Steuersatz_Ertrag_juristische_Personen_Prozent;4.7
2015;2775;Therwil;Steuersatz_Kapital_juristische_Personen_Promille;2.75
2015;2781;Blauen;Steuerfuss_natürliche_Personen_Prozent;63.0
2015;2781;Blauen;Steuersatz_Ertrag_juristische_Personen_Prozent;4.0
2015;2781;Blauen;Steuersatz_Kapital_juristische_Personen_Promille;2.75
2015;2782;Brislach;Steuerfuss_natürliche_Personen_Prozent;57.0
2015;2782;Brislach;Steuersatz_Ertrag_juristische_Personen_Prozent;4.5
2015;2782;Brislach;Steuersatz_Kapital_juristische_Personen_Promille;2.75
2015;2783;Burg i.L.;Steuerfuss_natürliche_Personen_Prozent;68.0
2015;2783;Burg i.L.;Steuersatz_Ertrag_juristische_Personen_Prozent;3.0
2015;2783;Burg i.L.;Steuersatz_Kapital_juristische_Personen_Promille;2.75
2015;2784;Dittingen;Steuerfuss_natürliche_Personen_Prozent;66.0
2015;2784;Dittingen;Steuersatz_Ertrag_juristische_Personen_Prozent;5.0
2015;2784;Dittingen;Steuersatz_Kapital_juristische_Personen_Promille;2.75
2015;2785;Duggingen;Steuerfuss_natürliche_Personen_Prozent;59.0
2015;2785;Duggingen;Steuersatz_Ertrag_juristische_Personen_Prozent;4.5
2015;2785;Duggingen;Steuersatz_Kapital_juristische_Personen_Promille;2.75
2015;2786;Grellingen;Steuerfuss_natürliche_Personen_Prozent;65.0
2015;2786;Grellingen;Steuersatz_Ertrag_juristische_Personen_Prozent;4.5
2015;2786;Grellingen;Steuersatz_Kapital_juristische_Personen_Promille;2.75
2015;2787;Laufen;Steuerfuss_natürliche_Personen_Prozent;59.0
2015;2787;Laufen;Steuersatz_Ertrag_juristische_Personen_Prozent;4.5
2015;2787;Laufen;Steuersatz_Kapital_juristische_Personen_Promille;2.75
2015;2788;Liesberg;Steuerfuss_natürliche_Personen_Prozent;61.0
2015;2788;Liesberg;Steuersatz_Ertrag_juristische_Personen_Prozent;4.3
2015;2788;Liesberg;Steuersatz_Kapital_juristische_Personen_Promille;2.75
2015;2789;Nenzlingen;Steuerfuss_natürliche_Personen_Prozent;62.5
2015;2789;Nenzlingen;Steuersatz_Ertrag_juristische_Personen_Prozent;4.5
2015;2789;Nenzlingen;Steuersatz_Kapital_juristische_Personen_Promille;2.75
2015;2790;Roggenburg;Steuerfuss_natürliche_Personen_Prozent;64.0
2015;2790;Roggenburg;Steuersatz_Ertrag_juristische_Personen_Prozent;4.5
2015;2790;Roggenburg;Steuersatz_Kapital_juristische_Personen_Promille;2.75
2015;2791;Röschenz;Steuerfuss_natürliche_Personen_Prozent;58.0
2015;2791;Röschenz;Steuersatz_Ertrag_juristische_Personen_Prozent;3.5
2015;2791;Röschenz;Steuersatz_Kapital_juristische_Personen_Promille;2.75
2015;2792;Wahlen;Steuerfuss_natürliche_Personen_Prozent;56.0
2015;2792;Wahlen;Steuersatz_Ertrag_juristische_Personen_Prozent;4.3
2015;2792;Wahlen;Steuersatz_Kapital_juristische_Personen_Promille;2.75
2015;2793;Zwingen;Steuerfuss_natürliche_Personen_Prozent;59.0
2015;2793;Zwingen;Steuersatz_Ertrag_juristische_Personen_Prozent;4.2
2015;2793;Zwingen;Steuersatz_Kapital_juristische_Personen_Promille;2.75
2015;2821;Arisdorf;Steuerfuss_natürliche_Personen_Prozent;59.0
2015;2821;Arisdorf;Steuersatz_Ertrag_juristische_Personen_Prozent;4.5
2015;2821;Arisdorf;Steuersatz_Kapital_juristische_Personen_Promille;2.75
2015;2822;Augst;Steuerfuss_natürliche_Personen_Prozent;53.0
2015;2822;Augst;Steuersatz_Ertrag_juristische_Personen_Prozent;4.2
2015;2822;Augst;Steuersatz_Kapital_juristische_Personen_Promille;2.75
2015;2823;Bubendorf;Steuerfuss_natürliche_Personen_Prozent;63.0
2015;2823;Bubendorf;Steuersatz_Ertrag_juristische_Personen_Prozent;4.4
2015;2823;Bubendorf;Steuersatz_Kapital_juristische_Personen_Promille;2.75
2015;2824;Frenkendorf;Steuerfuss_natürliche_Personen_Prozent;57.0
2015;2824;Frenkendorf;Steuersatz_Ertrag_juristische_Personen_Prozent;4.5
2015;2824;Frenkendorf;Steuersatz_Kapital_juristische_Personen_Promille;2.75
2015;2825;Füllinsdorf;Steuerfuss_natürliche_Personen_Prozent;60.0
2015;2825;Füllinsdorf;Steuersatz_Ertrag_juristische_Personen_Prozent;5.0
2015;2825;Füllinsdorf;Steuersatz_Kapital_juristische_Personen_Promille;2.75
2015;2826;Giebenach;Steuerfuss_natürliche_Personen_Prozent;59.0
2015;2826;Giebenach;Steuersatz_Ertrag_juristische_Personen_Prozent;2.0
2015;2826;Giebenach;Steuersatz_Kapital_juristische_Personen_Promille;2.75
2015;2827;Hersberg;Steuerfuss_natürliche_Personen_Prozent;55.0
2015;2827;Hersberg;Steuersatz_Ertrag_juristische_Personen_Prozent;4.5
2015;2827;Hersberg;Steuersatz_Kapital_juristische_Personen_Promille;2.75
2015;2828;Lausen;Steuerfuss_natürliche_Personen_Prozent;55.0
2015;2828;Lausen;Steuersatz_Ertrag_juristische_Personen_Prozent;3.7
2015;2828;Lausen;Steuersatz_Kapital_juristische_Personen_Promille;2.75
2015;2829;Liestal;Steuerfuss_natürliche_Personen_Prozent;65.0
2015;2829;Liestal;Steuersatz_Ertrag_juristische_Personen_Prozent;5.0
2015;2829;Liestal;Steuersatz_Kapital_juristische_Personen_Promille;2.75
2015;2830;Lupsingen;Steuerfuss_natürliche_Personen_Prozent;58.0
2015;2830;Lupsingen;Steuersatz_Ertrag_juristische_Personen_Prozent;3.5
2015;2830;Lupsingen;Steuersatz_Kapital_juristische_Personen_Promille;2.75
2015;2831;Pratteln;Steuerfuss_natürliche_Personen_Prozent;58.5
2015;2831;Pratteln;Steuersatz_Ertrag_juristische_Personen_Prozent;4.95
2015;2831;Pratteln;Steuersatz_Kapital_juristische_Personen_Promille;2.75
2015;2832;Ramlinsburg;Steuerfuss_natürliche_Personen_Prozent;62.0
2015;2832;Ramlinsburg;Steuersatz_Ertrag_juristische_Personen_Prozent;3.5
2015;2832;Ramlinsburg;Steuersatz_Kapital_juristische_Personen_Promille;2.0
2015;2833;Seltisberg;Steuerfuss_natürliche_Personen_Prozent;52.0
2015;2833;Seltisberg;Steuersatz_Ertrag_juristische_Personen_Prozent;4.0
2015;2833;Seltisberg;Steuersatz_Kapital_juristische_Personen_Promille;2.75
2015;2834;Ziefen;Steuerfuss_natürliche_Personen_Prozent;63.0
2015;2834;Ziefen;Steuersatz_Ertrag_juristische_Personen_Prozent;5.0
2015;2834;Ziefen;Steuersatz_Kapital_juristische_Personen_Promille;2.75
2015;2841;Anwil;Steuerfuss_natürliche_Personen_Prozent;60.0
2015;2841;Anwil;Steuersatz_Ertrag_juristische_Personen_Prozent;4.5
2015;2841;Anwil;Steuersatz_Kapital_juristische_Personen_Promille;2.75
2015;2842;Böckten;Steuerfuss_natürliche_Personen_Prozent;59.0
2015;2842;Böckten;Steuersatz_Ertrag_juristische_Personen_Prozent;4.5
2015;2842;Böckten;Steuersatz_Kapital_juristische_Personen_Promille;2.75
2015;2843;Buckten;Steuerfuss_natürliche_Personen_Prozent;64.0
2015;2843;Buckten;Steuersatz_Ertrag_juristische_Personen_Prozent;4.5
2015;2843;Buckten;Steuersatz_Kapital_juristische_Personen_Promille;2.75
2015;2844;Buus;Steuerfuss_natürliche_Personen_Prozent;62.0
2015;2844;Buus;Steuersatz_Ertrag_juristische_Personen_Prozent;4.5
2015;2844;Buus;Steuersatz_Kapital_juristische_Personen_Promille;2.75
2015;2845;Diepflingen;Steuerfuss_natürliche_Personen_Prozent;65.0
2015;2845;Diepflingen;Steuersatz_Ertrag_juristische_Personen_Prozent;4.5
2015;2845;Diepflingen;Steuersatz_Kapital_juristische_Personen_Promille;2.75
2015;2846;Gelterkinden;Steuerfuss_natürliche_Personen_Prozent;56.0
2015;2846;Gelterkinden;Steuersatz_Ertrag_juristische_Personen_Prozent;3.8
2015;2846;Gelterkinden;Steuersatz_Kapital_juristische_Personen_Promille;2.25
2015;2847;Häfelfingen;Steuerfuss_natürliche_Personen_Prozent;61.0
2015;2847;Häfelfingen;Steuersatz_Ertrag_juristische_Personen_Prozent;4.0
2015;2847;Häfelfingen;Steuersatz_Kapital_juristische_Personen_Promille;2.75
2015;2848;Hemmiken;Steuerfuss_natürliche_Personen_Prozent;68.0
2015;2848;Hemmiken;Steuersatz_Ertrag_juristische_Personen_Prozent;4.5
2015;2848;Hemmiken;Steuersatz_Kapital_juristische_Personen_Promille;2.5
2015;2849;Itingen;Steuerfuss_natürliche_Personen_Prozent;63.0
2015;2849;Itingen;Steuersatz_Ertrag_juristische_Personen_Prozent;4.2
2015;2849;Itingen;Steuersatz_Kapital_juristische_Personen_Promille;2.75
2015;2850;Känerkinden;Steuerfuss_natürliche_Personen_Prozent;59.0
2015;2850;Känerkinden;Steuersatz_Ertrag_juristische_Personen_Prozent;2.0
2015;2850;Känerkinden;Steuersatz_Kapital_juristische_Personen_Promille;2.75
2015;2851;Kilchberg;Steuerfuss_natürliche_Personen_Prozent;64.0
2015;2851;Kilchberg;Steuersatz_Ertrag_juristische_Personen_Prozent;4.5
2015;2851;Kilchberg;Steuersatz_Kapital_juristische_Personen_Promille;2.75
2015;2852;Läufelfingen;Steuerfuss_natürliche_Personen_Prozent;64.2
2015;2852;Läufelfingen;Steuersatz_Ertrag_juristische_Personen_Prozent;4.3
2015;2852;Läufelfingen;Steuersatz_Kapital_juristische_Personen_Promille;2.5
2015;2853;Maisprach;Steuerfuss_natürliche_Personen_Prozent;64.0
2015;2853;Maisprach;Steuersatz_Ertrag_juristische_Personen_Prozent;4.5
2015;2853;Maisprach;Steuersatz_Kapital_juristische_Personen_Promille;2.75
2015;2854;Nusshof;Steuerfuss_natürliche_Personen_Prozent;55.0
2015;2854;Nusshof;Steuersatz_Ertrag_juristische_Personen_Prozent;4.5
2015;2854;Nusshof;Steuersatz_Kapital_juristische_Personen_Promille;2.75
2015;2855;Oltingen;Steuerfuss_natürliche_Personen_Prozent;64.0
2015;2855;Oltingen;Steuersatz_Ertrag_juristische_Personen_Prozent;4.5
2015;2855;Oltingen;Steuersatz_Kapital_juristische_Personen_Promille;2.75
2015;2856;Ormalingen;Steuerfuss_natürliche_Personen_Prozent;61.0
2015;2856;Ormalingen;Steuersatz_Ertrag_juristische_Personen_Prozent;5.0
2015;2856;Ormalingen;Steuersatz_Kapital_juristische_Personen_Promille;2.75
2015;2857;Rickenbach;Steuerfuss_natürliche_Personen_Prozent;62.0
2015;2857;Rickenbach;Steuersatz_Ertrag_juristische_Personen_Prozent;4.5
2015;2857;Rickenbach;Steuersatz_Kapital_juristische_Personen_Promille;2.75
2015;2858;Rothenfluh;Steuerfuss_natürliche_Personen_Prozent;62.0
2015;2858;Rothenfluh;Steuersatz_Ertrag_juristische_Personen_Prozent;5.0
2015;2858;Rothenfluh;Steuersatz_Kapital_juristische_Personen_Promille;2.75
2015;2859;Rümlingen;Steuerfuss_natürliche_Personen_Prozent;63.0
2015;2859;Rümlingen;Steuersatz_Ertrag_juristische_Personen_Prozent;4.5
2015;2859;Rümlingen;Steuersatz_Kapital_juristische_Personen_Promille;2.75
2015;2860;Rünenberg;Steuerfuss_natürliche_Personen_Prozent;60.0
2015;2860;Rünenberg;Steuersatz_Ertrag_juristische_Personen_Prozent;4.0
2015;2860;Rünenberg;Steuersatz_Kapital_juristische_Personen_Promille;2.75
2015;2861;Sissach;Steuerfuss_natürliche_Personen_Prozent;57.0
2015;2861;Sissach;Steuersatz_Ertrag_juristische_Personen_Prozent;4.0
2015;2861;Sissach;Steuersatz_Kapital_juristische_Personen_Promille;2.75
2015;2862;Tecknau;Steuerfuss_natürliche_Personen_Prozent;59.0
2015;2862;Tecknau;Steuersatz_Ertrag_juristische_Personen_Prozent;4.1
2015;2862;Tecknau;Steuersatz_Kapital_juristische_Personen_Promille;2.75
2015;2863;Tenniken;Steuerfuss_natürliche_Personen_Prozent;60.0
2015;2863;Tenniken;Steuersatz_Ertrag_juristische_Personen_Prozent;4.5
2015;2863;Tenniken;Steuersatz_Kapital_juristische_Personen_Promille;2.75
2015;2864;Thürnen;Steuerfuss_natürliche_Personen_Prozent;51.0
2015;2864;Thürnen;Steuersatz_Ertrag_juristische_Personen_Prozent;4.0
2015;2864;Thürnen;Steuersatz_Kapital_juristische_Personen_Promille;2.75
2015;2865;Wenslingen;Steuerfuss_natürliche_Personen_Prozent;58.0
2015;2865;Wenslingen;Steuersatz_Ertrag_juristische_Personen_Prozent;4.5
2015;2865;Wenslingen;Steuersatz_Kapital_juristische_Personen_Promille;2.75
2015;2866;Wintersingen;Steuerfuss_natürliche_Personen_Prozent;59.0
2015;2866;Wintersingen;Steuersatz_Ertrag_juristische_Personen_Prozent;4.5
2015;2866;Wintersingen;Steuersatz_Kapital_juristische_Personen_Promille;2.75
2015;2867;Wittinsburg;Steuerfuss_natürliche_Personen_Prozent;60.0
2015;2867;Wittinsburg;Steuersatz_Ertrag_juristische_Personen_Prozent;4.5
2015;2867;Wittinsburg;Steuersatz_Kapital_juristische_Personen_Promille;2.75
2015;2868;Zeglingen;Steuerfuss_natürliche_Personen_Prozent;66.0
2015;2868;Zeglingen;Steuersatz_Ertrag_juristische_Personen_Prozent;4.5
2015;2868;Zeglingen;Steuersatz_Kapital_juristische_Personen_Promille;2.75
2015;2869;Zunzgen;Steuerfuss_natürliche_Personen_Prozent;55.0
2015;2869;Zunzgen;Steuersatz_Ertrag_juristische_Personen_Prozent;5.0
2015;2869;Zunzgen;Steuersatz_Kapital_juristische_Personen_Promille;2.0
2015;2881;Arboldswil;Steuerfuss_natürliche_Personen_Prozent;60.0
2015;2881;Arboldswil;Steuersatz_Ertrag_juristische_Personen_Prozent;4.5
2015;2881;Arboldswil;Steuersatz_Kapital_juristische_Personen_Promille;2.75
2015;2882;Bennwil;Steuerfuss_natürliche_Personen_Prozent;64.0
2015;2882;Bennwil;Steuersatz_Ertrag_juristische_Personen_Prozent;4.0
2015;2882;Bennwil;Steuersatz_Kapital_juristische_Personen_Promille;2.75
2015;2883;Bretzwil;Steuerfuss_natürliche_Personen_Prozent;58.0
2015;2883;Bretzwil;Steuersatz_Ertrag_juristische_Personen_Prozent;4.0
2015;2883;Bretzwil;Steuersatz_Kapital_juristische_Personen_Promille;2.75
2015;2884;Diegten;Steuerfuss_natürliche_Personen_Prozent;56.0
2015;2884;Diegten;Steuersatz_Ertrag_juristische_Personen_Prozent;4.0
2015;2884;Diegten;Steuersatz_Kapital_juristische_Personen_Promille;2.75
2015;2885;Eptingen;Steuerfuss_natürliche_Personen_Prozent;65.0
2015;2885;Eptingen;Steuersatz_Ertrag_juristische_Personen_Prozent;4.5
2015;2885;Eptingen;Steuersatz_Kapital_juristische_Personen_Promille;2.75
2015;2886;Hölstein;Steuerfuss_natürliche_Personen_Prozent;63.0
2015;2886;Hölstein;Steuersatz_Ertrag_juristische_Personen_Prozent;4.0
2015;2886;Hölstein;Steuersatz_Kapital_juristische_Personen_Promille;2.5
2015;2887;Lampenberg;Steuerfuss_natürliche_Personen_Prozent;62.0
2015;2887;Lampenberg;Steuersatz_Ertrag_juristische_Personen_Prozent;3.0
2015;2887;Lampenberg;Steuersatz_Kapital_juristische_Personen_Promille;2.0
2015;2888;Langenbruck;Steuerfuss_natürliche_Personen_Prozent;54.0
2015;2888;Langenbruck;Steuersatz_Ertrag_juristische_Personen_Prozent;4.5
2015;2888;Langenbruck;Steuersatz_Kapital_juristische_Personen_Promille;2.75
2015;2889;Lauwil;Steuerfuss_natürliche_Personen_Prozent;60.0
2015;2889;Lauwil;Steuersatz_Ertrag_juristische_Personen_Prozent;4.5
2015;2889;Lauwil;Steuersatz_Kapital_juristische_Personen_Promille;2.75
2015;2890;Liedertswil;Steuerfuss_natürliche_Personen_Prozent;55.0
2015;2890;Liedertswil;Steuersatz_Ertrag_juristische_Personen_Prozent;4.5
2015;2890;Liedertswil;Steuersatz_Kapital_juristische_Personen_Promille;2.75
2015;2891;Niederdorf;Steuerfuss_natürliche_Personen_Prozent;64.0
2015;2891;Niederdorf;Steuersatz_Ertrag_juristische_Personen_Prozent;4.5
2015;2891;Niederdorf;Steuersatz_Kapital_juristische_Personen_Promille;2.5
2015;2892;Oberdorf;Steuerfuss_natürliche_Personen_Prozent;58.0
2015;2892;Oberdorf;Steuersatz_Ertrag_juristische_Personen_Prozent;5.0
2015;2892;Oberdorf;Steuersatz_Kapital_juristische_Personen_Promille;2.75
2015;2893;Reigoldswil;Steuerfuss_natürliche_Personen_Prozent;64.0
2015;2893;Reigoldswil;Steuersatz_Ertrag_juristische_Personen_Prozent;4.5
2015;2893;Reigoldswil;Steuersatz_Kapital_juristische_Personen_Promille;2.75
2015;2894;Titterten;Steuerfuss_natürliche_Personen_Prozent;65.0
2015;2894;Titterten;Steuersatz_Ertrag_juristische_Personen_Prozent;4.5
2015;2894;Titterten;Steuersatz_Kapital_juristische_Personen_Promille;2.75
2015;2895;Waldenburg;Steuerfuss_natürliche_Personen_Prozent;67.0
2015;2895;Waldenburg;Steuersatz_Ertrag_juristische_Personen_Prozent;4.75
2015;2895;Waldenburg;Steuersatz_Kapital_juristische_Personen_Promille;2.75
2014;2761;Aesch;Steuerfuss_natürliche_Personen_Prozent;56.0
2014;2761;Aesch;Steuersatz_Ertrag_juristische_Personen_Prozent;4.9
2014;2761;Aesch;Steuersatz_Kapital_juristische_Personen_Promille;2.75
2014;2762;Allschwil;Steuerfuss_natürliche_Personen_Prozent;58.0
2014;2762;Allschwil;Steuersatz_Ertrag_juristische_Personen_Prozent;5.0
2014;2762;Allschwil;Steuersatz_Kapital_juristische_Personen_Promille;2.75
2014;2763;Arlesheim;Steuerfuss_natürliche_Personen_Prozent;45.0
2014;2763;Arlesheim;Steuersatz_Ertrag_juristische_Personen_Prozent;4.0
2014;2763;Arlesheim;Steuersatz_Kapital_juristische_Personen_Promille;2.75
2014;2764;Biel-Benken;Steuerfuss_natürliche_Personen_Prozent;49.0
2014;2764;Biel-Benken;Steuersatz_Ertrag_juristische_Personen_Prozent;3.5
2014;2764;Biel-Benken;Steuersatz_Kapital_juristische_Personen_Promille;2.0
2014;2765;Binningen;Steuerfuss_natürliche_Personen_Prozent;46.0
2014;2765;Binningen;Steuersatz_Ertrag_juristische_Personen_Prozent;2.0
2014;2765;Binningen;Steuersatz_Kapital_juristische_Personen_Promille;1.75
2014;2766;Birsfelden;Steuerfuss_natürliche_Personen_Prozent;62.0
2014;2766;Birsfelden;Steuersatz_Ertrag_juristische_Personen_Prozent;5.0
2014;2766;Birsfelden;Steuersatz_Kapital_juristische_Personen_Promille;2.75
2014;2767;Bottmingen;Steuerfuss_natürliche_Personen_Prozent;42.0
2014;2767;Bottmingen;Steuersatz_Ertrag_juristische_Personen_Prozent;2.0
2014;2767;Bottmingen;Steuersatz_Kapital_juristische_Personen_Promille;2.75
2014;2768;Ettingen;Steuerfuss_natürliche_Personen_Prozent;61.0
2014;2768;Ettingen;Steuersatz_Ertrag_juristische_Personen_Prozent;4.5
2014;2768;Ettingen;Steuersatz_Kapital_juristische_Personen_Promille;2.75
2014;2769;Münchenstein;Steuerfuss_natürliche_Personen_Prozent;59.0
2014;2769;Münchenstein;Steuersatz_Ertrag_juristische_Personen_Prozent;5.0
2014;2769;Münchenstein;Steuersatz_Kapital_juristische_Personen_Promille;2.75
2014;2770;Muttenz;Steuerfuss_natürliche_Personen_Prozent;56.0
2014;2770;Muttenz;Steuersatz_Ertrag_juristische_Personen_Prozent;5.0
2014;2770;Muttenz;Steuersatz_Kapital_juristische_Personen_Promille;2.75
2014;2771;Oberwil;Steuerfuss_natürliche_Personen_Prozent;48.0
2014;2771;Oberwil;Steuersatz_Ertrag_juristische_Personen_Prozent;4.0
2014;2771;Oberwil;Steuersatz_Kapital_juristische_Personen_Promille;2.75
2014;2772;Pfeffingen;Steuerfuss_natürliche_Personen_Prozent;45.0
2014;2772;Pfeffingen;Steuersatz_Ertrag_juristische_Personen_Prozent;4.4
2014;2772;Pfeffingen;Steuersatz_Kapital_juristische_Personen_Promille;2.5
2014;2773;Reinach;Steuerfuss_natürliche_Personen_Prozent;52.5
2014;2773;Reinach;Steuersatz_Ertrag_juristische_Personen_Prozent;4.8
2014;2773;Reinach;Steuersatz_Kapital_juristische_Personen_Promille;2.75
2014;2774;Schönenbuch;Steuerfuss_natürliche_Personen_Prozent;56.0
2014;2774;Schönenbuch;Steuersatz_Ertrag_juristische_Personen_Prozent;4.0
2014;2774;Schönenbuch;Steuersatz_Kapital_juristische_Personen_Promille;2.5
2014;2775;Therwil;Steuerfuss_natürliche_Personen_Prozent;52.0
2014;2775;Therwil;Steuersatz_Ertrag_juristische_Personen_Prozent;4.7
2014;2775;Therwil;Steuersatz_Kapital_juristische_Personen_Promille;2.75
2014;2781;Blauen;Steuerfuss_natürliche_Personen_Prozent;63.0
2014;2781;Blauen;Steuersatz_Ertrag_juristische_Personen_Prozent;4.0
2014;2781;Blauen;Steuersatz_Kapital_juristische_Personen_Promille;2.75
2014;2782;Brislach;Steuerfuss_natürliche_Personen_Prozent;57.0
2014;2782;Brislach;Steuersatz_Ertrag_juristische_Personen_Prozent;4.5
2014;2782;Brislach;Steuersatz_Kapital_juristische_Personen_Promille;2.75
2014;2783;Burg i.L.;Steuerfuss_natürliche_Personen_Prozent;64.0
2014;2783;Burg i.L.;Steuersatz_Ertrag_juristische_Personen_Prozent;3.0
2014;2783;Burg i.L.;Steuersatz_Kapital_juristische_Personen_Promille;2.75
2014;2784;Dittingen;Steuerfuss_natürliche_Personen_Prozent;66.0
2014;2784;Dittingen;Steuersatz_Ertrag_juristische_Personen_Prozent;5.0
2014;2784;Dittingen;Steuersatz_Kapital_juristische_Personen_Promille;2.75
2014;2785;Duggingen;Steuerfuss_natürliche_Personen_Prozent;59.0
2014;2785;Duggingen;Steuersatz_Ertrag_juristische_Personen_Prozent;4.5
2014;2785;Duggingen;Steuersatz_Kapital_juristische_Personen_Promille;2.75
2014;2786;Grellingen;Steuerfuss_natürliche_Personen_Prozent;62.5
2014;2786;Grellingen;Steuersatz_Ertrag_juristische_Personen_Prozent;4.5
2014;2786;Grellingen;Steuersatz_Kapital_juristische_Personen_Promille;2.75
2014;2787;Laufen;Steuerfuss_natürliche_Personen_Prozent;59.0
2014;2787;Laufen;Steuersatz_Ertrag_juristische_Personen_Prozent;4.5
2014;2787;Laufen;Steuersatz_Kapital_juristische_Personen_Promille;2.75
2014;2788;Liesberg;Steuerfuss_natürliche_Personen_Prozent;59.0
2014;2788;Liesberg;Steuersatz_Ertrag_juristische_Personen_Prozent;4.3
2014;2788;Liesberg;Steuersatz_Kapital_juristische_Personen_Promille;2.75
2014;2789;Nenzlingen;Steuerfuss_natürliche_Personen_Prozent;62.5
2014;2789;Nenzlingen;Steuersatz_Ertrag_juristische_Personen_Prozent;4.5
2014;2789;Nenzlingen;Steuersatz_Kapital_juristische_Personen_Promille;2.75
2014;2790;Roggenburg;Steuerfuss_natürliche_Personen_Prozent;64.0
2014;2790;Roggenburg;Steuersatz_Ertrag_juristische_Personen_Prozent;4.5
2014;2790;Roggenburg;Steuersatz_Kapital_juristische_Personen_Promille;2.75
2014;2791;Röschenz;Steuerfuss_natürliche_Personen_Prozent;58.0
2014;2791;Röschenz;Steuersatz_Ertrag_juristische_Personen_Prozent;3.5
2014;2791;Röschenz;Steuersatz_Kapital_juristische_Personen_Promille;2.75
2014;2792;Wahlen;Steuerfuss_natürliche_Personen_Prozent;56.0
2014;2792;Wahlen;Steuersatz_Ertrag_juristische_Personen_Prozent;4.3
2014;2792;Wahlen;Steuersatz_Kapital_juristische_Personen_Promille;2.75
2014;2793;Zwingen;Steuerfuss_natürliche_Personen_Prozent;59.0
2014;2793;Zwingen;Steuersatz_Ertrag_juristische_Personen_Prozent;4.2
2014;2793;Zwingen;Steuersatz_Kapital_juristische_Personen_Promille;2.75
2014;2821;Arisdorf;Steuerfuss_natürliche_Personen_Prozent;59.0
2014;2821;Arisdorf;Steuersatz_Ertrag_juristische_Personen_Prozent;4.5
2014;2821;Arisdorf;Steuersatz_Kapital_juristische_Personen_Promille;2.75
2014;2822;Augst;Steuerfuss_natürliche_Personen_Prozent;53.0
2014;2822;Augst;Steuersatz_Ertrag_juristische_Personen_Prozent;4.2
2014;2822;Augst;Steuersatz_Kapital_juristische_Personen_Promille;2.75
2014;2823;Bubendorf;Steuerfuss_natürliche_Personen_Prozent;63.0
2014;2823;Bubendorf;Steuersatz_Ertrag_juristische_Personen_Prozent;4.4
2014;2823;Bubendorf;Steuersatz_Kapital_juristische_Personen_Promille;2.75
2014;2824;Frenkendorf;Steuerfuss_natürliche_Personen_Prozent;57.0
2014;2824;Frenkendorf;Steuersatz_Ertrag_juristische_Personen_Prozent;4.5
2014;2824;Frenkendorf;Steuersatz_Kapital_juristische_Personen_Promille;2.75
2014;2825;Füllinsdorf;Steuerfuss_natürliche_Personen_Prozent;60.0
2014;2825;Füllinsdorf;Steuersatz_Ertrag_juristische_Personen_Prozent;5.0
2014;2825;Füllinsdorf;Steuersatz_Kapital_juristische_Personen_Promille;2.75
2014;2826;Giebenach;Steuerfuss_natürliche_Personen_Prozent;59.0
2014;2826;Giebenach;Steuersatz_Ertrag_juristische_Personen_Prozent;2.0
2014;2826;Giebenach;Steuersatz_Kapital_juristische_Personen_Promille;2.75
2014;2827;Hersberg;Steuerfuss_natürliche_Personen_Prozent;55.0
2014;2827;Hersberg;Steuersatz_Ertrag_juristische_Personen_Prozent;4.5
2014;2827;Hersberg;Steuersatz_Kapital_juristische_Personen_Promille;2.75
2014;2828;Lausen;Steuerfuss_natürliche_Personen_Prozent;55.0
2014;2828;Lausen;Steuersatz_Ertrag_juristische_Personen_Prozent;3.7
2014;2828;Lausen;Steuersatz_Kapital_juristische_Personen_Promille;2.75
2014;2829;Liestal;Steuerfuss_natürliche_Personen_Prozent;65.0
2014;2829;Liestal;Steuersatz_Ertrag_juristische_Personen_Prozent;5.0
2014;2829;Liestal;Steuersatz_Kapital_juristische_Personen_Promille;2.75
2014;2830;Lupsingen;Steuerfuss_natürliche_Personen_Prozent;58.0
2014;2830;Lupsingen;Steuersatz_Ertrag_juristische_Personen_Prozent;3.5
2014;2830;Lupsingen;Steuersatz_Kapital_juristische_Personen_Promille;2.75
2014;2831;Pratteln;Steuerfuss_natürliche_Personen_Prozent;58.5
2014;2831;Pratteln;Steuersatz_Ertrag_juristische_Personen_Prozent;4.95
2014;2831;Pratteln;Steuersatz_Kapital_juristische_Personen_Promille;2.75
2014;2832;Ramlinsburg;Steuerfuss_natürliche_Personen_Prozent;60.0
2014;2832;Ramlinsburg;Steuersatz_Ertrag_juristische_Personen_Prozent;3.5
2014;2832;Ramlinsburg;Steuersatz_Kapital_juristische_Personen_Promille;2.0
2014;2833;Seltisberg;Steuerfuss_natürliche_Personen_Prozent;52.0
2014;2833;Seltisberg;Steuersatz_Ertrag_juristische_Personen_Prozent;4.0
2014;2833;Seltisberg;Steuersatz_Kapital_juristische_Personen_Promille;2.75
2014;2834;Ziefen;Steuerfuss_natürliche_Personen_Prozent;63.0
2014;2834;Ziefen;Steuersatz_Ertrag_juristische_Personen_Prozent;5.0
2014;2834;Ziefen;Steuersatz_Kapital_juristische_Personen_Promille;2.75
2014;2841;Anwil;Steuerfuss_natürliche_Personen_Prozent;60.0
2014;2841;Anwil;Steuersatz_Ertrag_juristische_Personen_Prozent;4.5
2014;2841;Anwil;Steuersatz_Kapital_juristische_Personen_Promille;2.75
2014;2842;Böckten;Steuerfuss_natürliche_Personen_Prozent;59.0
2014;2842;Böckten;Steuersatz_Ertrag_juristische_Personen_Prozent;4.5
2014;2842;Böckten;Steuersatz_Kapital_juristische_Personen_Promille;2.75
2014;2843;Buckten;Steuerfuss_natürliche_Personen_Prozent;64.0
2014;2843;Buckten;Steuersatz_Ertrag_juristische_Personen_Prozent;4.5
2014;2843;Buckten;Steuersatz_Kapital_juristische_Personen_Promille;2.75
2014;2844;Buus;Steuerfuss_natürliche_Personen_Prozent;62.0
2014;2844;Buus;Steuersatz_Ertrag_juristische_Personen_Prozent;4.5
2014;2844;Buus;Steuersatz_Kapital_juristische_Personen_Promille;2.75
2014;2845;Diepflingen;Steuerfuss_natürliche_Personen_Prozent;65.0
2014;2845;Diepflingen;Steuersatz_Ertrag_juristische_Personen_Prozent;4.5
2014;2845;Diepflingen;Steuersatz_Kapital_juristische_Personen_Promille;2.75
2014;2846;Gelterkinden;Steuerfuss_natürliche_Personen_Prozent;56.0
2014;2846;Gelterkinden;Steuersatz_Ertrag_juristische_Personen_Prozent;3.8
2014;2846;Gelterkinden;Steuersatz_Kapital_juristische_Personen_Promille;2.25
2014;2847;Häfelfingen;Steuerfuss_natürliche_Personen_Prozent;61.0
2014;2847;Häfelfingen;Steuersatz_Ertrag_juristische_Personen_Prozent;4.0
2014;2847;Häfelfingen;Steuersatz_Kapital_juristische_Personen_Promille;2.75
2014;2848;Hemmiken;Steuerfuss_natürliche_Personen_Prozent;68.0
2014;2848;Hemmiken;Steuersatz_Ertrag_juristische_Personen_Prozent;4.5
2014;2848;Hemmiken;Steuersatz_Kapital_juristische_Personen_Promille;2.5
2014;2849;Itingen;Steuerfuss_natürliche_Personen_Prozent;63.0
2014;2849;Itingen;Steuersatz_Ertrag_juristische_Personen_Prozent;4.2
2014;2849;Itingen;Steuersatz_Kapital_juristische_Personen_Promille;2.75
2014;2850;Känerkinden;Steuerfuss_natürliche_Personen_Prozent;59.0
2014;2850;Känerkinden;Steuersatz_Ertrag_juristische_Personen_Prozent;2.0
2014;2850;Känerkinden;Steuersatz_Kapital_juristische_Personen_Promille;2.75
2014;2851;Kilchberg;Steuerfuss_natürliche_Personen_Prozent;64.0
2014;2851;Kilchberg;Steuersatz_Ertrag_juristische_Personen_Prozent;4.5
2014;2851;Kilchberg;Steuersatz_Kapital_juristische_Personen_Promille;2.75
2014;2852;Läufelfingen;Steuerfuss_natürliche_Personen_Prozent;64.2
2014;2852;Läufelfingen;Steuersatz_Ertrag_juristische_Personen_Prozent;4.3
2014;2852;Läufelfingen;Steuersatz_Kapital_juristische_Personen_Promille;2.5
2014;2853;Maisprach;Steuerfuss_natürliche_Personen_Prozent;64.0
2014;2853;Maisprach;Steuersatz_Ertrag_juristische_Personen_Prozent;4.5
2014;2853;Maisprach;Steuersatz_Kapital_juristische_Personen_Promille;2.75
2014;2854;Nusshof;Steuerfuss_natürliche_Personen_Prozent;55.0
2014;2854;Nusshof;Steuersatz_Ertrag_juristische_Personen_Prozent;4.5
2014;2854;Nusshof;Steuersatz_Kapital_juristische_Personen_Promille;2.75
2014;2855;Oltingen;Steuerfuss_natürliche_Personen_Prozent;64.0
2014;2855;Oltingen;Steuersatz_Ertrag_juristische_Personen_Prozent;4.5
2014;2855;Oltingen;Steuersatz_Kapital_juristische_Personen_Promille;2.75
2014;2856;Ormalingen;Steuerfuss_natürliche_Personen_Prozent;61.0
2014;2856;Ormalingen;Steuersatz_Ertrag_juristische_Personen_Prozent;5.0
2014;2856;Ormalingen;Steuersatz_Kapital_juristische_Personen_Promille;2.75
2014;2857;Rickenbach;Steuerfuss_natürliche_Personen_Prozent;62.0
2014;2857;Rickenbach;Steuersatz_Ertrag_juristische_Personen_Prozent;4.5
2014;2857;Rickenbach;Steuersatz_Kapital_juristische_Personen_Promille;2.75
2014;2858;Rothenfluh;Steuerfuss_natürliche_Personen_Prozent;62.0
2014;2858;Rothenfluh;Steuersatz_Ertrag_juristische_Personen_Prozent;5.0
2014;2858;Rothenfluh;Steuersatz_Kapital_juristische_Personen_Promille;2.75
2014;2859;Rümlingen;Steuerfuss_natürliche_Personen_Prozent;63.0
2014;2859;Rümlingen;Steuersatz_Ertrag_juristische_Personen_Prozent;4.5
2014;2859;Rümlingen;Steuersatz_Kapital_juristische_Personen_Promille;2.75
2014;2860;Rünenberg;Steuerfuss_natürliche_Personen_Prozent;60.0
2014;2860;Rünenberg;Steuersatz_Ertrag_juristische_Personen_Prozent;4.0
2014;2860;Rünenberg;Steuersatz_Kapital_juristische_Personen_Promille;2.75
2014;2861;Sissach;Steuerfuss_natürliche_Personen_Prozent;57.0
2014;2861;Sissach;Steuersatz_Ertrag_juristische_Personen_Prozent;4.0
2014;2861;Sissach;Steuersatz_Kapital_juristische_Personen_Promille;2.75
2014;2862;Tecknau;Steuerfuss_natürliche_Personen_Prozent;59.0
2014;2862;Tecknau;Steuersatz_Ertrag_juristische_Personen_Prozent;4.1
2014;2862;Tecknau;Steuersatz_Kapital_juristische_Personen_Promille;2.75
2014;2863;Tenniken;Steuerfuss_natürliche_Personen_Prozent;60.0
2014;2863;Tenniken;Steuersatz_Ertrag_juristische_Personen_Prozent;4.5
2014;2863;Tenniken;Steuersatz_Kapital_juristische_Personen_Promille;2.75
2014;2864;Thürnen;Steuerfuss_natürliche_Personen_Prozent;48.0
2014;2864;Thürnen;Steuersatz_Ertrag_juristische_Personen_Prozent;4.0
2014;2864;Thürnen;Steuersatz_Kapital_juristische_Personen_Promille;2.75
2014;2865;Wenslingen;Steuerfuss_natürliche_Personen_Prozent;58.0
2014;2865;Wenslingen;Steuersatz_Ertrag_juristische_Personen_Prozent;4.5
2014;2865;Wenslingen;Steuersatz_Kapital_juristische_Personen_Promille;2.75
2014;2866;Wintersingen;Steuerfuss_natürliche_Personen_Prozent;59.0
2014;2866;Wintersingen;Steuersatz_Ertrag_juristische_Personen_Prozent;4.5
2014;2866;Wintersingen;Steuersatz_Kapital_juristische_Personen_Promille;2.75
2014;2867;Wittinsburg;Steuerfuss_natürliche_Personen_Prozent;60.0
2014;2867;Wittinsburg;Steuersatz_Ertrag_juristische_Personen_Prozent;4.5
2014;2867;Wittinsburg;Steuersatz_Kapital_juristische_Personen_Promille;2.75
2014;2868;Zeglingen;Steuerfuss_natürliche_Personen_Prozent;66.0
2014;2868;Zeglingen;Steuersatz_Ertrag_juristische_Personen_Prozent;4.5
2014;2868;Zeglingen;Steuersatz_Kapital_juristische_Personen_Promille;2.75
2014;2869;Zunzgen;Steuerfuss_natürliche_Personen_Prozent;55.0
2014;2869;Zunzgen;Steuersatz_Ertrag_juristische_Personen_Prozent;5.0
2014;2869;Zunzgen;Steuersatz_Kapital_juristische_Personen_Promille;2.0
2014;2881;Arboldswil;Steuerfuss_natürliche_Personen_Prozent;60.0
2014;2881;Arboldswil;Steuersatz_Ertrag_juristische_Personen_Prozent;4.5
2014;2881;Arboldswil;Steuersatz_Kapital_juristische_Personen_Promille;2.75
2014;2882;Bennwil;Steuerfuss_natürliche_Personen_Prozent;64.0
2014;2882;Bennwil;Steuersatz_Ertrag_juristische_Personen_Prozent;4.0
2014;2882;Bennwil;Steuersatz_Kapital_juristische_Personen_Promille;2.75
2014;2883;Bretzwil;Steuerfuss_natürliche_Personen_Prozent;58.0
2014;2883;Bretzwil;Steuersatz_Ertrag_juristische_Personen_Prozent;4.0
2014;2883;Bretzwil;Steuersatz_Kapital_juristische_Personen_Promille;2.75
2014;2884;Diegten;Steuerfuss_natürliche_Personen_Prozent;56.0
2014;2884;Diegten;Steuersatz_Ertrag_juristische_Personen_Prozent;4.0
2014;2884;Diegten;Steuersatz_Kapital_juristische_Personen_Promille;2.75
2014;2885;Eptingen;Steuerfuss_natürliche_Personen_Prozent;65.0
2014;2885;Eptingen;Steuersatz_Ertrag_juristische_Personen_Prozent;4.5
2014;2885;Eptingen;Steuersatz_Kapital_juristische_Personen_Promille;2.75
2014;2886;Hölstein;Steuerfuss_natürliche_Personen_Prozent;63.0
2014;2886;Hölstein;Steuersatz_Ertrag_juristische_Personen_Prozent;4.0
2014;2886;Hölstein;Steuersatz_Kapital_juristische_Personen_Promille;2.5
2014;2887;Lampenberg;Steuerfuss_natürliche_Personen_Prozent;62.0
2014;2887;Lampenberg;Steuersatz_Ertrag_juristische_Personen_Prozent;3.0
2014;2887;Lampenberg;Steuersatz_Kapital_juristische_Personen_Promille;2.0
2014;2888;Langenbruck;Steuerfuss_natürliche_Personen_Prozent;54.0
2014;2888;Langenbruck;Steuersatz_Ertrag_juristische_Personen_Prozent;4.5
2014;2888;Langenbruck;Steuersatz_Kapital_juristische_Personen_Promille;2.75
2014;2889;Lauwil;Steuerfuss_natürliche_Personen_Prozent;60.0
2014;2889;Lauwil;Steuersatz_Ertrag_juristische_Personen_Prozent;4.5
2014;2889;Lauwil;Steuersatz_Kapital_juristische_Personen_Promille;2.75
2014;2890;Liedertswil;Steuerfuss_natürliche_Personen_Prozent;55.0
2014;2890;Liedertswil;Steuersatz_Ertrag_juristische_Personen_Prozent;4.5
2014;2890;Liedertswil;Steuersatz_Kapital_juristische_Personen_Promille;2.75
2014;2891;Niederdorf;Steuerfuss_natürliche_Personen_Prozent;64.0
2014;2891;Niederdorf;Steuersatz_Ertrag_juristische_Personen_Prozent;4.5
2014;2891;Niederdorf;Steuersatz_Kapital_juristische_Personen_Promille;2.5
2014;2892;Oberdorf;Steuerfuss_natürliche_Personen_Prozent;58.0
2014;2892;Oberdorf;Steuersatz_Ertrag_juristische_Personen_Prozent;5.0
2014;2892;Oberdorf;Steuersatz_Kapital_juristische_Personen_Promille;2.75
2014;2893;Reigoldswil;Steuerfuss_natürliche_Personen_Prozent;64.0
2014;2893;Reigoldswil;Steuersatz_Ertrag_juristische_Personen_Prozent;4.5
2014;2893;Reigoldswil;Steuersatz_Kapital_juristische_Personen_Promille;2.75
2014;2894;Titterten;Steuerfuss_natürliche_Personen_Prozent;65.0
2014;2894;Titterten;Steuersatz_Ertrag_juristische_Personen_Prozent;4.5
2014;2894;Titterten;Steuersatz_Kapital_juristische_Personen_Promille;2.75
2014;2895;Waldenburg;Steuerfuss_natürliche_Personen_Prozent;67.0
2014;2895;Waldenburg;Steuersatz_Ertrag_juristische_Personen_Prozent;4.75
2014;2895;Waldenburg;Steuersatz_Kapital_juristische_Personen_Promille;2.75
2013;2761;Aesch;Steuerfuss_natürliche_Personen_Prozent;56.0
2013;2761;Aesch;Steuersatz_Ertrag_juristische_Personen_Prozent;4.9
2013;2761;Aesch;Steuersatz_Kapital_juristische_Personen_Promille;2.75
2013;2762;Allschwil;Steuerfuss_natürliche_Personen_Prozent;58.0
2013;2762;Allschwil;Steuersatz_Ertrag_juristische_Personen_Prozent;5.0
2013;2762;Allschwil;Steuersatz_Kapital_juristische_Personen_Promille;2.75
2013;2763;Arlesheim;Steuerfuss_natürliche_Personen_Prozent;45.0
2013;2763;Arlesheim;Steuersatz_Ertrag_juristische_Personen_Prozent;4.0
2013;2763;Arlesheim;Steuersatz_Kapital_juristische_Personen_Promille;2.75
2013;2764;Biel-Benken;Steuerfuss_natürliche_Personen_Prozent;49.0
2013;2764;Biel-Benken;Steuersatz_Ertrag_juristische_Personen_Prozent;3.5
2013;2764;Biel-Benken;Steuersatz_Kapital_juristische_Personen_Promille;2.0
2013;2765;Binningen;Steuerfuss_natürliche_Personen_Prozent;46.0
2013;2765;Binningen;Steuersatz_Ertrag_juristische_Personen_Prozent;2.0
2013;2765;Binningen;Steuersatz_Kapital_juristische_Personen_Promille;1.75
2013;2766;Birsfelden;Steuerfuss_natürliche_Personen_Prozent;62.0
2013;2766;Birsfelden;Steuersatz_Ertrag_juristische_Personen_Prozent;5.0
2013;2766;Birsfelden;Steuersatz_Kapital_juristische_Personen_Promille;2.75
2013;2767;Bottmingen;Steuerfuss_natürliche_Personen_Prozent;42.0
2013;2767;Bottmingen;Steuersatz_Ertrag_juristische_Personen_Prozent;2.0
2013;2767;Bottmingen;Steuersatz_Kapital_juristische_Personen_Promille;2.75
2013;2768;Ettingen;Steuerfuss_natürliche_Personen_Prozent;61.0
2013;2768;Ettingen;Steuersatz_Ertrag_juristische_Personen_Prozent;4.5
2013;2768;Ettingen;Steuersatz_Kapital_juristische_Personen_Promille;2.75
2013;2769;Münchenstein;Steuerfuss_natürliche_Personen_Prozent;59.0
2013;2769;Münchenstein;Steuersatz_Ertrag_juristische_Personen_Prozent;5.0
2013;2769;Münchenstein;Steuersatz_Kapital_juristische_Personen_Promille;2.75
2013;2770;Muttenz;Steuerfuss_natürliche_Personen_Prozent;56.0
2013;2770;Muttenz;Steuersatz_Ertrag_juristische_Personen_Prozent;5.0
2013;2770;Muttenz;Steuersatz_Kapital_juristische_Personen_Promille;2.75
2013;2771;Oberwil;Steuerfuss_natürliche_Personen_Prozent;48.0
2013;2771;Oberwil;Steuersatz_Ertrag_juristische_Personen_Prozent;4.0
2013;2771;Oberwil;Steuersatz_Kapital_juristische_Personen_Promille;2.75
2013;2772;Pfeffingen;Steuerfuss_natürliche_Personen_Prozent;45.0
2013;2772;Pfeffingen;Steuersatz_Ertrag_juristische_Personen_Prozent;4.4
2013;2772;Pfeffingen;Steuersatz_Kapital_juristische_Personen_Promille;2.5
2013;2773;Reinach;Steuerfuss_natürliche_Personen_Prozent;52.5
2013;2773;Reinach;Steuersatz_Ertrag_juristische_Personen_Prozent;4.8
2013;2773;Reinach;Steuersatz_Kapital_juristische_Personen_Promille;2.75
2013;2774;Schönenbuch;Steuerfuss_natürliche_Personen_Prozent;56.0
2013;2774;Schönenbuch;Steuersatz_Ertrag_juristische_Personen_Prozent;4.0
2013;2774;Schönenbuch;Steuersatz_Kapital_juristische_Personen_Promille;2.5
2013;2775;Therwil;Steuerfuss_natürliche_Personen_Prozent;52.0
2013;2775;Therwil;Steuersatz_Ertrag_juristische_Personen_Prozent;4.7
2013;2775;Therwil;Steuersatz_Kapital_juristische_Personen_Promille;2.75
2013;2781;Blauen;Steuerfuss_natürliche_Personen_Prozent;63.0
2013;2781;Blauen;Steuersatz_Ertrag_juristische_Personen_Prozent;4.0
2013;2781;Blauen;Steuersatz_Kapital_juristische_Personen_Promille;2.75
2013;2782;Brislach;Steuerfuss_natürliche_Personen_Prozent;57.0
2013;2782;Brislach;Steuersatz_Ertrag_juristische_Personen_Prozent;4.5
2013;2782;Brislach;Steuersatz_Kapital_juristische_Personen_Promille;2.75
2013;2783;Burg i.L.;Steuerfuss_natürliche_Personen_Prozent;64.0
2013;2783;Burg i.L.;Steuersatz_Ertrag_juristische_Personen_Prozent;3.0
2013;2783;Burg i.L.;Steuersatz_Kapital_juristische_Personen_Promille;2.75
2013;2784;Dittingen;Steuerfuss_natürliche_Personen_Prozent;66.0
2013;2784;Dittingen;Steuersatz_Ertrag_juristische_Personen_Prozent;4.5
2013;2784;Dittingen;Steuersatz_Kapital_juristische_Personen_Promille;2.75
2013;2785;Duggingen;Steuerfuss_natürliche_Personen_Prozent;59.0
2013;2785;Duggingen;Steuersatz_Ertrag_juristische_Personen_Prozent;4.5
2013;2785;Duggingen;Steuersatz_Kapital_juristische_Personen_Promille;2.75
2013;2786;Grellingen;Steuerfuss_natürliche_Personen_Prozent;62.5
2013;2786;Grellingen;Steuersatz_Ertrag_juristische_Personen_Prozent;4.5
2013;2786;Grellingen;Steuersatz_Kapital_juristische_Personen_Promille;2.75
2013;2787;Laufen;Steuerfuss_natürliche_Personen_Prozent;59.0
2013;2787;Laufen;Steuersatz_Ertrag_juristische_Personen_Prozent;4.5
2013;2787;Laufen;Steuersatz_Kapital_juristische_Personen_Promille;2.75
2013;2788;Liesberg;Steuerfuss_natürliche_Personen_Prozent;59.0
2013;2788;Liesberg;Steuersatz_Ertrag_juristische_Personen_Prozent;4.3
2013;2788;Liesberg;Steuersatz_Kapital_juristische_Personen_Promille;2.75
2013;2789;Nenzlingen;Steuerfuss_natürliche_Personen_Prozent;62.5
2013;2789;Nenzlingen;Steuersatz_Ertrag_juristische_Personen_Prozent;4.5
2013;2789;Nenzlingen;Steuersatz_Kapital_juristische_Personen_Promille;2.75
2013;2790;Roggenburg;Steuerfuss_natürliche_Personen_Prozent;64.0
2013;2790;Roggenburg;Steuersatz_Ertrag_juristische_Personen_Prozent;4.5
2013;2790;Roggenburg;Steuersatz_Kapital_juristische_Personen_Promille;2.75
2013;2791;Röschenz;Steuerfuss_natürliche_Personen_Prozent;58.0
2013;2791;Röschenz;Steuersatz_Ertrag_juristische_Personen_Prozent;3.5
2013;2791;Röschenz;Steuersatz_Kapital_juristische_Personen_Promille;2.75
2013;2792;Wahlen;Steuerfuss_natürliche_Personen_Prozent;56.0
2013;2792;Wahlen;Steuersatz_Ertrag_juristische_Personen_Prozent;4.3
2013;2792;Wahlen;Steuersatz_Kapital_juristische_Personen_Promille;2.75
2013;2793;Zwingen;Steuerfuss_natürliche_Personen_Prozent;59.0
2013;2793;Zwingen;Steuersatz_Ertrag_juristische_Personen_Prozent;4.2
2013;2793;Zwingen;Steuersatz_Kapital_juristische_Personen_Promille;2.75
2013;2821;Arisdorf;Steuerfuss_natürliche_Personen_Prozent;59.0
2013;2821;Arisdorf;Steuersatz_Ertrag_juristische_Personen_Prozent;4.5
2013;2821;Arisdorf;Steuersatz_Kapital_juristische_Personen_Promille;2.75
2013;2822;Augst;Steuerfuss_natürliche_Personen_Prozent;53.0
2013;2822;Augst;Steuersatz_Ertrag_juristische_Personen_Prozent;4.2
2013;2822;Augst;Steuersatz_Kapital_juristische_Personen_Promille;2.75
2013;2823;Bubendorf;Steuerfuss_natürliche_Personen_Prozent;63.0
2013;2823;Bubendorf;Steuersatz_Ertrag_juristische_Personen_Prozent;4.4
2013;2823;Bubendorf;Steuersatz_Kapital_juristische_Personen_Promille;2.75
2013;2824;Frenkendorf;Steuerfuss_natürliche_Personen_Prozent;57.0
2013;2824;Frenkendorf;Steuersatz_Ertrag_juristische_Personen_Prozent;4.5
2013;2824;Frenkendorf;Steuersatz_Kapital_juristische_Personen_Promille;2.75
2013;2825;Füllinsdorf;Steuerfuss_natürliche_Personen_Prozent;60.0
2013;2825;Füllinsdorf;Steuersatz_Ertrag_juristische_Personen_Prozent;5.0
2013;2825;Füllinsdorf;Steuersatz_Kapital_juristische_Personen_Promille;2.75
2013;2826;Giebenach;Steuerfuss_natürliche_Personen_Prozent;59.0
2013;2826;Giebenach;Steuersatz_Ertrag_juristische_Personen_Prozent;2.0
2013;2826;Giebenach;Steuersatz_Kapital_juristische_Personen_Promille;2.75
2013;2827;Hersberg;Steuerfuss_natürliche_Personen_Prozent;55.0
2013;2827;Hersberg;Steuersatz_Ertrag_juristische_Personen_Prozent;4.5
2013;2827;Hersberg;Steuersatz_Kapital_juristische_Personen_Promille;2.75
2013;2828;Lausen;Steuerfuss_natürliche_Personen_Prozent;55.0
2013;2828;Lausen;Steuersatz_Ertrag_juristische_Personen_Prozent;3.7
2013;2828;Lausen;Steuersatz_Kapital_juristische_Personen_Promille;2.75
2013;2829;Liestal;Steuerfuss_natürliche_Personen_Prozent;66.0
2013;2829;Liestal;Steuersatz_Ertrag_juristische_Personen_Prozent;5.0
2013;2829;Liestal;Steuersatz_Kapital_juristische_Personen_Promille;2.75
2013;2830;Lupsingen;Steuerfuss_natürliche_Personen_Prozent;58.0
2013;2830;Lupsingen;Steuersatz_Ertrag_juristische_Personen_Prozent;3.5
2013;2830;Lupsingen;Steuersatz_Kapital_juristische_Personen_Promille;2.75
2013;2831;Pratteln;Steuerfuss_natürliche_Personen_Prozent;58.5
2013;2831;Pratteln;Steuersatz_Ertrag_juristische_Personen_Prozent;4.95
2013;2831;Pratteln;Steuersatz_Kapital_juristische_Personen_Promille;2.75
2013;2832;Ramlinsburg;Steuerfuss_natürliche_Personen_Prozent;60.0
2013;2832;Ramlinsburg;Steuersatz_Ertrag_juristische_Personen_Prozent;3.5
2013;2832;Ramlinsburg;Steuersatz_Kapital_juristische_Personen_Promille;2.0
2013;2833;Seltisberg;Steuerfuss_natürliche_Personen_Prozent;52.0
2013;2833;Seltisberg;Steuersatz_Ertrag_juristische_Personen_Prozent;4.0
2013;2833;Seltisberg;Steuersatz_Kapital_juristische_Personen_Promille;2.75
2013;2834;Ziefen;Steuerfuss_natürliche_Personen_Prozent;63.0
2013;2834;Ziefen;Steuersatz_Ertrag_juristische_Personen_Prozent;5.0
2013;2834;Ziefen;Steuersatz_Kapital_juristische_Personen_Promille;2.75
2013;2841;Anwil;Steuerfuss_natürliche_Personen_Prozent;60.0
2013;2841;Anwil;Steuersatz_Ertrag_juristische_Personen_Prozent;4.5
2013;2841;Anwil;Steuersatz_Kapital_juristische_Personen_Promille;2.75
2013;2842;Böckten;Steuerfuss_natürliche_Personen_Prozent;59.0
2013;2842;Böckten;Steuersatz_Ertrag_juristische_Personen_Prozent;4.5
2013;2842;Böckten;Steuersatz_Kapital_juristische_Personen_Promille;2.75
2013;2843;Buckten;Steuerfuss_natürliche_Personen_Prozent;64.0
2013;2843;Buckten;Steuersatz_Ertrag_juristische_Personen_Prozent;4.5
2013;2843;Buckten;Steuersatz_Kapital_juristische_Personen_Promille;2.75
2013;2844;Buus;Steuerfuss_natürliche_Personen_Prozent;62.0
2013;2844;Buus;Steuersatz_Ertrag_juristische_Personen_Prozent;4.5
2013;2844;Buus;Steuersatz_Kapital_juristische_Personen_Promille;2.75
2013;2845;Diepflingen;Steuerfuss_natürliche_Personen_Prozent;65.0
2013;2845;Diepflingen;Steuersatz_Ertrag_juristische_Personen_Prozent;4.5
2013;2845;Diepflingen;Steuersatz_Kapital_juristische_Personen_Promille;2.75
2013;2846;Gelterkinden;Steuerfuss_natürliche_Personen_Prozent;56.0
2013;2846;Gelterkinden;Steuersatz_Ertrag_juristische_Personen_Prozent;3.8
2013;2846;Gelterkinden;Steuersatz_Kapital_juristische_Personen_Promille;2.25
2013;2847;Häfelfingen;Steuerfuss_natürliche_Personen_Prozent;61.0
2013;2847;Häfelfingen;Steuersatz_Ertrag_juristische_Personen_Prozent;4.0
2013;2847;Häfelfingen;Steuersatz_Kapital_juristische_Personen_Promille;2.75
2013;2848;Hemmiken;Steuerfuss_natürliche_Personen_Prozent;68.0
2013;2848;Hemmiken;Steuersatz_Ertrag_juristische_Personen_Prozent;4.5
2013;2848;Hemmiken;Steuersatz_Kapital_juristische_Personen_Promille;2.5
2013;2849;Itingen;Steuerfuss_natürliche_Personen_Prozent;63.0
2013;2849;Itingen;Steuersatz_Ertrag_juristische_Personen_Prozent;4.2
2013;2849;Itingen;Steuersatz_Kapital_juristische_Personen_Promille;2.75
2013;2850;Känerkinden;Steuerfuss_natürliche_Personen_Prozent;59.0
2013;2850;Känerkinden;Steuersatz_Ertrag_juristische_Personen_Prozent;2.0
2013;2850;Känerkinden;Steuersatz_Kapital_juristische_Personen_Promille;2.75
2013;2851;Kilchberg;Steuerfuss_natürliche_Personen_Prozent;64.0
2013;2851;Kilchberg;Steuersatz_Ertrag_juristische_Personen_Prozent;4.5
2013;2851;Kilchberg;Steuersatz_Kapital_juristische_Personen_Promille;2.75
2013;2852;Läufelfingen;Steuerfuss_natürliche_Personen_Prozent;64.2
2013;2852;Läufelfingen;Steuersatz_Ertrag_juristische_Personen_Prozent;4.3
2013;2852;Läufelfingen;Steuersatz_Kapital_juristische_Personen_Promille;2.5
2013;2853;Maisprach;Steuerfuss_natürliche_Personen_Prozent;64.0
2013;2853;Maisprach;Steuersatz_Ertrag_juristische_Personen_Prozent;4.5
2013;2853;Maisprach;Steuersatz_Kapital_juristische_Personen_Promille;2.75
2013;2854;Nusshof;Steuerfuss_natürliche_Personen_Prozent;55.0
2013;2854;Nusshof;Steuersatz_Ertrag_juristische_Personen_Prozent;4.5
2013;2854;Nusshof;Steuersatz_Kapital_juristische_Personen_Promille;2.75
2013;2855;Oltingen;Steuerfuss_natürliche_Personen_Prozent;64.0
2013;2855;Oltingen;Steuersatz_Ertrag_juristische_Personen_Prozent;4.5
2013;2855;Oltingen;Steuersatz_Kapital_juristische_Personen_Promille;2.75
2013;2856;Ormalingen;Steuerfuss_natürliche_Personen_Prozent;61.0
2013;2856;Ormalingen;Steuersatz_Ertrag_juristische_Personen_Prozent;5.0
2013;2856;Ormalingen;Steuersatz_Kapital_juristische_Personen_Promille;2.75
2013;2857;Rickenbach;Steuerfuss_natürliche_Personen_Prozent;62.0
2013;2857;Rickenbach;Steuersatz_Ertrag_juristische_Personen_Prozent;4.5
2013;2857;Rickenbach;Steuersatz_Kapital_juristische_Personen_Promille;2.75
2013;2858;Rothenfluh;Steuerfuss_natürliche_Personen_Prozent;62.0
2013;2858;Rothenfluh;Steuersatz_Ertrag_juristische_Personen_Prozent;5.0
2013;2858;Rothenfluh;Steuersatz_Kapital_juristische_Personen_Promille;2.75
2013;2859;Rümlingen;Steuerfuss_natürliche_Personen_Prozent;63.0
2013;2859;Rümlingen;Steuersatz_Ertrag_juristische_Personen_Prozent;4.5
2013;2859;Rümlingen;Steuersatz_Kapital_juristische_Personen_Promille;2.75
2013;2860;Rünenberg;Steuerfuss_natürliche_Personen_Prozent;60.0
2013;2860;Rünenberg;Steuersatz_Ertrag_juristische_Personen_Prozent;4.0
2013;2860;Rünenberg;Steuersatz_Kapital_juristische_Personen_Promille;2.75
2013;2861;Sissach;Steuerfuss_natürliche_Personen_Prozent;57.0
2013;2861;Sissach;Steuersatz_Ertrag_juristische_Personen_Prozent;4.0
2013;2861;Sissach;Steuersatz_Kapital_juristische_Personen_Promille;2.75
2013;2862;Tecknau;Steuerfuss_natürliche_Personen_Prozent;59.0
2013;2862;Tecknau;Steuersatz_Ertrag_juristische_Personen_Prozent;4.1
2013;2862;Tecknau;Steuersatz_Kapital_juristische_Personen_Promille;2.75
2013;2863;Tenniken;Steuerfuss_natürliche_Personen_Prozent;60.0
2013;2863;Tenniken;Steuersatz_Ertrag_juristische_Personen_Prozent;4.5
2013;2863;Tenniken;Steuersatz_Kapital_juristische_Personen_Promille;2.75
2013;2864;Thürnen;Steuerfuss_natürliche_Personen_Prozent;48.0
2013;2864;Thürnen;Steuersatz_Ertrag_juristische_Personen_Prozent;4.0
2013;2864;Thürnen;Steuersatz_Kapital_juristische_Personen_Promille;2.75
2013;2865;Wenslingen;Steuerfuss_natürliche_Personen_Prozent;58.0
2013;2865;Wenslingen;Steuersatz_Ertrag_juristische_Personen_Prozent;4.5
2013;2865;Wenslingen;Steuersatz_Kapital_juristische_Personen_Promille;2.75
2013;2866;Wintersingen;Steuerfuss_natürliche_Personen_Prozent;61.0
2013;2866;Wintersingen;Steuersatz_Ertrag_juristische_Personen_Prozent;4.5
2013;2866;Wintersingen;Steuersatz_Kapital_juristische_Personen_Promille;2.75
2013;2867;Wittinsburg;Steuerfuss_natürliche_Personen_Prozent;60.0
2013;2867;Wittinsburg;Steuersatz_Ertrag_juristische_Personen_Prozent;4.5
2013;2867;Wittinsburg;Steuersatz_Kapital_juristische_Personen_Promille;2.75
2013;2868;Zeglingen;Steuerfuss_natürliche_Personen_Prozent;66.0
2013;2868;Zeglingen;Steuersatz_Ertrag_juristische_Personen_Prozent;4.5
2013;2868;Zeglingen;Steuersatz_Kapital_juristische_Personen_Promille;2.75
2013;2869;Zunzgen;Steuerfuss_natürliche_Personen_Prozent;55.0
2013;2869;Zunzgen;Steuersatz_Ertrag_juristische_Personen_Prozent;5.0
2013;2869;Zunzgen;Steuersatz_Kapital_juristische_Personen_Promille;2.0
2013;2881;Arboldswil;Steuerfuss_natürliche_Personen_Prozent;60.0
2013;2881;Arboldswil;Steuersatz_Ertrag_juristische_Personen_Prozent;4.5
2013;2881;Arboldswil;Steuersatz_Kapital_juristische_Personen_Promille;2.75
2013;2882;Bennwil;Steuerfuss_natürliche_Personen_Prozent;64.0
2013;2882;Bennwil;Steuersatz_Ertrag_juristische_Personen_Prozent;4.0
2013;2882;Bennwil;Steuersatz_Kapital_juristische_Personen_Promille;2.75
2013;2883;Bretzwil;Steuerfuss_natürliche_Personen_Prozent;58.0
2013;2883;Bretzwil;Steuersatz_Ertrag_juristische_Personen_Prozent;4.0
2013;2883;Bretzwil;Steuersatz_Kapital_juristische_Personen_Promille;2.75
2013;2884;Diegten;Steuerfuss_natürliche_Personen_Prozent;56.0
2013;2884;Diegten;Steuersatz_Ertrag_juristische_Personen_Prozent;4.0
2013;2884;Diegten;Steuersatz_Kapital_juristische_Personen_Promille;2.75
2013;2885;Eptingen;Steuerfuss_natürliche_Personen_Prozent;65.0
2013;2885;Eptingen;Steuersatz_Ertrag_juristische_Personen_Prozent;4.5
2013;2885;Eptingen;Steuersatz_Kapital_juristische_Personen_Promille;2.75
2013;2886;Hölstein;Steuerfuss_natürliche_Personen_Prozent;63.0
2013;2886;Hölstein;Steuersatz_Ertrag_juristische_Personen_Prozent;4.0
2013;2886;Hölstein;Steuersatz_Kapital_juristische_Personen_Promille;2.5
2013;2887;Lampenberg;Steuerfuss_natürliche_Personen_Prozent;62.0
2013;2887;Lampenberg;Steuersatz_Ertrag_juristische_Personen_Prozent;3.0
2013;2887;Lampenberg;Steuersatz_Kapital_juristische_Personen_Promille;2.0
2013;2888;Langenbruck;Steuerfuss_natürliche_Personen_Prozent;54.0
2013;2888;Langenbruck;Steuersatz_Ertrag_juristische_Personen_Prozent;4.5
2013;2888;Langenbruck;Steuersatz_Kapital_juristische_Personen_Promille;2.75
2013;2889;Lauwil;Steuerfuss_natürliche_Personen_Prozent;60.0
2013;2889;Lauwil;Steuersatz_Ertrag_juristische_Personen_Prozent;4.5
2013;2889;Lauwil;Steuersatz_Kapital_juristische_Personen_Promille;2.75
2013;2890;Liedertswil;Steuerfuss_natürliche_Personen_Prozent;55.0
2013;2890;Liedertswil;Steuersatz_Ertrag_juristische_Personen_Prozent;4.5
2013;2890;Liedertswil;Steuersatz_Kapital_juristische_Personen_Promille;2.75
2013;2891;Niederdorf;Steuerfuss_natürliche_Personen_Prozent;64.0
2013;2891;Niederdorf;Steuersatz_Ertrag_juristische_Personen_Prozent;4.5
2013;2891;Niederdorf;Steuersatz_Kapital_juristische_Personen_Promille;2.5
2013;2892;Oberdorf;Steuerfuss_natürliche_Personen_Prozent;58.0
2013;2892;Oberdorf;Steuersatz_Ertrag_juristische_Personen_Prozent;5.0
2013;2892;Oberdorf;Steuersatz_Kapital_juristische_Personen_Promille;2.75
2013;2893;Reigoldswil;Steuerfuss_natürliche_Personen_Prozent;64.0
2013;2893;Reigoldswil;Steuersatz_Ertrag_juristische_Personen_Prozent;4.5
2013;2893;Reigoldswil;Steuersatz_Kapital_juristische_Personen_Promille;2.75
2013;2894;Titterten;Steuerfuss_natürliche_Personen_Prozent;65.0
2013;2894;Titterten;Steuersatz_Ertrag_juristische_Personen_Prozent;4.5
2013;2894;Titterten;Steuersatz_Kapital_juristische_Personen_Promille;2.75
2013;2895;Waldenburg;Steuerfuss_natürliche_Personen_Prozent;67.0
2013;2895;Waldenburg;Steuersatz_Ertrag_juristische_Personen_Prozent;4.75
2013;2895;Waldenburg;Steuersatz_Kapital_juristische_Personen_Promille;2.75
2012;2761;Aesch;Steuerfuss_natürliche_Personen_Prozent;56.0
2012;2761;Aesch;Steuersatz_Ertrag_juristische_Personen_Prozent;4.9
2012;2761;Aesch;Steuersatz_Kapital_juristische_Personen_Promille;2.75
2012;2762;Allschwil;Steuerfuss_natürliche_Personen_Prozent;58.0
2012;2762;Allschwil;Steuersatz_Ertrag_juristische_Personen_Prozent;5.0
2012;2762;Allschwil;Steuersatz_Kapital_juristische_Personen_Promille;2.75
2012;2763;Arlesheim;Steuerfuss_natürliche_Personen_Prozent;45.0
2012;2763;Arlesheim;Steuersatz_Ertrag_juristische_Personen_Prozent;4.0
2012;2763;Arlesheim;Steuersatz_Kapital_juristische_Personen_Promille;2.75
2012;2764;Biel-Benken;Steuerfuss_natürliche_Personen_Prozent;49.0
2012;2764;Biel-Benken;Steuersatz_Ertrag_juristische_Personen_Prozent;3.5
2012;2764;Biel-Benken;Steuersatz_Kapital_juristische_Personen_Promille;2.0
2012;2765;Binningen;Steuerfuss_natürliche_Personen_Prozent;46.0
2012;2765;Binningen;Steuersatz_Ertrag_juristische_Personen_Prozent;2.0
2012;2765;Binningen;Steuersatz_Kapital_juristische_Personen_Promille;1.75
2012;2766;Birsfelden;Steuerfuss_natürliche_Personen_Prozent;62.0
2012;2766;Birsfelden;Steuersatz_Ertrag_juristische_Personen_Prozent;5.0
2012;2766;Birsfelden;Steuersatz_Kapital_juristische_Personen_Promille;2.75
2012;2767;Bottmingen;Steuerfuss_natürliche_Personen_Prozent;42.0
2012;2767;Bottmingen;Steuersatz_Ertrag_juristische_Personen_Prozent;2.0
2012;2767;Bottmingen;Steuersatz_Kapital_juristische_Personen_Promille;2.75
2012;2768;Ettingen;Steuerfuss_natürliche_Personen_Prozent;61.0
2012;2768;Ettingen;Steuersatz_Ertrag_juristische_Personen_Prozent;4.5
2012;2768;Ettingen;Steuersatz_Kapital_juristische_Personen_Promille;2.75
2012;2769;Münchenstein;Steuerfuss_natürliche_Personen_Prozent;59.0
2012;2769;Münchenstein;Steuersatz_Ertrag_juristische_Personen_Prozent;5.0
2012;2769;Münchenstein;Steuersatz_Kapital_juristische_Personen_Promille;2.75
2012;2770;Muttenz;Steuerfuss_natürliche_Personen_Prozent;56.0
2012;2770;Muttenz;Steuersatz_Ertrag_juristische_Personen_Prozent;5.0
2012;2770;Muttenz;Steuersatz_Kapital_juristische_Personen_Promille;2.75
2012;2771;Oberwil;Steuerfuss_natürliche_Personen_Prozent;48.0
2012;2771;Oberwil;Steuersatz_Ertrag_juristische_Personen_Prozent;4.0
2012;2771;Oberwil;Steuersatz_Kapital_juristische_Personen_Promille;2.75
2012;2772;Pfeffingen;Steuerfuss_natürliche_Personen_Prozent;45.0
2012;2772;Pfeffingen;Steuersatz_Ertrag_juristische_Personen_Prozent;4.4
2012;2772;Pfeffingen;Steuersatz_Kapital_juristische_Personen_Promille;2.5
2012;2773;Reinach;Steuerfuss_natürliche_Personen_Prozent;52.5
2012;2773;Reinach;Steuersatz_Ertrag_juristische_Personen_Prozent;4.8
2012;2773;Reinach;Steuersatz_Kapital_juristische_Personen_Promille;2.75
2012;2774;Schönenbuch;Steuerfuss_natürliche_Personen_Prozent;56.0
2012;2774;Schönenbuch;Steuersatz_Ertrag_juristische_Personen_Prozent;4.0
2012;2774;Schönenbuch;Steuersatz_Kapital_juristische_Personen_Promille;2.5
2012;2775;Therwil;Steuerfuss_natürliche_Personen_Prozent;52.0
2012;2775;Therwil;Steuersatz_Ertrag_juristische_Personen_Prozent;4.7
2012;2775;Therwil;Steuersatz_Kapital_juristische_Personen_Promille;2.75
2012;2781;Blauen;Steuerfuss_natürliche_Personen_Prozent;63.0
2012;2781;Blauen;Steuersatz_Ertrag_juristische_Personen_Prozent;4.0
2012;2781;Blauen;Steuersatz_Kapital_juristische_Personen_Promille;2.75
2012;2782;Brislach;Steuerfuss_natürliche_Personen_Prozent;57.0
2012;2782;Brislach;Steuersatz_Ertrag_juristische_Personen_Prozent;4.5
2012;2782;Brislach;Steuersatz_Kapital_juristische_Personen_Promille;2.75
2012;2783;Burg i.L.;Steuerfuss_natürliche_Personen_Prozent;64.0
2012;2783;Burg i.L.;Steuersatz_Ertrag_juristische_Personen_Prozent;3.0
2012;2783;Burg i.L.;Steuersatz_Kapital_juristische_Personen_Promille;2.75
2012;2784;Dittingen;Steuerfuss_natürliche_Personen_Prozent;66.0
2012;2784;Dittingen;Steuersatz_Ertrag_juristische_Personen_Prozent;4.5
2012;2784;Dittingen;Steuersatz_Kapital_juristische_Personen_Promille;2.75
2012;2785;Duggingen;Steuerfuss_natürliche_Personen_Prozent;59.0
2012;2785;Duggingen;Steuersatz_Ertrag_juristische_Personen_Prozent;4.5
2012;2785;Duggingen;Steuersatz_Kapital_juristische_Personen_Promille;2.75
2012;2786;Grellingen;Steuerfuss_natürliche_Personen_Prozent;60.0
2012;2786;Grellingen;Steuersatz_Ertrag_juristische_Personen_Prozent;4.0
2012;2786;Grellingen;Steuersatz_Kapital_juristische_Personen_Promille;2.75
2012;2787;Laufen;Steuerfuss_natürliche_Personen_Prozent;59.0
2012;2787;Laufen;Steuersatz_Ertrag_juristische_Personen_Prozent;4.5
2012;2787;Laufen;Steuersatz_Kapital_juristische_Personen_Promille;2.75
2012;2788;Liesberg;Steuerfuss_natürliche_Personen_Prozent;59.0
2012;2788;Liesberg;Steuersatz_Ertrag_juristische_Personen_Prozent;4.3
2012;2788;Liesberg;Steuersatz_Kapital_juristische_Personen_Promille;2.75
2012;2789;Nenzlingen;Steuerfuss_natürliche_Personen_Prozent;62.5
2012;2789;Nenzlingen;Steuersatz_Ertrag_juristische_Personen_Prozent;4.5
2012;2789;Nenzlingen;Steuersatz_Kapital_juristische_Personen_Promille;2.75
2012;2790;Roggenburg;Steuerfuss_natürliche_Personen_Prozent;64.0
2012;2790;Roggenburg;Steuersatz_Ertrag_juristische_Personen_Prozent;4.5
2012;2790;Roggenburg;Steuersatz_Kapital_juristische_Personen_Promille;2.75
2012;2791;Röschenz;Steuerfuss_natürliche_Personen_Prozent;58.0
2012;2791;Röschenz;Steuersatz_Ertrag_juristische_Personen_Prozent;3.5
2012;2791;Röschenz;Steuersatz_Kapital_juristische_Personen_Promille;2.75
2012;2792;Wahlen;Steuerfuss_natürliche_Personen_Prozent;56.0
2012;2792;Wahlen;Steuersatz_Ertrag_juristische_Personen_Prozent;4.3
2012;2792;Wahlen;Steuersatz_Kapital_juristische_Personen_Promille;2.75
2012;2793;Zwingen;Steuerfuss_natürliche_Personen_Prozent;59.0
2012;2793;Zwingen;Steuersatz_Ertrag_juristische_Personen_Prozent;4.2
2012;2793;Zwingen;Steuersatz_Kapital_juristische_Personen_Promille;2.75
2012;2821;Arisdorf;Steuerfuss_natürliche_Personen_Prozent;59.0
2012;2821;Arisdorf;Steuersatz_Ertrag_juristische_Personen_Prozent;4.5
2012;2821;Arisdorf;Steuersatz_Kapital_juristische_Personen_Promille;2.75
2012;2822;Augst;Steuerfuss_natürliche_Personen_Prozent;53.0
2012;2822;Augst;Steuersatz_Ertrag_juristische_Personen_Prozent;4.2
2012;2822;Augst;Steuersatz_Kapital_juristische_Personen_Promille;2.75
2012;2823;Bubendorf;Steuerfuss_natürliche_Personen_Prozent;63.0
2012;2823;Bubendorf;Steuersatz_Ertrag_juristische_Personen_Prozent;4.4
2012;2823;Bubendorf;Steuersatz_Kapital_juristische_Personen_Promille;2.75
2012;2824;Frenkendorf;Steuerfuss_natürliche_Personen_Prozent;57.0
2012;2824;Frenkendorf;Steuersatz_Ertrag_juristische_Personen_Prozent;4.5
2012;2824;Frenkendorf;Steuersatz_Kapital_juristische_Personen_Promille;2.75
2012;2825;Füllinsdorf;Steuerfuss_natürliche_Personen_Prozent;60.0
2012;2825;Füllinsdorf;Steuersatz_Ertrag_juristische_Personen_Prozent;5.0
2012;2825;Füllinsdorf;Steuersatz_Kapital_juristische_Personen_Promille;2.75
2012;2826;Giebenach;Steuerfuss_natürliche_Personen_Prozent;59.0
2012;2826;Giebenach;Steuersatz_Ertrag_juristische_Personen_Prozent;2.0
2012;2826;Giebenach;Steuersatz_Kapital_juristische_Personen_Promille;2.75
2012;2827;Hersberg;Steuerfuss_natürliche_Personen_Prozent;55.0
2012;2827;Hersberg;Steuersatz_Ertrag_juristische_Personen_Prozent;4.5
2012;2827;Hersberg;Steuersatz_Kapital_juristische_Personen_Promille;2.75
2012;2828;Lausen;Steuerfuss_natürliche_Personen_Prozent;55.0
2012;2828;Lausen;Steuersatz_Ertrag_juristische_Personen_Prozent;3.7
2012;2828;Lausen;Steuersatz_Kapital_juristische_Personen_Promille;2.75
2012;2829;Liestal;Steuerfuss_natürliche_Personen_Prozent;66.0
2012;2829;Liestal;Steuersatz_Ertrag_juristische_Personen_Prozent;5.0
2012;2829;Liestal;Steuersatz_Kapital_juristische_Personen_Promille;2.75
2012;2830;Lupsingen;Steuerfuss_natürliche_Personen_Prozent;58.0
2012;2830;Lupsingen;Steuersatz_Ertrag_juristische_Personen_Prozent;3.5
2012;2830;Lupsingen;Steuersatz_Kapital_juristische_Personen_Promille;2.75
2012;2831;Pratteln;Steuerfuss_natürliche_Personen_Prozent;60.0
2012;2831;Pratteln;Steuersatz_Ertrag_juristische_Personen_Prozent;4.95
2012;2831;Pratteln;Steuersatz_Kapital_juristische_Personen_Promille;2.75
2012;2832;Ramlinsburg;Steuerfuss_natürliche_Personen_Prozent;60.0
2012;2832;Ramlinsburg;Steuersatz_Ertrag_juristische_Personen_Prozent;3.5
2012;2832;Ramlinsburg;Steuersatz_Kapital_juristische_Personen_Promille;2.0
2012;2833;Seltisberg;Steuerfuss_natürliche_Personen_Prozent;52.0
2012;2833;Seltisberg;Steuersatz_Ertrag_juristische_Personen_Prozent;4.0
2012;2833;Seltisberg;Steuersatz_Kapital_juristische_Personen_Promille;2.75
2012;2834;Ziefen;Steuerfuss_natürliche_Personen_Prozent;59.0
2012;2834;Ziefen;Steuersatz_Ertrag_juristische_Personen_Prozent;5.0
2012;2834;Ziefen;Steuersatz_Kapital_juristische_Personen_Promille;2.75
2012;2841;Anwil;Steuerfuss_natürliche_Personen_Prozent;60.0
2012;2841;Anwil;Steuersatz_Ertrag_juristische_Personen_Prozent;4.5
2012;2841;Anwil;Steuersatz_Kapital_juristische_Personen_Promille;2.75
2012;2842;Böckten;Steuerfuss_natürliche_Personen_Prozent;59.0
2012;2842;Böckten;Steuersatz_Ertrag_juristische_Personen_Prozent;4.5
2012;2842;Böckten;Steuersatz_Kapital_juristische_Personen_Promille;2.75
2012;2843;Buckten;Steuerfuss_natürliche_Personen_Prozent;64.0
2012;2843;Buckten;Steuersatz_Ertrag_juristische_Personen_Prozent;4.5
2012;2843;Buckten;Steuersatz_Kapital_juristische_Personen_Promille;2.75
2012;2844;Buus;Steuerfuss_natürliche_Personen_Prozent;62.0
2012;2844;Buus;Steuersatz_Ertrag_juristische_Personen_Prozent;4.5
2012;2844;Buus;Steuersatz_Kapital_juristische_Personen_Promille;2.75
2012;2845;Diepflingen;Steuerfuss_natürliche_Personen_Prozent;65.0
2012;2845;Diepflingen;Steuersatz_Ertrag_juristische_Personen_Prozent;4.5
2012;2845;Diepflingen;Steuersatz_Kapital_juristische_Personen_Promille;2.75
2012;2846;Gelterkinden;Steuerfuss_natürliche_Personen_Prozent;56.0
2012;2846;Gelterkinden;Steuersatz_Ertrag_juristische_Personen_Prozent;3.8
2012;2846;Gelterkinden;Steuersatz_Kapital_juristische_Personen_Promille;2.25
2012;2847;Häfelfingen;Steuerfuss_natürliche_Personen_Prozent;61.0
2012;2847;Häfelfingen;Steuersatz_Ertrag_juristische_Personen_Prozent;4.0
2012;2847;Häfelfingen;Steuersatz_Kapital_juristische_Personen_Promille;2.75
2012;2848;Hemmiken;Steuerfuss_natürliche_Personen_Prozent;68.0
2012;2848;Hemmiken;Steuersatz_Ertrag_juristische_Personen_Prozent;4.5
2012;2848;Hemmiken;Steuersatz_Kapital_juristische_Personen_Promille;2.5
2012;2849;Itingen;Steuerfuss_natürliche_Personen_Prozent;61.0
2012;2849;Itingen;Steuersatz_Ertrag_juristische_Personen_Prozent;4.2
2012;2849;Itingen;Steuersatz_Kapital_juristische_Personen_Promille;2.75
2012;2850;Känerkinden;Steuerfuss_natürliche_Personen_Prozent;59.0
2012;2850;Känerkinden;Steuersatz_Ertrag_juristische_Personen_Prozent;2.0
2012;2850;Känerkinden;Steuersatz_Kapital_juristische_Personen_Promille;2.75
2012;2851;Kilchberg;Steuerfuss_natürliche_Personen_Prozent;64.0
2012;2851;Kilchberg;Steuersatz_Ertrag_juristische_Personen_Prozent;4.5
2012;2851;Kilchberg;Steuersatz_Kapital_juristische_Personen_Promille;2.75
2012;2852;Läufelfingen;Steuerfuss_natürliche_Personen_Prozent;64.2
2012;2852;Läufelfingen;Steuersatz_Ertrag_juristische_Personen_Prozent;4.3
2012;2852;Läufelfingen;Steuersatz_Kapital_juristische_Personen_Promille;2.5
2012;2853;Maisprach;Steuerfuss_natürliche_Personen_Prozent;64.0
2012;2853;Maisprach;Steuersatz_Ertrag_juristische_Personen_Prozent;4.5
2012;2853;Maisprach;Steuersatz_Kapital_juristische_Personen_Promille;2.75
2012;2854;Nusshof;Steuerfuss_natürliche_Personen_Prozent;55.0
2012;2854;Nusshof;Steuersatz_Ertrag_juristische_Personen_Prozent;4.5
2012;2854;Nusshof;Steuersatz_Kapital_juristische_Personen_Promille;2.75
2012;2855;Oltingen;Steuerfuss_natürliche_Personen_Prozent;64.0
2012;2855;Oltingen;Steuersatz_Ertrag_juristische_Personen_Prozent;4.5
2012;2855;Oltingen;Steuersatz_Kapital_juristische_Personen_Promille;2.75
2012;2856;Ormalingen;Steuerfuss_natürliche_Personen_Prozent;61.0
2012;2856;Ormalingen;Steuersatz_Ertrag_juristische_Personen_Prozent;5.0
2012;2856;Ormalingen;Steuersatz_Kapital_juristische_Personen_Promille;2.75
2012;2857;Rickenbach;Steuerfuss_natürliche_Personen_Prozent;62.0
2012;2857;Rickenbach;Steuersatz_Ertrag_juristische_Personen_Prozent;4.5
2012;2857;Rickenbach;Steuersatz_Kapital_juristische_Personen_Promille;2.75
2012;2858;Rothenfluh;Steuerfuss_natürliche_Personen_Prozent;62.0
2012;2858;Rothenfluh;Steuersatz_Ertrag_juristische_Personen_Prozent;5.0
2012;2858;Rothenfluh;Steuersatz_Kapital_juristische_Personen_Promille;2.75
2012;2859;Rümlingen;Steuerfuss_natürliche_Personen_Prozent;63.0
2012;2859;Rümlingen;Steuersatz_Ertrag_juristische_Personen_Prozent;4.5
2012;2859;Rümlingen;Steuersatz_Kapital_juristische_Personen_Promille;2.75
2012;2860;Rünenberg;Steuerfuss_natürliche_Personen_Prozent;60.0
2012;2860;Rünenberg;Steuersatz_Ertrag_juristische_Personen_Prozent;4.0
2012;2860;Rünenberg;Steuersatz_Kapital_juristische_Personen_Promille;2.75
2012;2861;Sissach;Steuerfuss_natürliche_Personen_Prozent;55.0
2012;2861;Sissach;Steuersatz_Ertrag_juristische_Personen_Prozent;4.0
2012;2861;Sissach;Steuersatz_Kapital_juristische_Personen_Promille;2.75
2012;2862;Tecknau;Steuerfuss_natürliche_Personen_Prozent;59.0
2012;2862;Tecknau;Steuersatz_Ertrag_juristische_Personen_Prozent;4.1
2012;2862;Tecknau;Steuersatz_Kapital_juristische_Personen_Promille;2.75
2012;2863;Tenniken;Steuerfuss_natürliche_Personen_Prozent;60.0
2012;2863;Tenniken;Steuersatz_Ertrag_juristische_Personen_Prozent;4.5
2012;2863;Tenniken;Steuersatz_Kapital_juristische_Personen_Promille;2.75
2012;2864;Thürnen;Steuerfuss_natürliche_Personen_Prozent;48.0
2012;2864;Thürnen;Steuersatz_Ertrag_juristische_Personen_Prozent;4.0
2012;2864;Thürnen;Steuersatz_Kapital_juristische_Personen_Promille;2.75
2012;2865;Wenslingen;Steuerfuss_natürliche_Personen_Prozent;58.0
2012;2865;Wenslingen;Steuersatz_Ertrag_juristische_Personen_Prozent;4.5
2012;2865;Wenslingen;Steuersatz_Kapital_juristische_Personen_Promille;2.75
2012;2866;Wintersingen;Steuerfuss_natürliche_Personen_Prozent;61.0
2012;2866;Wintersingen;Steuersatz_Ertrag_juristische_Personen_Prozent;4.5
2012;2866;Wintersingen;Steuersatz_Kapital_juristische_Personen_Promille;2.75
2012;2867;Wittinsburg;Steuerfuss_natürliche_Personen_Prozent;60.0
2012;2867;Wittinsburg;Steuersatz_Ertrag_juristische_Personen_Prozent;4.5
2012;2867;Wittinsburg;Steuersatz_Kapital_juristische_Personen_Promille;2.75
2012;2868;Zeglingen;Steuerfuss_natürliche_Personen_Prozent;66.0
2012;2868;Zeglingen;Steuersatz_Ertrag_juristische_Personen_Prozent;4.5
2012;2868;Zeglingen;Steuersatz_Kapital_juristische_Personen_Promille;2.75
2012;2869;Zunzgen;Steuerfuss_natürliche_Personen_Prozent;55.0
2012;2869;Zunzgen;Steuersatz_Ertrag_juristische_Personen_Prozent;5.0
2012;2869;Zunzgen;Steuersatz_Kapital_juristische_Personen_Promille;2.0
2012;2881;Arboldswil;Steuerfuss_natürliche_Personen_Prozent;60.0
2012;2881;Arboldswil;Steuersatz_Ertrag_juristische_Personen_Prozent;4.5
2012;2881;Arboldswil;Steuersatz_Kapital_juristische_Personen_Promille;2.75
2012;2882;Bennwil;Steuerfuss_natürliche_Personen_Prozent;64.0
2012;2882;Bennwil;Steuersatz_Ertrag_juristische_Personen_Prozent;4.0
2012;2882;Bennwil;Steuersatz_Kapital_juristische_Personen_Promille;2.75
2012;2883;Bretzwil;Steuerfuss_natürliche_Personen_Prozent;58.0
2012;2883;Bretzwil;Steuersatz_Ertrag_juristische_Personen_Prozent;4.0
2012;2883;Bretzwil;Steuersatz_Kapital_juristische_Personen_Promille;2.75
2012;2884;Diegten;Steuerfuss_natürliche_Personen_Prozent;56.0
2012;2884;Diegten;Steuersatz_Ertrag_juristische_Personen_Prozent;4.0
2012;2884;Diegten;Steuersatz_Kapital_juristische_Personen_Promille;2.75
2012;2885;Eptingen;Steuerfuss_natürliche_Personen_Prozent;65.0
2012;2885;Eptingen;Steuersatz_Ertrag_juristische_Personen_Prozent;4.5
2012;2885;Eptingen;Steuersatz_Kapital_juristische_Personen_Promille;2.75
2012;2886;Hölstein;Steuerfuss_natürliche_Personen_Prozent;63.0
2012;2886;Hölstein;Steuersatz_Ertrag_juristische_Personen_Prozent;4.0
2012;2886;Hölstein;Steuersatz_Kapital_juristische_Personen_Promille;2.5
2012;2887;Lampenberg;Steuerfuss_natürliche_Personen_Prozent;60.0
2012;2887;Lampenberg;Steuersatz_Ertrag_juristische_Personen_Prozent;3.0
2012;2887;Lampenberg;Steuersatz_Kapital_juristische_Personen_Promille;2.0
2012;2888;Langenbruck;Steuerfuss_natürliche_Personen_Prozent;54.0
2012;2888;Langenbruck;Steuersatz_Ertrag_juristische_Personen_Prozent;4.5
2012;2888;Langenbruck;Steuersatz_Kapital_juristische_Personen_Promille;2.75
2012;2889;Lauwil;Steuerfuss_natürliche_Personen_Prozent;60.0
2012;2889;Lauwil;Steuersatz_Ertrag_juristische_Personen_Prozent;4.5
2012;2889;Lauwil;Steuersatz_Kapital_juristische_Personen_Promille;2.75
2012;2890;Liedertswil;Steuerfuss_natürliche_Personen_Prozent;55.0
2012;2890;Liedertswil;Steuersatz_Ertrag_juristische_Personen_Prozent;4.5
2012;2890;Liedertswil;Steuersatz_Kapital_juristische_Personen_Promille;2.75
2012;2891;Niederdorf;Steuerfuss_natürliche_Personen_Prozent;64.0
2012;2891;Niederdorf;Steuersatz_Ertrag_juristische_Personen_Prozent;4.5
2012;2891;Niederdorf;Steuersatz_Kapital_juristische_Personen_Promille;2.5
2012;2892;Oberdorf;Steuerfuss_natürliche_Personen_Prozent;58.0
2012;2892;Oberdorf;Steuersatz_Ertrag_juristische_Personen_Prozent;5.0
2012;2892;Oberdorf;Steuersatz_Kapital_juristische_Personen_Promille;2.75
2012;2893;Reigoldswil;Steuerfuss_natürliche_Personen_Prozent;64.0
2012;2893;Reigoldswil;Steuersatz_Ertrag_juristische_Personen_Prozent;4.5
2012;2893;Reigoldswil;Steuersatz_Kapital_juristische_Personen_Promille;2.75
2012;2894;Titterten;Steuerfuss_natürliche_Personen_Prozent;65.0
2012;2894;Titterten;Steuersatz_Ertrag_juristische_Personen_Prozent;4.5
2012;2894;Titterten;Steuersatz_Kapital_juristische_Personen_Promille;2.75
2012;2895;Waldenburg;Steuerfuss_natürliche_Personen_Prozent;67.0
2012;2895;Waldenburg;Steuersatz_Ertrag_juristische_Personen_Prozent;4.75
2012;2895;Waldenburg;Steuersatz_Kapital_juristische_Personen_Promille;2.75
2011;2761;Aesch;Steuerfuss_natürliche_Personen_Prozent;56.0
2011;2761;Aesch;Steuersatz_Ertrag_juristische_Personen_Prozent;4.9
2011;2761;Aesch;Steuersatz_Kapital_juristische_Personen_Promille;2.75
2011;2762;Allschwil;Steuerfuss_natürliche_Personen_Prozent;58.0
2011;2762;Allschwil;Steuersatz_Ertrag_juristische_Personen_Prozent;5.0
2011;2762;Allschwil;Steuersatz_Kapital_juristische_Personen_Promille;2.75
2011;2763;Arlesheim;Steuerfuss_natürliche_Personen_Prozent;45.0
2011;2763;Arlesheim;Steuersatz_Ertrag_juristische_Personen_Prozent;4.0
2011;2763;Arlesheim;Steuersatz_Kapital_juristische_Personen_Promille;2.75
2011;2764;Biel-Benken;Steuerfuss_natürliche_Personen_Prozent;49.0
2011;2764;Biel-Benken;Steuersatz_Ertrag_juristische_Personen_Prozent;3.5
2011;2764;Biel-Benken;Steuersatz_Kapital_juristische_Personen_Promille;2.0
2011;2765;Binningen;Steuerfuss_natürliche_Personen_Prozent;46.0
2011;2765;Binningen;Steuersatz_Ertrag_juristische_Personen_Prozent;2.0
2011;2765;Binningen;Steuersatz_Kapital_juristische_Personen_Promille;1.75
2011;2766;Birsfelden;Steuerfuss_natürliche_Personen_Prozent;62.0
2011;2766;Birsfelden;Steuersatz_Ertrag_juristische_Personen_Prozent;5.0
2011;2766;Birsfelden;Steuersatz_Kapital_juristische_Personen_Promille;2.75
2011;2767;Bottmingen;Steuerfuss_natürliche_Personen_Prozent;42.0
2011;2767;Bottmingen;Steuersatz_Ertrag_juristische_Personen_Prozent;2.0
2011;2767;Bottmingen;Steuersatz_Kapital_juristische_Personen_Promille;2.75
2011;2768;Ettingen;Steuerfuss_natürliche_Personen_Prozent;61.0
2011;2768;Ettingen;Steuersatz_Ertrag_juristische_Personen_Prozent;4.5
2011;2768;Ettingen;Steuersatz_Kapital_juristische_Personen_Promille;2.75
2011;2769;Münchenstein;Steuerfuss_natürliche_Personen_Prozent;59.0
2011;2769;Münchenstein;Steuersatz_Ertrag_juristische_Personen_Prozent;5.0
2011;2769;Münchenstein;Steuersatz_Kapital_juristische_Personen_Promille;2.75
2011;2770;Muttenz;Steuerfuss_natürliche_Personen_Prozent;56.0
2011;2770;Muttenz;Steuersatz_Ertrag_juristische_Personen_Prozent;5.0
2011;2770;Muttenz;Steuersatz_Kapital_juristische_Personen_Promille;2.75
2011;2771;Oberwil;Steuerfuss_natürliche_Personen_Prozent;48.0
2011;2771;Oberwil;Steuersatz_Ertrag_juristische_Personen_Prozent;4.0
2011;2771;Oberwil;Steuersatz_Kapital_juristische_Personen_Promille;2.75
2011;2772;Pfeffingen;Steuerfuss_natürliche_Personen_Prozent;45.0
2011;2772;Pfeffingen;Steuersatz_Ertrag_juristische_Personen_Prozent;4.4
2011;2772;Pfeffingen;Steuersatz_Kapital_juristische_Personen_Promille;2.5
2011;2773;Reinach;Steuerfuss_natürliche_Personen_Prozent;52.5
2011;2773;Reinach;Steuersatz_Ertrag_juristische_Personen_Prozent;4.8
2011;2773;Reinach;Steuersatz_Kapital_juristische_Personen_Promille;2.75
2011;2774;Schönenbuch;Steuerfuss_natürliche_Personen_Prozent;56.0
2011;2774;Schönenbuch;Steuersatz_Ertrag_juristische_Personen_Prozent;4.0
2011;2774;Schönenbuch;Steuersatz_Kapital_juristische_Personen_Promille;2.5
2011;2775;Therwil;Steuerfuss_natürliche_Personen_Prozent;52.0
2011;2775;Therwil;Steuersatz_Ertrag_juristische_Personen_Prozent;4.7
2011;2775;Therwil;Steuersatz_Kapital_juristische_Personen_Promille;2.75
2011;2781;Blauen;Steuerfuss_natürliche_Personen_Prozent;63.0
2011;2781;Blauen;Steuersatz_Ertrag_juristische_Personen_Prozent;4.0
2011;2781;Blauen;Steuersatz_Kapital_juristische_Personen_Promille;2.75
2011;2782;Brislach;Steuerfuss_natürliche_Personen_Prozent;57.0
2011;2782;Brislach;Steuersatz_Ertrag_juristische_Personen_Prozent;4.5
2011;2782;Brislach;Steuersatz_Kapital_juristische_Personen_Promille;2.75
2011;2783;Burg i.L.;Steuerfuss_natürliche_Personen_Prozent;64.0
2011;2783;Burg i.L.;Steuersatz_Ertrag_juristische_Personen_Prozent;3.0
2011;2783;Burg i.L.;Steuersatz_Kapital_juristische_Personen_Promille;2.75
2011;2784;Dittingen;Steuerfuss_natürliche_Personen_Prozent;66.0
2011;2784;Dittingen;Steuersatz_Ertrag_juristische_Personen_Prozent;4.5
2011;2784;Dittingen;Steuersatz_Kapital_juristische_Personen_Promille;2.75
2011;2785;Duggingen;Steuerfuss_natürliche_Personen_Prozent;59.0
2011;2785;Duggingen;Steuersatz_Ertrag_juristische_Personen_Prozent;4.5
2011;2785;Duggingen;Steuersatz_Kapital_juristische_Personen_Promille;2.75
2011;2786;Grellingen;Steuerfuss_natürliche_Personen_Prozent;60.0
2011;2786;Grellingen;Steuersatz_Ertrag_juristische_Personen_Prozent;4.0
2011;2786;Grellingen;Steuersatz_Kapital_juristische_Personen_Promille;2.75
2011;2787;Laufen;Steuerfuss_natürliche_Personen_Prozent;59.0
2011;2787;Laufen;Steuersatz_Ertrag_juristische_Personen_Prozent;4.5
2011;2787;Laufen;Steuersatz_Kapital_juristische_Personen_Promille;2.75
2011;2788;Liesberg;Steuerfuss_natürliche_Personen_Prozent;57.0
2011;2788;Liesberg;Steuersatz_Ertrag_juristische_Personen_Prozent;4.3
2011;2788;Liesberg;Steuersatz_Kapital_juristische_Personen_Promille;2.75
2011;2789;Nenzlingen;Steuerfuss_natürliche_Personen_Prozent;62.5
2011;2789;Nenzlingen;Steuersatz_Ertrag_juristische_Personen_Prozent;4.5
2011;2789;Nenzlingen;Steuersatz_Kapital_juristische_Personen_Promille;2.75
2011;2790;Roggenburg;Steuerfuss_natürliche_Personen_Prozent;64.0
2011;2790;Roggenburg;Steuersatz_Ertrag_juristische_Personen_Prozent;4.5
2011;2790;Roggenburg;Steuersatz_Kapital_juristische_Personen_Promille;2.75
2011;2791;Röschenz;Steuerfuss_natürliche_Personen_Prozent;58.0
2011;2791;Röschenz;Steuersatz_Ertrag_juristische_Personen_Prozent;3.5
2011;2791;Röschenz;Steuersatz_Kapital_juristische_Personen_Promille;2.75
2011;2792;Wahlen;Steuerfuss_natürliche_Personen_Prozent;56.0
2011;2792;Wahlen;Steuersatz_Ertrag_juristische_Personen_Prozent;4.3
2011;2792;Wahlen;Steuersatz_Kapital_juristische_Personen_Promille;2.75
2011;2793;Zwingen;Steuerfuss_natürliche_Personen_Prozent;59.0
2011;2793;Zwingen;Steuersatz_Ertrag_juristische_Personen_Prozent;4.2
2011;2793;Zwingen;Steuersatz_Kapital_juristische_Personen_Promille;2.75
2011;2821;Arisdorf;Steuerfuss_natürliche_Personen_Prozent;59.0
2011;2821;Arisdorf;Steuersatz_Ertrag_juristische_Personen_Prozent;4.5
2011;2821;Arisdorf;Steuersatz_Kapital_juristische_Personen_Promille;2.75
2011;2822;Augst;Steuerfuss_natürliche_Personen_Prozent;53.0
2011;2822;Augst;Steuersatz_Ertrag_juristische_Personen_Prozent;4.2
2011;2822;Augst;Steuersatz_Kapital_juristische_Personen_Promille;2.75
2011;2823;Bubendorf;Steuerfuss_natürliche_Personen_Prozent;63.0
2011;2823;Bubendorf;Steuersatz_Ertrag_juristische_Personen_Prozent;4.4
2011;2823;Bubendorf;Steuersatz_Kapital_juristische_Personen_Promille;2.75
2011;2824;Frenkendorf;Steuerfuss_natürliche_Personen_Prozent;57.0
2011;2824;Frenkendorf;Steuersatz_Ertrag_juristische_Personen_Prozent;4.5
2011;2824;Frenkendorf;Steuersatz_Kapital_juristische_Personen_Promille;2.75
2011;2825;Füllinsdorf;Steuerfuss_natürliche_Personen_Prozent;60.0
2011;2825;Füllinsdorf;Steuersatz_Ertrag_juristische_Personen_Prozent;5.0
2011;2825;Füllinsdorf;Steuersatz_Kapital_juristische_Personen_Promille;2.75
2011;2826;Giebenach;Steuerfuss_natürliche_Personen_Prozent;59.0
2011;2826;Giebenach;Steuersatz_Ertrag_juristische_Personen_Prozent;2.0
2011;2826;Giebenach;Steuersatz_Kapital_juristische_Personen_Promille;2.75
2011;2827;Hersberg;Steuerfuss_natürliche_Personen_Prozent;55.0
2011;2827;Hersberg;Steuersatz_Ertrag_juristische_Personen_Prozent;4.5
2011;2827;Hersberg;Steuersatz_Kapital_juristische_Personen_Promille;2.75
2011;2828;Lausen;Steuerfuss_natürliche_Personen_Prozent;55.0
2011;2828;Lausen;Steuersatz_Ertrag_juristische_Personen_Prozent;3.7
2011;2828;Lausen;Steuersatz_Kapital_juristische_Personen_Promille;2.75
2011;2829;Liestal;Steuerfuss_natürliche_Personen_Prozent;66.0
2011;2829;Liestal;Steuersatz_Ertrag_juristische_Personen_Prozent;5.0
2011;2829;Liestal;Steuersatz_Kapital_juristische_Personen_Promille;2.75
2011;2830;Lupsingen;Steuerfuss_natürliche_Personen_Prozent;58.0
2011;2830;Lupsingen;Steuersatz_Ertrag_juristische_Personen_Prozent;3.5
2011;2830;Lupsingen;Steuersatz_Kapital_juristische_Personen_Promille;2.75
2011;2831;Pratteln;Steuerfuss_natürliche_Personen_Prozent;62.8
2011;2831;Pratteln;Steuersatz_Ertrag_juristische_Personen_Prozent;4.95
2011;2831;Pratteln;Steuersatz_Kapital_juristische_Personen_Promille;2.75
2011;2832;Ramlinsburg;Steuerfuss_natürliche_Personen_Prozent;60.0
2011;2832;Ramlinsburg;Steuersatz_Ertrag_juristische_Personen_Prozent;3.5
2011;2832;Ramlinsburg;Steuersatz_Kapital_juristische_Personen_Promille;2.0
2011;2833;Seltisberg;Steuerfuss_natürliche_Personen_Prozent;52.0
2011;2833;Seltisberg;Steuersatz_Ertrag_juristische_Personen_Prozent;4.0
2011;2833;Seltisberg;Steuersatz_Kapital_juristische_Personen_Promille;2.75
2011;2834;Ziefen;Steuerfuss_natürliche_Personen_Prozent;59.0
2011;2834;Ziefen;Steuersatz_Ertrag_juristische_Personen_Prozent;5.0
2011;2834;Ziefen;Steuersatz_Kapital_juristische_Personen_Promille;2.75
2011;2841;Anwil;Steuerfuss_natürliche_Personen_Prozent;60.0
2011;2841;Anwil;Steuersatz_Ertrag_juristische_Personen_Prozent;4.5
2011;2841;Anwil;Steuersatz_Kapital_juristische_Personen_Promille;2.75
2011;2842;Böckten;Steuerfuss_natürliche_Personen_Prozent;59.0
2011;2842;Böckten;Steuersatz_Ertrag_juristische_Personen_Prozent;4.5
2011;2842;Böckten;Steuersatz_Kapital_juristische_Personen_Promille;2.75
2011;2843;Buckten;Steuerfuss_natürliche_Personen_Prozent;64.0
2011;2843;Buckten;Steuersatz_Ertrag_juristische_Personen_Prozent;4.5
2011;2843;Buckten;Steuersatz_Kapital_juristische_Personen_Promille;2.75
2011;2844;Buus;Steuerfuss_natürliche_Personen_Prozent;62.0
2011;2844;Buus;Steuersatz_Ertrag_juristische_Personen_Prozent;4.5
2011;2844;Buus;Steuersatz_Kapital_juristische_Personen_Promille;2.75
2011;2845;Diepflingen;Steuerfuss_natürliche_Personen_Prozent;65.0
2011;2845;Diepflingen;Steuersatz_Ertrag_juristische_Personen_Prozent;4.5
2011;2845;Diepflingen;Steuersatz_Kapital_juristische_Personen_Promille;2.75
2011;2846;Gelterkinden;Steuerfuss_natürliche_Personen_Prozent;56.0
2011;2846;Gelterkinden;Steuersatz_Ertrag_juristische_Personen_Prozent;3.8
2011;2846;Gelterkinden;Steuersatz_Kapital_juristische_Personen_Promille;2.25
2011;2847;Häfelfingen;Steuerfuss_natürliche_Personen_Prozent;61.0
2011;2847;Häfelfingen;Steuersatz_Ertrag_juristische_Personen_Prozent;4.0
2011;2847;Häfelfingen;Steuersatz_Kapital_juristische_Personen_Promille;2.75
2011;2848;Hemmiken;Steuerfuss_natürliche_Personen_Prozent;68.0
2011;2848;Hemmiken;Steuersatz_Ertrag_juristische_Personen_Prozent;4.5
2011;2848;Hemmiken;Steuersatz_Kapital_juristische_Personen_Promille;2.5
2011;2849;Itingen;Steuerfuss_natürliche_Personen_Prozent;61.0
2011;2849;Itingen;Steuersatz_Ertrag_juristische_Personen_Prozent;4.2
2011;2849;Itingen;Steuersatz_Kapital_juristische_Personen_Promille;2.75
2011;2850;Känerkinden;Steuerfuss_natürliche_Personen_Prozent;55.0
2011;2850;Känerkinden;Steuersatz_Ertrag_juristische_Personen_Prozent;2.0
2011;2850;Känerkinden;Steuersatz_Kapital_juristische_Personen_Promille;2.75
2011;2851;Kilchberg;Steuerfuss_natürliche_Personen_Prozent;64.0
2011;2851;Kilchberg;Steuersatz_Ertrag_juristische_Personen_Prozent;4.5
2011;2851;Kilchberg;Steuersatz_Kapital_juristische_Personen_Promille;2.75
2011;2852;Läufelfingen;Steuerfuss_natürliche_Personen_Prozent;64.2
2011;2852;Läufelfingen;Steuersatz_Ertrag_juristische_Personen_Prozent;4.3
2011;2852;Läufelfingen;Steuersatz_Kapital_juristische_Personen_Promille;2.5
2011;2853;Maisprach;Steuerfuss_natürliche_Personen_Prozent;64.0
2011;2853;Maisprach;Steuersatz_Ertrag_juristische_Personen_Prozent;4.5
2011;2853;Maisprach;Steuersatz_Kapital_juristische_Personen_Promille;2.75
2011;2854;Nusshof;Steuerfuss_natürliche_Personen_Prozent;55.0
2011;2854;Nusshof;Steuersatz_Ertrag_juristische_Personen_Prozent;4.5
2011;2854;Nusshof;Steuersatz_Kapital_juristische_Personen_Promille;2.75
2011;2855;Oltingen;Steuerfuss_natürliche_Personen_Prozent;64.0
2011;2855;Oltingen;Steuersatz_Ertrag_juristische_Personen_Prozent;4.5
2011;2855;Oltingen;Steuersatz_Kapital_juristische_Personen_Promille;2.75
2011;2856;Ormalingen;Steuerfuss_natürliche_Personen_Prozent;61.0
2011;2856;Ormalingen;Steuersatz_Ertrag_juristische_Personen_Prozent;5.0
2011;2856;Ormalingen;Steuersatz_Kapital_juristische_Personen_Promille;2.75
2011;2857;Rickenbach;Steuerfuss_natürliche_Personen_Prozent;62.0
2011;2857;Rickenbach;Steuersatz_Ertrag_juristische_Personen_Prozent;4.5
2011;2857;Rickenbach;Steuersatz_Kapital_juristische_Personen_Promille;2.75
2011;2858;Rothenfluh;Steuerfuss_natürliche_Personen_Prozent;62.0
2011;2858;Rothenfluh;Steuersatz_Ertrag_juristische_Personen_Prozent;5.0
2011;2858;Rothenfluh;Steuersatz_Kapital_juristische_Personen_Promille;2.75
2011;2859;Rümlingen;Steuerfuss_natürliche_Personen_Prozent;63.0
2011;2859;Rümlingen;Steuersatz_Ertrag_juristische_Personen_Prozent;4.5
2011;2859;Rümlingen;Steuersatz_Kapital_juristische_Personen_Promille;2.75
2011;2860;Rünenberg;Steuerfuss_natürliche_Personen_Prozent;60.0
2011;2860;Rünenberg;Steuersatz_Ertrag_juristische_Personen_Prozent;4.0
2011;2860;Rünenberg;Steuersatz_Kapital_juristische_Personen_Promille;2.75
2011;2861;Sissach;Steuerfuss_natürliche_Personen_Prozent;55.0
2011;2861;Sissach;Steuersatz_Ertrag_juristische_Personen_Prozent;4.0
2011;2861;Sissach;Steuersatz_Kapital_juristische_Personen_Promille;2.75
2011;2862;Tecknau;Steuerfuss_natürliche_Personen_Prozent;59.0
2011;2862;Tecknau;Steuersatz_Ertrag_juristische_Personen_Prozent;4.1
2011;2862;Tecknau;Steuersatz_Kapital_juristische_Personen_Promille;2.75
2011;2863;Tenniken;Steuerfuss_natürliche_Personen_Prozent;60.0
2011;2863;Tenniken;Steuersatz_Ertrag_juristische_Personen_Prozent;4.5
2011;2863;Tenniken;Steuersatz_Kapital_juristische_Personen_Promille;2.75
2011;2864;Thürnen;Steuerfuss_natürliche_Personen_Prozent;48.0
2011;2864;Thürnen;Steuersatz_Ertrag_juristische_Personen_Prozent;4.0
2011;2864;Thürnen;Steuersatz_Kapital_juristische_Personen_Promille;2.75
2011;2865;Wenslingen;Steuerfuss_natürliche_Personen_Prozent;58.0
2011;2865;Wenslingen;Steuersatz_Ertrag_juristische_Personen_Prozent;4.5
2011;2865;Wenslingen;Steuersatz_Kapital_juristische_Personen_Promille;2.75
2011;2866;Wintersingen;Steuerfuss_natürliche_Personen_Prozent;61.0
2011;2866;Wintersingen;Steuersatz_Ertrag_juristische_Personen_Prozent;4.5
2011;2866;Wintersingen;Steuersatz_Kapital_juristische_Personen_Promille;2.75
2011;2867;Wittinsburg;Steuerfuss_natürliche_Personen_Prozent;57.0
2011;2867;Wittinsburg;Steuersatz_Ertrag_juristische_Personen_Prozent;4.5
2011;2867;Wittinsburg;Steuersatz_Kapital_juristische_Personen_Promille;2.75
2011;2868;Zeglingen;Steuerfuss_natürliche_Personen_Prozent;66.0
2011;2868;Zeglingen;Steuersatz_Ertrag_juristische_Personen_Prozent;4.5
2011;2868;Zeglingen;Steuersatz_Kapital_juristische_Personen_Promille;2.75
2011;2869;Zunzgen;Steuerfuss_natürliche_Personen_Prozent;55.0
2011;2869;Zunzgen;Steuersatz_Ertrag_juristische_Personen_Prozent;5.0
2011;2869;Zunzgen;Steuersatz_Kapital_juristische_Personen_Promille;2.0
2011;2881;Arboldswil;Steuerfuss_natürliche_Personen_Prozent;60.0
2011;2881;Arboldswil;Steuersatz_Ertrag_juristische_Personen_Prozent;4.5
2011;2881;Arboldswil;Steuersatz_Kapital_juristische_Personen_Promille;2.75
2011;2882;Bennwil;Steuerfuss_natürliche_Personen_Prozent;64.0
2011;2882;Bennwil;Steuersatz_Ertrag_juristische_Personen_Prozent;4.0
2011;2882;Bennwil;Steuersatz_Kapital_juristische_Personen_Promille;2.75
2011;2883;Bretzwil;Steuerfuss_natürliche_Personen_Prozent;58.0
2011;2883;Bretzwil;Steuersatz_Ertrag_juristische_Personen_Prozent;4.0
2011;2883;Bretzwil;Steuersatz_Kapital_juristische_Personen_Promille;2.75
2011;2884;Diegten;Steuerfuss_natürliche_Personen_Prozent;56.0
2011;2884;Diegten;Steuersatz_Ertrag_juristische_Personen_Prozent;4.0
2011;2884;Diegten;Steuersatz_Kapital_juristische_Personen_Promille;2.75
2011;2885;Eptingen;Steuerfuss_natürliche_Personen_Prozent;65.0
2011;2885;Eptingen;Steuersatz_Ertrag_juristische_Personen_Prozent;4.5
2011;2885;Eptingen;Steuersatz_Kapital_juristische_Personen_Promille;2.75
2011;2886;Hölstein;Steuerfuss_natürliche_Personen_Prozent;63.0
2011;2886;Hölstein;Steuersatz_Ertrag_juristische_Personen_Prozent;4.0
2011;2886;Hölstein;Steuersatz_Kapital_juristische_Personen_Promille;2.5
2011;2887;Lampenberg;Steuerfuss_natürliche_Personen_Prozent;60.0
2011;2887;Lampenberg;Steuersatz_Ertrag_juristische_Personen_Prozent;3.0
2011;2887;Lampenberg;Steuersatz_Kapital_juristische_Personen_Promille;2.0
2011;2888;Langenbruck;Steuerfuss_natürliche_Personen_Prozent;54.0
2011;2888;Langenbruck;Steuersatz_Ertrag_juristische_Personen_Prozent;4.5
2011;2888;Langenbruck;Steuersatz_Kapital_juristische_Personen_Promille;2.75
2011;2889;Lauwil;Steuerfuss_natürliche_Personen_Prozent;60.0
2011;2889;Lauwil;Steuersatz_Ertrag_juristische_Personen_Prozent;4.5
2011;2889;Lauwil;Steuersatz_Kapital_juristische_Personen_Promille;2.75
2011;2890;Liedertswil;Steuerfuss_natürliche_Personen_Prozent;55.0
2011;2890;Liedertswil;Steuersatz_Ertrag_juristische_Personen_Prozent;4.5
2011;2890;Liedertswil;Steuersatz_Kapital_juristische_Personen_Promille;2.75
2011;2891;Niederdorf;Steuerfuss_natürliche_Personen_Prozent;64.0
2011;2891;Niederdorf;Steuersatz_Ertrag_juristische_Personen_Prozent;4.5
2011;2891;Niederdorf;Steuersatz_Kapital_juristische_Personen_Promille;2.5
2011;2892;Oberdorf;Steuerfuss_natürliche_Personen_Prozent;58.0
2011;2892;Oberdorf;Steuersatz_Ertrag_juristische_Personen_Prozent;5.0
2011;2892;Oberdorf;Steuersatz_Kapital_juristische_Personen_Promille;2.75
2011;2893;Reigoldswil;Steuerfuss_natürliche_Personen_Prozent;62.0
2011;2893;Reigoldswil;Steuersatz_Ertrag_juristische_Personen_Prozent;4.5
2011;2893;Reigoldswil;Steuersatz_Kapital_juristische_Personen_Promille;2.75
2011;2894;Titterten;Steuerfuss_natürliche_Personen_Prozent;62.0
2011;2894;Titterten;Steuersatz_Ertrag_juristische_Personen_Prozent;4.5
2011;2894;Titterten;Steuersatz_Kapital_juristische_Personen_Promille;2.75
2011;2895;Waldenburg;Steuerfuss_natürliche_Personen_Prozent;67.0
2011;2895;Waldenburg;Steuersatz_Ertrag_juristische_Personen_Prozent;4.75
2011;2895;Waldenburg;Steuersatz_Kapital_juristische_Personen_Promille;2.75
2010;2761;Aesch;Steuerfuss_natürliche_Personen_Prozent;57.0
2010;2761;Aesch;Steuersatz_Ertrag_juristische_Personen_Prozent;4.9
2010;2761;Aesch;Steuersatz_Kapital_juristische_Personen_Promille;3.5
2010;2762;Allschwil;Steuerfuss_natürliche_Personen_Prozent;58.0
2010;2762;Allschwil;Steuersatz_Ertrag_juristische_Personen_Prozent;5.0
2010;2762;Allschwil;Steuersatz_Kapital_juristische_Personen_Promille;3.5
2010;2763;Arlesheim;Steuerfuss_natürliche_Personen_Prozent;45.0
2010;2763;Arlesheim;Steuersatz_Ertrag_juristische_Personen_Prozent;4.0
2010;2763;Arlesheim;Steuersatz_Kapital_juristische_Personen_Promille;3.5
2010;2764;Biel-Benken;Steuerfuss_natürliche_Personen_Prozent;49.0
2010;2764;Biel-Benken;Steuersatz_Ertrag_juristische_Personen_Prozent;3.5
2010;2764;Biel-Benken;Steuersatz_Kapital_juristische_Personen_Promille;2.0
2010;2765;Binningen;Steuerfuss_natürliche_Personen_Prozent;46.0
2010;2765;Binningen;Steuersatz_Ertrag_juristische_Personen_Prozent;2.0
2010;2765;Binningen;Steuersatz_Kapital_juristische_Personen_Promille;1.75
2010;2766;Birsfelden;Steuerfuss_natürliche_Personen_Prozent;62.0
2010;2766;Birsfelden;Steuersatz_Ertrag_juristische_Personen_Prozent;5.0
2010;2766;Birsfelden;Steuersatz_Kapital_juristische_Personen_Promille;3.5
2010;2767;Bottmingen;Steuerfuss_natürliche_Personen_Prozent;42.0
2010;2767;Bottmingen;Steuersatz_Ertrag_juristische_Personen_Prozent;2.0
2010;2767;Bottmingen;Steuersatz_Kapital_juristische_Personen_Promille;2.75
2010;2768;Ettingen;Steuerfuss_natürliche_Personen_Prozent;61.0
2010;2768;Ettingen;Steuersatz_Ertrag_juristische_Personen_Prozent;4.5
2010;2768;Ettingen;Steuersatz_Kapital_juristische_Personen_Promille;3.5
2010;2769;Münchenstein;Steuerfuss_natürliche_Personen_Prozent;61.0
2010;2769;Münchenstein;Steuersatz_Ertrag_juristische_Personen_Prozent;5.0
2010;2769;Münchenstein;Steuersatz_Kapital_juristische_Personen_Promille;3.5
2010;2770;Muttenz;Steuerfuss_natürliche_Personen_Prozent;56.0
2010;2770;Muttenz;Steuersatz_Ertrag_juristische_Personen_Prozent;5.0
2010;2770;Muttenz;Steuersatz_Kapital_juristische_Personen_Promille;3.5
2010;2771;Oberwil;Steuerfuss_natürliche_Personen_Prozent;48.0
2010;2771;Oberwil;Steuersatz_Ertrag_juristische_Personen_Prozent;4.0
2010;2771;Oberwil;Steuersatz_Kapital_juristische_Personen_Promille;3.5
2010;2772;Pfeffingen;Steuerfuss_natürliche_Personen_Prozent;45.0
2010;2772;Pfeffingen;Steuersatz_Ertrag_juristische_Personen_Prozent;4.4
2010;2772;Pfeffingen;Steuersatz_Kapital_juristische_Personen_Promille;2.5
2010;2773;Reinach;Steuerfuss_natürliche_Personen_Prozent;52.5
2010;2773;Reinach;Steuersatz_Ertrag_juristische_Personen_Prozent;4.8
2010;2773;Reinach;Steuersatz_Kapital_juristische_Personen_Promille;3.5
2010;2774;Schönenbuch;Steuerfuss_natürliche_Personen_Prozent;56.0
2010;2774;Schönenbuch;Steuersatz_Ertrag_juristische_Personen_Prozent;4.0
2010;2774;Schönenbuch;Steuersatz_Kapital_juristische_Personen_Promille;3.0
2010;2775;Therwil;Steuerfuss_natürliche_Personen_Prozent;52.0
2010;2775;Therwil;Steuersatz_Ertrag_juristische_Personen_Prozent;4.7
2010;2775;Therwil;Steuersatz_Kapital_juristische_Personen_Promille;3.5
2010;2781;Blauen;Steuerfuss_natürliche_Personen_Prozent;63.0
2010;2781;Blauen;Steuersatz_Ertrag_juristische_Personen_Prozent;4.0
2010;2781;Blauen;Steuersatz_Kapital_juristische_Personen_Promille;3.5
2010;2782;Brislach;Steuerfuss_natürliche_Personen_Prozent;57.0
2010;2782;Brislach;Steuersatz_Ertrag_juristische_Personen_Prozent;4.5
2010;2782;Brislach;Steuersatz_Kapital_juristische_Personen_Promille;3.18
2010;2783;Burg i.L.;Steuerfuss_natürliche_Personen_Prozent;64.0
2010;2783;Burg i.L.;Steuersatz_Ertrag_juristische_Personen_Prozent;3.0
2010;2783;Burg i.L.;Steuersatz_Kapital_juristische_Personen_Promille;2.75
2010;2784;Dittingen;Steuerfuss_natürliche_Personen_Prozent;66.0
2010;2784;Dittingen;Steuersatz_Ertrag_juristische_Personen_Prozent;4.5
2010;2784;Dittingen;Steuersatz_Kapital_juristische_Personen_Promille;3.5
2010;2785;Duggingen;Steuerfuss_natürliche_Personen_Prozent;59.0
2010;2785;Duggingen;Steuersatz_Ertrag_juristische_Personen_Prozent;4.5
2010;2785;Duggingen;Steuersatz_Kapital_juristische_Personen_Promille;3.5
2010;2786;Grellingen;Steuerfuss_natürliche_Personen_Prozent;60.0
2010;2786;Grellingen;Steuersatz_Ertrag_juristische_Personen_Prozent;4.0
2010;2786;Grellingen;Steuersatz_Kapital_juristische_Personen_Promille;3.5
2010;2787;Laufen;Steuerfuss_natürliche_Personen_Prozent;59.0
2010;2787;Laufen;Steuersatz_Ertrag_juristische_Personen_Prozent;4.5
2010;2787;Laufen;Steuersatz_Kapital_juristische_Personen_Promille;3.0
2010;2788;Liesberg;Steuerfuss_natürliche_Personen_Prozent;57.0
2010;2788;Liesberg;Steuersatz_Ertrag_juristische_Personen_Prozent;4.3
2010;2788;Liesberg;Steuersatz_Kapital_juristische_Personen_Promille;3.5
2010;2789;Nenzlingen;Steuerfuss_natürliche_Personen_Prozent;62.5
2010;2789;Nenzlingen;Steuersatz_Ertrag_juristische_Personen_Prozent;4.5
2010;2789;Nenzlingen;Steuersatz_Kapital_juristische_Personen_Promille;3.5
2010;2790;Roggenburg;Steuerfuss_natürliche_Personen_Prozent;64.0
2010;2790;Roggenburg;Steuersatz_Ertrag_juristische_Personen_Prozent;4.5
2010;2790;Roggenburg;Steuersatz_Kapital_juristische_Personen_Promille;2.75
2010;2791;Röschenz;Steuerfuss_natürliche_Personen_Prozent;58.0
2010;2791;Röschenz;Steuersatz_Ertrag_juristische_Personen_Prozent;3.5
2010;2791;Röschenz;Steuersatz_Kapital_juristische_Personen_Promille;3.5
2010;2792;Wahlen;Steuerfuss_natürliche_Personen_Prozent;56.0
2010;2792;Wahlen;Steuersatz_Ertrag_juristische_Personen_Prozent;4.3
2010;2792;Wahlen;Steuersatz_Kapital_juristische_Personen_Promille;3.5
2010;2793;Zwingen;Steuerfuss_natürliche_Personen_Prozent;59.0
2010;2793;Zwingen;Steuersatz_Ertrag_juristische_Personen_Prozent;4.2
2010;2793;Zwingen;Steuersatz_Kapital_juristische_Personen_Promille;3.5
2010;2821;Arisdorf;Steuerfuss_natürliche_Personen_Prozent;59.0
2010;2821;Arisdorf;Steuersatz_Ertrag_juristische_Personen_Prozent;4.5
2010;2821;Arisdorf;Steuersatz_Kapital_juristische_Personen_Promille;3.5
2010;2822;Augst;Steuerfuss_natürliche_Personen_Prozent;53.0
2010;2822;Augst;Steuersatz_Ertrag_juristische_Personen_Prozent;4.2
2010;2822;Augst;Steuersatz_Kapital_juristische_Personen_Promille;3.5
2010;2823;Bubendorf;Steuerfuss_natürliche_Personen_Prozent;63.0
2010;2823;Bubendorf;Steuersatz_Ertrag_juristische_Personen_Prozent;4.4
2010;2823;Bubendorf;Steuersatz_Kapital_juristische_Personen_Promille;3.5
2010;2824;Frenkendorf;Steuerfuss_natürliche_Personen_Prozent;57.0
2010;2824;Frenkendorf;Steuersatz_Ertrag_juristische_Personen_Prozent;4.5
2010;2824;Frenkendorf;Steuersatz_Kapital_juristische_Personen_Promille;3.5
2010;2825;Füllinsdorf;Steuerfuss_natürliche_Personen_Prozent;60.0
2010;2825;Füllinsdorf;Steuersatz_Ertrag_juristische_Personen_Prozent;5.0
2010;2825;Füllinsdorf;Steuersatz_Kapital_juristische_Personen_Promille;3.5
2010;2826;Giebenach;Steuerfuss_natürliche_Personen_Prozent;59.0
2010;2826;Giebenach;Steuersatz_Ertrag_juristische_Personen_Prozent;2.0
2010;2826;Giebenach;Steuersatz_Kapital_juristische_Personen_Promille;3.5
2010;2827;Hersberg;Steuerfuss_natürliche_Personen_Prozent;55.0
2010;2827;Hersberg;Steuersatz_Ertrag_juristische_Personen_Prozent;4.5
2010;2827;Hersberg;Steuersatz_Kapital_juristische_Personen_Promille;2.75
2010;2828;Lausen;Steuerfuss_natürliche_Personen_Prozent;55.0
2010;2828;Lausen;Steuersatz_Ertrag_juristische_Personen_Prozent;3.7
2010;2828;Lausen;Steuersatz_Kapital_juristische_Personen_Promille;3.5
2010;2829;Liestal;Steuerfuss_natürliche_Personen_Prozent;66.0
2010;2829;Liestal;Steuersatz_Ertrag_juristische_Personen_Prozent;5.0
2010;2829;Liestal;Steuersatz_Kapital_juristische_Personen_Promille;3.5
2010;2830;Lupsingen;Steuerfuss_natürliche_Personen_Prozent;58.0
2010;2830;Lupsingen;Steuersatz_Ertrag_juristische_Personen_Prozent;3.5
2010;2830;Lupsingen;Steuersatz_Kapital_juristische_Personen_Promille;3.5
2010;2831;Pratteln;Steuerfuss_natürliche_Personen_Prozent;62.8
2010;2831;Pratteln;Steuersatz_Ertrag_juristische_Personen_Prozent;4.95
2010;2831;Pratteln;Steuersatz_Kapital_juristische_Personen_Promille;3.5
2010;2832;Ramlinsburg;Steuerfuss_natürliche_Personen_Prozent;60.0
2010;2832;Ramlinsburg;Steuersatz_Ertrag_juristische_Personen_Prozent;3.5
2010;2832;Ramlinsburg;Steuersatz_Kapital_juristische_Personen_Promille;3.5
2010;2833;Seltisberg;Steuerfuss_natürliche_Personen_Prozent;52.0
2010;2833;Seltisberg;Steuersatz_Ertrag_juristische_Personen_Prozent;4.0
2010;2833;Seltisberg;Steuersatz_Kapital_juristische_Personen_Promille;3.5
2010;2834;Ziefen;Steuerfuss_natürliche_Personen_Prozent;59.0
2010;2834;Ziefen;Steuersatz_Ertrag_juristische_Personen_Prozent;5.0
2010;2834;Ziefen;Steuersatz_Kapital_juristische_Personen_Promille;3.5
2010;2841;Anwil;Steuerfuss_natürliche_Personen_Prozent;60.0
2010;2841;Anwil;Steuersatz_Ertrag_juristische_Personen_Prozent;4.5
2010;2841;Anwil;Steuersatz_Kapital_juristische_Personen_Promille;3.5
2010;2842;Böckten;Steuerfuss_natürliche_Personen_Prozent;59.0
2010;2842;Böckten;Steuersatz_Ertrag_juristische_Personen_Prozent;4.5
2010;2842;Böckten;Steuersatz_Kapital_juristische_Personen_Promille;3.5
2010;2843;Buckten;Steuerfuss_natürliche_Personen_Prozent;64.0
2010;2843;Buckten;Steuersatz_Ertrag_juristische_Personen_Prozent;4.5
2010;2843;Buckten;Steuersatz_Kapital_juristische_Personen_Promille;3.5
2010;2844;Buus;Steuerfuss_natürliche_Personen_Prozent;62.0
2010;2844;Buus;Steuersatz_Ertrag_juristische_Personen_Prozent;4.5
2010;2844;Buus;Steuersatz_Kapital_juristische_Personen_Promille;2.75
2010;2845;Diepflingen;Steuerfuss_natürliche_Personen_Prozent;65.0
2010;2845;Diepflingen;Steuersatz_Ertrag_juristische_Personen_Prozent;4.5
2010;2845;Diepflingen;Steuersatz_Kapital_juristische_Personen_Promille;3.5
2010;2846;Gelterkinden;Steuerfuss_natürliche_Personen_Prozent;59.0
2010;2846;Gelterkinden;Steuersatz_Ertrag_juristische_Personen_Prozent;3.8
2010;2846;Gelterkinden;Steuersatz_Kapital_juristische_Personen_Promille;3.5
2010;2847;Häfelfingen;Steuerfuss_natürliche_Personen_Prozent;61.0
2010;2847;Häfelfingen;Steuersatz_Ertrag_juristische_Personen_Prozent;4.0
2010;2847;Häfelfingen;Steuersatz_Kapital_juristische_Personen_Promille;3.5
2010;2848;Hemmiken;Steuerfuss_natürliche_Personen_Prozent;68.0
2010;2848;Hemmiken;Steuersatz_Ertrag_juristische_Personen_Prozent;4.5
2010;2848;Hemmiken;Steuersatz_Kapital_juristische_Personen_Promille;2.5
2010;2849;Itingen;Steuerfuss_natürliche_Personen_Prozent;61.0
2010;2849;Itingen;Steuersatz_Ertrag_juristische_Personen_Prozent;4.2
2010;2849;Itingen;Steuersatz_Kapital_juristische_Personen_Promille;3.5
2010;2850;Känerkinden;Steuerfuss_natürliche_Personen_Prozent;55.0
2010;2850;Känerkinden;Steuersatz_Ertrag_juristische_Personen_Prozent;2.0
2010;2850;Känerkinden;Steuersatz_Kapital_juristische_Personen_Promille;3.5
2010;2851;Kilchberg;Steuerfuss_natürliche_Personen_Prozent;64.0
2010;2851;Kilchberg;Steuersatz_Ertrag_juristische_Personen_Prozent;4.5
2010;2851;Kilchberg;Steuersatz_Kapital_juristische_Personen_Promille;3.5
2010;2852;Läufelfingen;Steuerfuss_natürliche_Personen_Prozent;64.2
2010;2852;Läufelfingen;Steuersatz_Ertrag_juristische_Personen_Prozent;4.3
2010;2852;Läufelfingen;Steuersatz_Kapital_juristische_Personen_Promille;2.5
2010;2853;Maisprach;Steuerfuss_natürliche_Personen_Prozent;62.0
2010;2853;Maisprach;Steuersatz_Ertrag_juristische_Personen_Prozent;4.5
2010;2853;Maisprach;Steuersatz_Kapital_juristische_Personen_Promille;3.5
2010;2854;Nusshof;Steuerfuss_natürliche_Personen_Prozent;55.0
2010;2854;Nusshof;Steuersatz_Ertrag_juristische_Personen_Prozent;4.5
2010;2854;Nusshof;Steuersatz_Kapital_juristische_Personen_Promille;3.5
2010;2855;Oltingen;Steuerfuss_natürliche_Personen_Prozent;64.0
2010;2855;Oltingen;Steuersatz_Ertrag_juristische_Personen_Prozent;4.5
2010;2855;Oltingen;Steuersatz_Kapital_juristische_Personen_Promille;3.5
2010;2856;Ormalingen;Steuerfuss_natürliche_Personen_Prozent;61.0
2010;2856;Ormalingen;Steuersatz_Ertrag_juristische_Personen_Prozent;5.0
2010;2856;Ormalingen;Steuersatz_Kapital_juristische_Personen_Promille;3.5
2010;2857;Rickenbach;Steuerfuss_natürliche_Personen_Prozent;62.0
2010;2857;Rickenbach;Steuersatz_Ertrag_juristische_Personen_Prozent;4.5
2010;2857;Rickenbach;Steuersatz_Kapital_juristische_Personen_Promille;2.75
2010;2858;Rothenfluh;Steuerfuss_natürliche_Personen_Prozent;62.0
2010;2858;Rothenfluh;Steuersatz_Ertrag_juristische_Personen_Prozent;5.0
2010;2858;Rothenfluh;Steuersatz_Kapital_juristische_Personen_Promille;3.5
2010;2859;Rümlingen;Steuerfuss_natürliche_Personen_Prozent;63.0
2010;2859;Rümlingen;Steuersatz_Ertrag_juristische_Personen_Prozent;4.5
2010;2859;Rümlingen;Steuersatz_Kapital_juristische_Personen_Promille;2.75
2010;2860;Rünenberg;Steuerfuss_natürliche_Personen_Prozent;60.0
2010;2860;Rünenberg;Steuersatz_Ertrag_juristische_Personen_Prozent;4.5
2010;2860;Rünenberg;Steuersatz_Kapital_juristische_Personen_Promille;3.5
2010;2861;Sissach;Steuerfuss_natürliche_Personen_Prozent;55.0
2010;2861;Sissach;Steuersatz_Ertrag_juristische_Personen_Prozent;4.0
2010;2861;Sissach;Steuersatz_Kapital_juristische_Personen_Promille;2.75
2010;2862;Tecknau;Steuerfuss_natürliche_Personen_Prozent;59.0
2010;2862;Tecknau;Steuersatz_Ertrag_juristische_Personen_Prozent;4.1
2010;2862;Tecknau;Steuersatz_Kapital_juristische_Personen_Promille;3.5
2010;2863;Tenniken;Steuerfuss_natürliche_Personen_Prozent;60.0
2010;2863;Tenniken;Steuersatz_Ertrag_juristische_Personen_Prozent;4.5
2010;2863;Tenniken;Steuersatz_Kapital_juristische_Personen_Promille;3.5
2010;2864;Thürnen;Steuerfuss_natürliche_Personen_Prozent;48.0
2010;2864;Thürnen;Steuersatz_Ertrag_juristische_Personen_Prozent;4.0
2010;2864;Thürnen;Steuersatz_Kapital_juristische_Personen_Promille;3.5
2010;2865;Wenslingen;Steuerfuss_natürliche_Personen_Prozent;58.0
2010;2865;Wenslingen;Steuersatz_Ertrag_juristische_Personen_Prozent;4.5
2010;2865;Wenslingen;Steuersatz_Kapital_juristische_Personen_Promille;3.5
2010;2866;Wintersingen;Steuerfuss_natürliche_Personen_Prozent;61.0
2010;2866;Wintersingen;Steuersatz_Ertrag_juristische_Personen_Prozent;4.5
2010;2866;Wintersingen;Steuersatz_Kapital_juristische_Personen_Promille;3.5
2010;2867;Wittinsburg;Steuerfuss_natürliche_Personen_Prozent;57.0
2010;2867;Wittinsburg;Steuersatz_Ertrag_juristische_Personen_Prozent;4.5
2010;2867;Wittinsburg;Steuersatz_Kapital_juristische_Personen_Promille;3.5
2010;2868;Zeglingen;Steuerfuss_natürliche_Personen_Prozent;66.0
2010;2868;Zeglingen;Steuersatz_Ertrag_juristische_Personen_Prozent;4.5
2010;2868;Zeglingen;Steuersatz_Kapital_juristische_Personen_Promille;2.75
2010;2869;Zunzgen;Steuerfuss_natürliche_Personen_Prozent;55.0
2010;2869;Zunzgen;Steuersatz_Ertrag_juristische_Personen_Prozent;5.0
2010;2869;Zunzgen;Steuersatz_Kapital_juristische_Personen_Promille;3.5
2010;2881;Arboldswil;Steuerfuss_natürliche_Personen_Prozent;60.0
2010;2881;Arboldswil;Steuersatz_Ertrag_juristische_Personen_Prozent;4.5
2010;2881;Arboldswil;Steuersatz_Kapital_juristische_Personen_Promille;3.5
2010;2882;Bennwil;Steuerfuss_natürliche_Personen_Prozent;64.0
2010;2882;Bennwil;Steuersatz_Ertrag_juristische_Personen_Prozent;4.0
2010;2882;Bennwil;Steuersatz_Kapital_juristische_Personen_Promille;3.0
2010;2883;Bretzwil;Steuerfuss_natürliche_Personen_Prozent;58.0
2010;2883;Bretzwil;Steuersatz_Ertrag_juristische_Personen_Prozent;4.0
2010;2883;Bretzwil;Steuersatz_Kapital_juristische_Personen_Promille;3.5
2010;2884;Diegten;Steuerfuss_natürliche_Personen_Prozent;56.0
2010;2884;Diegten;Steuersatz_Ertrag_juristische_Personen_Prozent;4.0
2010;2884;Diegten;Steuersatz_Kapital_juristische_Personen_Promille;3.5
2010;2885;Eptingen;Steuerfuss_natürliche_Personen_Prozent;65.0
2010;2885;Eptingen;Steuersatz_Ertrag_juristische_Personen_Prozent;4.5
2010;2885;Eptingen;Steuersatz_Kapital_juristische_Personen_Promille;3.5
2010;2886;Hölstein;Steuerfuss_natürliche_Personen_Prozent;63.0
2010;2886;Hölstein;Steuersatz_Ertrag_juristische_Personen_Prozent;4.0
2010;2886;Hölstein;Steuersatz_Kapital_juristische_Personen_Promille;2.5
2010;2887;Lampenberg;Steuerfuss_natürliche_Personen_Prozent;60.0
2010;2887;Lampenberg;Steuersatz_Ertrag_juristische_Personen_Prozent;4.5
2010;2887;Lampenberg;Steuersatz_Kapital_juristische_Personen_Promille;2.5
2010;2888;Langenbruck;Steuerfuss_natürliche_Personen_Prozent;56.0
2010;2888;Langenbruck;Steuersatz_Ertrag_juristische_Personen_Prozent;4.5
2010;2888;Langenbruck;Steuersatz_Kapital_juristische_Personen_Promille;3.5
2010;2889;Lauwil;Steuerfuss_natürliche_Personen_Prozent;60.0
2010;2889;Lauwil;Steuersatz_Ertrag_juristische_Personen_Prozent;4.5
2010;2889;Lauwil;Steuersatz_Kapital_juristische_Personen_Promille;3.5
2010;2890;Liedertswil;Steuerfuss_natürliche_Personen_Prozent;55.0
2010;2890;Liedertswil;Steuersatz_Ertrag_juristische_Personen_Prozent;4.5
2010;2890;Liedertswil;Steuersatz_Kapital_juristische_Personen_Promille;3.5
2010;2891;Niederdorf;Steuerfuss_natürliche_Personen_Prozent;64.0
2010;2891;Niederdorf;Steuersatz_Ertrag_juristische_Personen_Prozent;4.5
2010;2891;Niederdorf;Steuersatz_Kapital_juristische_Personen_Promille;3.5
2010;2892;Oberdorf;Steuerfuss_natürliche_Personen_Prozent;58.0
2010;2892;Oberdorf;Steuersatz_Ertrag_juristische_Personen_Prozent;5.0
2010;2892;Oberdorf;Steuersatz_Kapital_juristische_Personen_Promille;2.75
2010;2893;Reigoldswil;Steuerfuss_natürliche_Personen_Prozent;62.0
2010;2893;Reigoldswil;Steuersatz_Ertrag_juristische_Personen_Prozent;4.5
2010;2893;Reigoldswil;Steuersatz_Kapital_juristische_Personen_Promille;3.5
2010;2894;Titterten;Steuerfuss_natürliche_Personen_Prozent;62.0
2010;2894;Titterten;Steuersatz_Ertrag_juristische_Personen_Prozent;4.5
2010;2894;Titterten;Steuersatz_Kapital_juristische_Personen_Promille;3.5
2010;2895;Waldenburg;Steuerfuss_natürliche_Personen_Prozent;67.0
2010;2895;Waldenburg;Steuersatz_Ertrag_juristische_Personen_Prozent;4.75
2010;2895;Waldenburg;Steuersatz_Kapital_juristische_Personen_Promille;3.5
2009;2761;Aesch;Steuerfuss_natürliche_Personen_Prozent;57.0
2009;2761;Aesch;Steuersatz_Ertrag_juristische_Personen_Prozent;4.9
2009;2761;Aesch;Steuersatz_Kapital_juristische_Personen_Promille;3.5
2009;2762;Allschwil;Steuerfuss_natürliche_Personen_Prozent;58.0
2009;2762;Allschwil;Steuersatz_Ertrag_juristische_Personen_Prozent;5.0
2009;2762;Allschwil;Steuersatz_Kapital_juristische_Personen_Promille;3.5
2009;2763;Arlesheim;Steuerfuss_natürliche_Personen_Prozent;45.0
2009;2763;Arlesheim;Steuersatz_Ertrag_juristische_Personen_Prozent;4.0
2009;2763;Arlesheim;Steuersatz_Kapital_juristische_Personen_Promille;3.5
2009;2764;Biel-Benken;Steuerfuss_natürliche_Personen_Prozent;49.0
2009;2764;Biel-Benken;Steuersatz_Ertrag_juristische_Personen_Prozent;3.5
2009;2764;Biel-Benken;Steuersatz_Kapital_juristische_Personen_Promille;2.0
2009;2765;Binningen;Steuerfuss_natürliche_Personen_Prozent;46.0
2009;2765;Binningen;Steuersatz_Ertrag_juristische_Personen_Prozent;4.0
2009;2765;Binningen;Steuersatz_Kapital_juristische_Personen_Promille;3.5
2009;2766;Birsfelden;Steuerfuss_natürliche_Personen_Prozent;62.0
2009;2766;Birsfelden;Steuersatz_Ertrag_juristische_Personen_Prozent;5.0
2009;2766;Birsfelden;Steuersatz_Kapital_juristische_Personen_Promille;3.5
2009;2767;Bottmingen;Steuerfuss_natürliche_Personen_Prozent;42.0
2009;2767;Bottmingen;Steuersatz_Ertrag_juristische_Personen_Prozent;2.0
2009;2767;Bottmingen;Steuersatz_Kapital_juristische_Personen_Promille;2.75
2009;2768;Ettingen;Steuerfuss_natürliche_Personen_Prozent;61.0
2009;2768;Ettingen;Steuersatz_Ertrag_juristische_Personen_Prozent;4.5
2009;2768;Ettingen;Steuersatz_Kapital_juristische_Personen_Promille;3.5
2009;2769;Münchenstein;Steuerfuss_natürliche_Personen_Prozent;61.0
2009;2769;Münchenstein;Steuersatz_Ertrag_juristische_Personen_Prozent;5.0
2009;2769;Münchenstein;Steuersatz_Kapital_juristische_Personen_Promille;3.5
2009;2770;Muttenz;Steuerfuss_natürliche_Personen_Prozent;56.0
2009;2770;Muttenz;Steuersatz_Ertrag_juristische_Personen_Prozent;5.0
2009;2770;Muttenz;Steuersatz_Kapital_juristische_Personen_Promille;3.5
2009;2771;Oberwil;Steuerfuss_natürliche_Personen_Prozent;48.0
2009;2771;Oberwil;Steuersatz_Ertrag_juristische_Personen_Prozent;4.0
2009;2771;Oberwil;Steuersatz_Kapital_juristische_Personen_Promille;3.5
2009;2772;Pfeffingen;Steuerfuss_natürliche_Personen_Prozent;45.0
2009;2772;Pfeffingen;Steuersatz_Ertrag_juristische_Personen_Prozent;4.4
2009;2772;Pfeffingen;Steuersatz_Kapital_juristische_Personen_Promille;2.5
2009;2773;Reinach;Steuerfuss_natürliche_Personen_Prozent;52.5
2009;2773;Reinach;Steuersatz_Ertrag_juristische_Personen_Prozent;4.8
2009;2773;Reinach;Steuersatz_Kapital_juristische_Personen_Promille;3.5
2009;2774;Schönenbuch;Steuerfuss_natürliche_Personen_Prozent;56.0
2009;2774;Schönenbuch;Steuersatz_Ertrag_juristische_Personen_Prozent;4.0
2009;2774;Schönenbuch;Steuersatz_Kapital_juristische_Personen_Promille;3.0
2009;2775;Therwil;Steuerfuss_natürliche_Personen_Prozent;52.0
2009;2775;Therwil;Steuersatz_Ertrag_juristische_Personen_Prozent;4.7
2009;2775;Therwil;Steuersatz_Kapital_juristische_Personen_Promille;3.5
2009;2781;Blauen;Steuerfuss_natürliche_Personen_Prozent;63.0
2009;2781;Blauen;Steuersatz_Ertrag_juristische_Personen_Prozent;4.0
2009;2781;Blauen;Steuersatz_Kapital_juristische_Personen_Promille;3.5
2009;2782;Brislach;Steuerfuss_natürliche_Personen_Prozent;57.0
2009;2782;Brislach;Steuersatz_Ertrag_juristische_Personen_Prozent;4.5
2009;2782;Brislach;Steuersatz_Kapital_juristische_Personen_Promille;3.18
2009;2783;Burg i.L.;Steuerfuss_natürliche_Personen_Prozent;64.0
2009;2783;Burg i.L.;Steuersatz_Ertrag_juristische_Personen_Prozent;3.0
2009;2783;Burg i.L.;Steuersatz_Kapital_juristische_Personen_Promille;2.75
2009;2784;Dittingen;Steuerfuss_natürliche_Personen_Prozent;63.0
2009;2784;Dittingen;Steuersatz_Ertrag_juristische_Personen_Prozent;4.5
2009;2784;Dittingen;Steuersatz_Kapital_juristische_Personen_Promille;3.5
2009;2785;Duggingen;Steuerfuss_natürliche_Personen_Prozent;59.0
2009;2785;Duggingen;Steuersatz_Ertrag_juristische_Personen_Prozent;4.5
2009;2785;Duggingen;Steuersatz_Kapital_juristische_Personen_Promille;3.5
2009;2786;Grellingen;Steuerfuss_natürliche_Personen_Prozent;60.0
2009;2786;Grellingen;Steuersatz_Ertrag_juristische_Personen_Prozent;4.0
2009;2786;Grellingen;Steuersatz_Kapital_juristische_Personen_Promille;3.5
2009;2787;Laufen;Steuerfuss_natürliche_Personen_Prozent;59.0
2009;2787;Laufen;Steuersatz_Ertrag_juristische_Personen_Prozent;4.5
2009;2787;Laufen;Steuersatz_Kapital_juristische_Personen_Promille;3.25
2009;2788;Liesberg;Steuerfuss_natürliche_Personen_Prozent;55.0
2009;2788;Liesberg;Steuersatz_Ertrag_juristische_Personen_Prozent;4.3
2009;2788;Liesberg;Steuersatz_Kapital_juristische_Personen_Promille;3.5
2009;2789;Nenzlingen;Steuerfuss_natürliche_Personen_Prozent;62.5
2009;2789;Nenzlingen;Steuersatz_Ertrag_juristische_Personen_Prozent;4.5
2009;2789;Nenzlingen;Steuersatz_Kapital_juristische_Personen_Promille;3.5
2009;2790;Roggenburg;Steuerfuss_natürliche_Personen_Prozent;64.0
2009;2790;Roggenburg;Steuersatz_Ertrag_juristische_Personen_Prozent;4.5
2009;2790;Roggenburg;Steuersatz_Kapital_juristische_Personen_Promille;2.75
2009;2791;Röschenz;Steuerfuss_natürliche_Personen_Prozent;58.0
2009;2791;Röschenz;Steuersatz_Ertrag_juristische_Personen_Prozent;3.5
2009;2791;Röschenz;Steuersatz_Kapital_juristische_Personen_Promille;3.5
2009;2792;Wahlen;Steuerfuss_natürliche_Personen_Prozent;56.0
2009;2792;Wahlen;Steuersatz_Ertrag_juristische_Personen_Prozent;4.3
2009;2792;Wahlen;Steuersatz_Kapital_juristische_Personen_Promille;3.5
2009;2793;Zwingen;Steuerfuss_natürliche_Personen_Prozent;59.0
2009;2793;Zwingen;Steuersatz_Ertrag_juristische_Personen_Prozent;4.2
2009;2793;Zwingen;Steuersatz_Kapital_juristische_Personen_Promille;3.5
2009;2821;Arisdorf;Steuerfuss_natürliche_Personen_Prozent;59.0
2009;2821;Arisdorf;Steuersatz_Ertrag_juristische_Personen_Prozent;4.5
2009;2821;Arisdorf;Steuersatz_Kapital_juristische_Personen_Promille;3.5
2009;2822;Augst;Steuerfuss_natürliche_Personen_Prozent;50.0
2009;2822;Augst;Steuersatz_Ertrag_juristische_Personen_Prozent;4.2
2009;2822;Augst;Steuersatz_Kapital_juristische_Personen_Promille;3.5
2009;2823;Bubendorf;Steuerfuss_natürliche_Personen_Prozent;63.0
2009;2823;Bubendorf;Steuersatz_Ertrag_juristische_Personen_Prozent;4.4
2009;2823;Bubendorf;Steuersatz_Kapital_juristische_Personen_Promille;3.5
2009;2824;Frenkendorf;Steuerfuss_natürliche_Personen_Prozent;57.0
2009;2824;Frenkendorf;Steuersatz_Ertrag_juristische_Personen_Prozent;4.5
2009;2824;Frenkendorf;Steuersatz_Kapital_juristische_Personen_Promille;3.5
2009;2825;Füllinsdorf;Steuerfuss_natürliche_Personen_Prozent;62.0
2009;2825;Füllinsdorf;Steuersatz_Ertrag_juristische_Personen_Prozent;5.0
2009;2825;Füllinsdorf;Steuersatz_Kapital_juristische_Personen_Promille;3.5
2009;2826;Giebenach;Steuerfuss_natürliche_Personen_Prozent;59.0
2009;2826;Giebenach;Steuersatz_Ertrag_juristische_Personen_Prozent;2.0
2009;2826;Giebenach;Steuersatz_Kapital_juristische_Personen_Promille;3.5
2009;2827;Hersberg;Steuerfuss_natürliche_Personen_Prozent;55.0
2009;2827;Hersberg;Steuersatz_Ertrag_juristische_Personen_Prozent;4.5
2009;2827;Hersberg;Steuersatz_Kapital_juristische_Personen_Promille;2.75
2009;2828;Lausen;Steuerfuss_natürliche_Personen_Prozent;53.0
2009;2828;Lausen;Steuersatz_Ertrag_juristische_Personen_Prozent;3.7
2009;2828;Lausen;Steuersatz_Kapital_juristische_Personen_Promille;3.5
2009;2829;Liestal;Steuerfuss_natürliche_Personen_Prozent;67.0
2009;2829;Liestal;Steuersatz_Ertrag_juristische_Personen_Prozent;5.0
2009;2829;Liestal;Steuersatz_Kapital_juristische_Personen_Promille;3.5
2009;2830;Lupsingen;Steuerfuss_natürliche_Personen_Prozent;58.0
2009;2830;Lupsingen;Steuersatz_Ertrag_juristische_Personen_Prozent;3.5
2009;2830;Lupsingen;Steuersatz_Kapital_juristische_Personen_Promille;3.5
2009;2831;Pratteln;Steuerfuss_natürliche_Personen_Prozent;63.8
2009;2831;Pratteln;Steuersatz_Ertrag_juristische_Personen_Prozent;4.95
2009;2831;Pratteln;Steuersatz_Kapital_juristische_Personen_Promille;3.5
2009;2832;Ramlinsburg;Steuerfuss_natürliche_Personen_Prozent;60.0
2009;2832;Ramlinsburg;Steuersatz_Ertrag_juristische_Personen_Prozent;3.5
2009;2832;Ramlinsburg;Steuersatz_Kapital_juristische_Personen_Promille;3.5
2009;2833;Seltisberg;Steuerfuss_natürliche_Personen_Prozent;52.0
2009;2833;Seltisberg;Steuersatz_Ertrag_juristische_Personen_Prozent;4.0
2009;2833;Seltisberg;Steuersatz_Kapital_juristische_Personen_Promille;3.5
2009;2834;Ziefen;Steuerfuss_natürliche_Personen_Prozent;59.0
2009;2834;Ziefen;Steuersatz_Ertrag_juristische_Personen_Prozent;5.0
2009;2834;Ziefen;Steuersatz_Kapital_juristische_Personen_Promille;3.5
2009;2841;Anwil;Steuerfuss_natürliche_Personen_Prozent;60.0
2009;2841;Anwil;Steuersatz_Ertrag_juristische_Personen_Prozent;4.5
2009;2841;Anwil;Steuersatz_Kapital_juristische_Personen_Promille;3.5
2009;2842;Böckten;Steuerfuss_natürliche_Personen_Prozent;59.0
2009;2842;Böckten;Steuersatz_Ertrag_juristische_Personen_Prozent;4.5
2009;2842;Böckten;Steuersatz_Kapital_juristische_Personen_Promille;3.5
2009;2843;Buckten;Steuerfuss_natürliche_Personen_Prozent;64.0
2009;2843;Buckten;Steuersatz_Ertrag_juristische_Personen_Prozent;4.5
2009;2843;Buckten;Steuersatz_Kapital_juristische_Personen_Promille;3.5
2009;2844;Buus;Steuerfuss_natürliche_Personen_Prozent;62.0
2009;2844;Buus;Steuersatz_Ertrag_juristische_Personen_Prozent;4.5
2009;2844;Buus;Steuersatz_Kapital_juristische_Personen_Promille;3.5
2009;2845;Diepflingen;Steuerfuss_natürliche_Personen_Prozent;65.0
2009;2845;Diepflingen;Steuersatz_Ertrag_juristische_Personen_Prozent;4.5
2009;2845;Diepflingen;Steuersatz_Kapital_juristische_Personen_Promille;3.5
2009;2846;Gelterkinden;Steuerfuss_natürliche_Personen_Prozent;59.0
2009;2846;Gelterkinden;Steuersatz_Ertrag_juristische_Personen_Prozent;3.8
2009;2846;Gelterkinden;Steuersatz_Kapital_juristische_Personen_Promille;3.5
2009;2847;Häfelfingen;Steuerfuss_natürliche_Personen_Prozent;61.0
2009;2847;Häfelfingen;Steuersatz_Ertrag_juristische_Personen_Prozent;4.0
2009;2847;Häfelfingen;Steuersatz_Kapital_juristische_Personen_Promille;3.5
2009;2848;Hemmiken;Steuerfuss_natürliche_Personen_Prozent;65.0
2009;2848;Hemmiken;Steuersatz_Ertrag_juristische_Personen_Prozent;4.5
2009;2848;Hemmiken;Steuersatz_Kapital_juristische_Personen_Promille;2.5
2009;2849;Itingen;Steuerfuss_natürliche_Personen_Prozent;61.0
2009;2849;Itingen;Steuersatz_Ertrag_juristische_Personen_Prozent;4.2
2009;2849;Itingen;Steuersatz_Kapital_juristische_Personen_Promille;3.5
2009;2850;Känerkinden;Steuerfuss_natürliche_Personen_Prozent;55.0
2009;2850;Känerkinden;Steuersatz_Ertrag_juristische_Personen_Prozent;2.0
2009;2850;Känerkinden;Steuersatz_Kapital_juristische_Personen_Promille;3.5
2009;2851;Kilchberg;Steuerfuss_natürliche_Personen_Prozent;64.0
2009;2851;Kilchberg;Steuersatz_Ertrag_juristische_Personen_Prozent;4.5
2009;2851;Kilchberg;Steuersatz_Kapital_juristische_Personen_Promille;3.5
2009;2852;Läufelfingen;Steuerfuss_natürliche_Personen_Prozent;64.2
2009;2852;Läufelfingen;Steuersatz_Ertrag_juristische_Personen_Prozent;4.3
2009;2852;Läufelfingen;Steuersatz_Kapital_juristische_Personen_Promille;3.0
2009;2853;Maisprach;Steuerfuss_natürliche_Personen_Prozent;62.0
2009;2853;Maisprach;Steuersatz_Ertrag_juristische_Personen_Prozent;4.5
2009;2853;Maisprach;Steuersatz_Kapital_juristische_Personen_Promille;3.5
2009;2854;Nusshof;Steuerfuss_natürliche_Personen_Prozent;55.0
2009;2854;Nusshof;Steuersatz_Ertrag_juristische_Personen_Prozent;4.5
2009;2854;Nusshof;Steuersatz_Kapital_juristische_Personen_Promille;3.5
2009;2855;Oltingen;Steuerfuss_natürliche_Personen_Prozent;64.0
2009;2855;Oltingen;Steuersatz_Ertrag_juristische_Personen_Prozent;4.5
2009;2855;Oltingen;Steuersatz_Kapital_juristische_Personen_Promille;3.5
2009;2856;Ormalingen;Steuerfuss_natürliche_Personen_Prozent;61.0
2009;2856;Ormalingen;Steuersatz_Ertrag_juristische_Personen_Prozent;5.0
2009;2856;Ormalingen;Steuersatz_Kapital_juristische_Personen_Promille;3.5
2009;2857;Rickenbach;Steuerfuss_natürliche_Personen_Prozent;62.0
2009;2857;Rickenbach;Steuersatz_Ertrag_juristische_Personen_Prozent;4.5
2009;2857;Rickenbach;Steuersatz_Kapital_juristische_Personen_Promille;2.75
2009;2858;Rothenfluh;Steuerfuss_natürliche_Personen_Prozent;62.0
2009;2858;Rothenfluh;Steuersatz_Ertrag_juristische_Personen_Prozent;5.0
2009;2858;Rothenfluh;Steuersatz_Kapital_juristische_Personen_Promille;3.5
2009;2859;Rümlingen;Steuerfuss_natürliche_Personen_Prozent;63.0
2009;2859;Rümlingen;Steuersatz_Ertrag_juristische_Personen_Prozent;4.5
2009;2859;Rümlingen;Steuersatz_Kapital_juristische_Personen_Promille;2.75
2009;2860;Rünenberg;Steuerfuss_natürliche_Personen_Prozent;60.0
2009;2860;Rünenberg;Steuersatz_Ertrag_juristische_Personen_Prozent;4.5
2009;2860;Rünenberg;Steuersatz_Kapital_juristische_Personen_Promille;3.5
2009;2861;Sissach;Steuerfuss_natürliche_Personen_Prozent;55.0
2009;2861;Sissach;Steuersatz_Ertrag_juristische_Personen_Prozent;4.0
2009;2861;Sissach;Steuersatz_Kapital_juristische_Personen_Promille;2.75
2009;2862;Tecknau;Steuerfuss_natürliche_Personen_Prozent;63.0
2009;2862;Tecknau;Steuersatz_Ertrag_juristische_Personen_Prozent;4.1
2009;2862;Tecknau;Steuersatz_Kapital_juristische_Personen_Promille;3.5
2009;2863;Tenniken;Steuerfuss_natürliche_Personen_Prozent;60.0
2009;2863;Tenniken;Steuersatz_Ertrag_juristische_Personen_Prozent;4.5
2009;2863;Tenniken;Steuersatz_Kapital_juristische_Personen_Promille;3.5
2009;2864;Thürnen;Steuerfuss_natürliche_Personen_Prozent;48.0
2009;2864;Thürnen;Steuersatz_Ertrag_juristische_Personen_Prozent;4.0
2009;2864;Thürnen;Steuersatz_Kapital_juristische_Personen_Promille;3.5
2009;2865;Wenslingen;Steuerfuss_natürliche_Personen_Prozent;58.0
2009;2865;Wenslingen;Steuersatz_Ertrag_juristische_Personen_Prozent;4.5
2009;2865;Wenslingen;Steuersatz_Kapital_juristische_Personen_Promille;3.5
2009;2866;Wintersingen;Steuerfuss_natürliche_Personen_Prozent;57.0
2009;2866;Wintersingen;Steuersatz_Ertrag_juristische_Personen_Prozent;4.5
2009;2866;Wintersingen;Steuersatz_Kapital_juristische_Personen_Promille;3.5
2009;2867;Wittinsburg;Steuerfuss_natürliche_Personen_Prozent;57.0
2009;2867;Wittinsburg;Steuersatz_Ertrag_juristische_Personen_Prozent;4.5
2009;2867;Wittinsburg;Steuersatz_Kapital_juristische_Personen_Promille;3.5
2009;2868;Zeglingen;Steuerfuss_natürliche_Personen_Prozent;66.0
2009;2868;Zeglingen;Steuersatz_Ertrag_juristische_Personen_Prozent;4.5
2009;2868;Zeglingen;Steuersatz_Kapital_juristische_Personen_Promille;2.75
2009;2869;Zunzgen;Steuerfuss_natürliche_Personen_Prozent;54.0
2009;2869;Zunzgen;Steuersatz_Ertrag_juristische_Personen_Prozent;5.0
2009;2869;Zunzgen;Steuersatz_Kapital_juristische_Personen_Promille;3.5
2009;2881;Arboldswil;Steuerfuss_natürliche_Personen_Prozent;60.0
2009;2881;Arboldswil;Steuersatz_Ertrag_juristische_Personen_Prozent;4.5
2009;2881;Arboldswil;Steuersatz_Kapital_juristische_Personen_Promille;3.5
2009;2882;Bennwil;Steuerfuss_natürliche_Personen_Prozent;64.0
2009;2882;Bennwil;Steuersatz_Ertrag_juristische_Personen_Prozent;4.0
2009;2882;Bennwil;Steuersatz_Kapital_juristische_Personen_Promille;3.0
2009;2883;Bretzwil;Steuerfuss_natürliche_Personen_Prozent;58.0
2009;2883;Bretzwil;Steuersatz_Ertrag_juristische_Personen_Prozent;4.0
2009;2883;Bretzwil;Steuersatz_Kapital_juristische_Personen_Promille;3.5
2009;2884;Diegten;Steuerfuss_natürliche_Personen_Prozent;56.0
2009;2884;Diegten;Steuersatz_Ertrag_juristische_Personen_Prozent;4.0
2009;2884;Diegten;Steuersatz_Kapital_juristische_Personen_Promille;3.5
2009;2885;Eptingen;Steuerfuss_natürliche_Personen_Prozent;65.0
2009;2885;Eptingen;Steuersatz_Ertrag_juristische_Personen_Prozent;4.5
2009;2885;Eptingen;Steuersatz_Kapital_juristische_Personen_Promille;3.5
2009;2886;Hölstein;Steuerfuss_natürliche_Personen_Prozent;63.0
2009;2886;Hölstein;Steuersatz_Ertrag_juristische_Personen_Prozent;4.0
2009;2886;Hölstein;Steuersatz_Kapital_juristische_Personen_Promille;3.0
2009;2887;Lampenberg;Steuerfuss_natürliche_Personen_Prozent;60.0
2009;2887;Lampenberg;Steuersatz_Ertrag_juristische_Personen_Prozent;4.5
2009;2887;Lampenberg;Steuersatz_Kapital_juristische_Personen_Promille;2.5
2009;2888;Langenbruck;Steuerfuss_natürliche_Personen_Prozent;49.0
2009;2888;Langenbruck;Steuersatz_Ertrag_juristische_Personen_Prozent;4.5
2009;2888;Langenbruck;Steuersatz_Kapital_juristische_Personen_Promille;3.5
2009;2889;Lauwil;Steuerfuss_natürliche_Personen_Prozent;60.0
2009;2889;Lauwil;Steuersatz_Ertrag_juristische_Personen_Prozent;4.5
2009;2889;Lauwil;Steuersatz_Kapital_juristische_Personen_Promille;3.5
2009;2890;Liedertswil;Steuerfuss_natürliche_Personen_Prozent;54.0
2009;2890;Liedertswil;Steuersatz_Ertrag_juristische_Personen_Prozent;4.5
2009;2890;Liedertswil;Steuersatz_Kapital_juristische_Personen_Promille;3.5
2009;2891;Niederdorf;Steuerfuss_natürliche_Personen_Prozent;64.0
2009;2891;Niederdorf;Steuersatz_Ertrag_juristische_Personen_Prozent;4.5
2009;2891;Niederdorf;Steuersatz_Kapital_juristische_Personen_Promille;3.5
2009;2892;Oberdorf;Steuerfuss_natürliche_Personen_Prozent;62.0
2009;2892;Oberdorf;Steuersatz_Ertrag_juristische_Personen_Prozent;5.0
2009;2892;Oberdorf;Steuersatz_Kapital_juristische_Personen_Promille;3.5
2009;2893;Reigoldswil;Steuerfuss_natürliche_Personen_Prozent;62.0
2009;2893;Reigoldswil;Steuersatz_Ertrag_juristische_Personen_Prozent;4.5
2009;2893;Reigoldswil;Steuersatz_Kapital_juristische_Personen_Promille;3.5
2009;2894;Titterten;Steuerfuss_natürliche_Personen_Prozent;62.0
2009;2894;Titterten;Steuersatz_Ertrag_juristische_Personen_Prozent;4.5
2009;2894;Titterten;Steuersatz_Kapital_juristische_Personen_Promille;3.5
2009;2895;Waldenburg;Steuerfuss_natürliche_Personen_Prozent;67.0
2009;2895;Waldenburg;Steuersatz_Ertrag_juristische_Personen_Prozent;4.75
2009;2895;Waldenburg;Steuersatz_Kapital_juristische_Personen_Promille;3.5
2008;2761;Aesch;Steuerfuss_natürliche_Personen_Prozent;57.0
2008;2761;Aesch;Steuersatz_Ertrag_juristische_Personen_Prozent;4.9
2008;2761;Aesch;Steuersatz_Kapital_juristische_Personen_Promille;3.5
2008;2762;Allschwil;Steuerfuss_natürliche_Personen_Prozent;58.0
2008;2762;Allschwil;Steuersatz_Ertrag_juristische_Personen_Prozent;5.0
2008;2762;Allschwil;Steuersatz_Kapital_juristische_Personen_Promille;3.5
2008;2763;Arlesheim;Steuerfuss_natürliche_Personen_Prozent;45.0
2008;2763;Arlesheim;Steuersatz_Ertrag_juristische_Personen_Prozent;4.0
2008;2763;Arlesheim;Steuersatz_Kapital_juristische_Personen_Promille;3.5
2008;2764;Biel-Benken;Steuerfuss_natürliche_Personen_Prozent;46.0
2008;2764;Biel-Benken;Steuersatz_Ertrag_juristische_Personen_Prozent;3.5
2008;2764;Biel-Benken;Steuersatz_Kapital_juristische_Personen_Promille;2.0
2008;2765;Binningen;Steuerfuss_natürliche_Personen_Prozent;46.0
2008;2765;Binningen;Steuersatz_Ertrag_juristische_Personen_Prozent;4.0
2008;2765;Binningen;Steuersatz_Kapital_juristische_Personen_Promille;3.5
2008;2766;Birsfelden;Steuerfuss_natürliche_Personen_Prozent;62.0
2008;2766;Birsfelden;Steuersatz_Ertrag_juristische_Personen_Prozent;5.0
2008;2766;Birsfelden;Steuersatz_Kapital_juristische_Personen_Promille;3.5
2008;2767;Bottmingen;Steuerfuss_natürliche_Personen_Prozent;44.0
2008;2767;Bottmingen;Steuersatz_Ertrag_juristische_Personen_Prozent;4.5
2008;2767;Bottmingen;Steuersatz_Kapital_juristische_Personen_Promille;2.75
2008;2768;Ettingen;Steuerfuss_natürliche_Personen_Prozent;59.0
2008;2768;Ettingen;Steuersatz_Ertrag_juristische_Personen_Prozent;4.5
2008;2768;Ettingen;Steuersatz_Kapital_juristische_Personen_Promille;3.5
2008;2769;Münchenstein;Steuerfuss_natürliche_Personen_Prozent;63.0
2008;2769;Münchenstein;Steuersatz_Ertrag_juristische_Personen_Prozent;5.0
2008;2769;Münchenstein;Steuersatz_Kapital_juristische_Personen_Promille;3.5
2008;2770;Muttenz;Steuerfuss_natürliche_Personen_Prozent;56.0
2008;2770;Muttenz;Steuersatz_Ertrag_juristische_Personen_Prozent;5.0
2008;2770;Muttenz;Steuersatz_Kapital_juristische_Personen_Promille;3.5
2008;2771;Oberwil;Steuerfuss_natürliche_Personen_Prozent;48.0
2008;2771;Oberwil;Steuersatz_Ertrag_juristische_Personen_Prozent;4.0
2008;2771;Oberwil;Steuersatz_Kapital_juristische_Personen_Promille;3.5
2008;2772;Pfeffingen;Steuerfuss_natürliche_Personen_Prozent;45.0
2008;2772;Pfeffingen;Steuersatz_Ertrag_juristische_Personen_Prozent;4.4
2008;2772;Pfeffingen;Steuersatz_Kapital_juristische_Personen_Promille;2.5
2008;2773;Reinach;Steuerfuss_natürliche_Personen_Prozent;52.5
2008;2773;Reinach;Steuersatz_Ertrag_juristische_Personen_Prozent;4.8
2008;2773;Reinach;Steuersatz_Kapital_juristische_Personen_Promille;3.5
2008;2774;Schönenbuch;Steuerfuss_natürliche_Personen_Prozent;56.0
2008;2774;Schönenbuch;Steuersatz_Ertrag_juristische_Personen_Prozent;4.0
2008;2774;Schönenbuch;Steuersatz_Kapital_juristische_Personen_Promille;3.0
2008;2775;Therwil;Steuerfuss_natürliche_Personen_Prozent;52.0
2008;2775;Therwil;Steuersatz_Ertrag_juristische_Personen_Prozent;4.7
2008;2775;Therwil;Steuersatz_Kapital_juristische_Personen_Promille;3.5
2008;2781;Blauen;Steuerfuss_natürliche_Personen_Prozent;63.0
2008;2781;Blauen;Steuersatz_Ertrag_juristische_Personen_Prozent;4.0
2008;2781;Blauen;Steuersatz_Kapital_juristische_Personen_Promille;3.5
2008;2782;Brislach;Steuerfuss_natürliche_Personen_Prozent;57.0
2008;2782;Brislach;Steuersatz_Ertrag_juristische_Personen_Prozent;4.5
2008;2782;Brislach;Steuersatz_Kapital_juristische_Personen_Promille;3.18
2008;2783;Burg i.L.;Steuerfuss_natürliche_Personen_Prozent;64.0
2008;2783;Burg i.L.;Steuersatz_Ertrag_juristische_Personen_Prozent;3.0
2008;2783;Burg i.L.;Steuersatz_Kapital_juristische_Personen_Promille;2.75
2008;2784;Dittingen;Steuerfuss_natürliche_Personen_Prozent;63.0
2008;2784;Dittingen;Steuersatz_Ertrag_juristische_Personen_Prozent;4.5
2008;2784;Dittingen;Steuersatz_Kapital_juristische_Personen_Promille;3.5
2008;2785;Duggingen;Steuerfuss_natürliche_Personen_Prozent;59.0
2008;2785;Duggingen;Steuersatz_Ertrag_juristische_Personen_Prozent;4.5
2008;2785;Duggingen;Steuersatz_Kapital_juristische_Personen_Promille;3.5
2008;2786;Grellingen;Steuerfuss_natürliche_Personen_Prozent;60.0
2008;2786;Grellingen;Steuersatz_Ertrag_juristische_Personen_Prozent;4.0
2008;2786;Grellingen;Steuersatz_Kapital_juristische_Personen_Promille;3.5
2008;2787;Laufen;Steuerfuss_natürliche_Personen_Prozent;59.0
2008;2787;Laufen;Steuersatz_Ertrag_juristische_Personen_Prozent;4.5
2008;2787;Laufen;Steuersatz_Kapital_juristische_Personen_Promille;3.5
2008;2788;Liesberg;Steuerfuss_natürliche_Personen_Prozent;55.0
2008;2788;Liesberg;Steuersatz_Ertrag_juristische_Personen_Prozent;4.3
2008;2788;Liesberg;Steuersatz_Kapital_juristische_Personen_Promille;3.5
2008;2789;Nenzlingen;Steuerfuss_natürliche_Personen_Prozent;62.5
2008;2789;Nenzlingen;Steuersatz_Ertrag_juristische_Personen_Prozent;4.5
2008;2789;Nenzlingen;Steuersatz_Kapital_juristische_Personen_Promille;3.5
2008;2790;Roggenburg;Steuerfuss_natürliche_Personen_Prozent;64.0
2008;2790;Roggenburg;Steuersatz_Ertrag_juristische_Personen_Prozent;4.5
2008;2790;Roggenburg;Steuersatz_Kapital_juristische_Personen_Promille;2.75
2008;2791;Röschenz;Steuerfuss_natürliche_Personen_Prozent;58.0
2008;2791;Röschenz;Steuersatz_Ertrag_juristische_Personen_Prozent;3.5
2008;2791;Röschenz;Steuersatz_Kapital_juristische_Personen_Promille;3.5
2008;2792;Wahlen;Steuerfuss_natürliche_Personen_Prozent;56.0
2008;2792;Wahlen;Steuersatz_Ertrag_juristische_Personen_Prozent;4.3
2008;2792;Wahlen;Steuersatz_Kapital_juristische_Personen_Promille;3.5
2008;2793;Zwingen;Steuerfuss_natürliche_Personen_Prozent;59.0
2008;2793;Zwingen;Steuersatz_Ertrag_juristische_Personen_Prozent;4.2
2008;2793;Zwingen;Steuersatz_Kapital_juristische_Personen_Promille;3.5
2008;2821;Arisdorf;Steuerfuss_natürliche_Personen_Prozent;59.0
2008;2821;Arisdorf;Steuersatz_Ertrag_juristische_Personen_Prozent;4.5
2008;2821;Arisdorf;Steuersatz_Kapital_juristische_Personen_Promille;3.5
2008;2822;Augst;Steuerfuss_natürliche_Personen_Prozent;50.0
2008;2822;Augst;Steuersatz_Ertrag_juristische_Personen_Prozent;4.2
2008;2822;Augst;Steuersatz_Kapital_juristische_Personen_Promille;3.5
2008;2823;Bubendorf;Steuerfuss_natürliche_Personen_Prozent;63.0
2008;2823;Bubendorf;Steuersatz_Ertrag_juristische_Personen_Prozent;4.4
2008;2823;Bubendorf;Steuersatz_Kapital_juristische_Personen_Promille;3.5
2008;2824;Frenkendorf;Steuerfuss_natürliche_Personen_Prozent;57.0
2008;2824;Frenkendorf;Steuersatz_Ertrag_juristische_Personen_Prozent;4.5
2008;2824;Frenkendorf;Steuersatz_Kapital_juristische_Personen_Promille;3.5
2008;2825;Füllinsdorf;Steuerfuss_natürliche_Personen_Prozent;62.0
2008;2825;Füllinsdorf;Steuersatz_Ertrag_juristische_Personen_Prozent;5.0
2008;2825;Füllinsdorf;Steuersatz_Kapital_juristische_Personen_Promille;3.5
2008;2826;Giebenach;Steuerfuss_natürliche_Personen_Prozent;59.0
2008;2826;Giebenach;Steuersatz_Ertrag_juristische_Personen_Prozent;2.0
2008;2826;Giebenach;Steuersatz_Kapital_juristische_Personen_Promille;3.5
2008;2827;Hersberg;Steuerfuss_natürliche_Personen_Prozent;55.0
2008;2827;Hersberg;Steuersatz_Ertrag_juristische_Personen_Prozent;4.5
2008;2827;Hersberg;Steuersatz_Kapital_juristische_Personen_Promille;2.75
2008;2828;Lausen;Steuerfuss_natürliche_Personen_Prozent;53.0
2008;2828;Lausen;Steuersatz_Ertrag_juristische_Personen_Prozent;3.7
2008;2828;Lausen;Steuersatz_Kapital_juristische_Personen_Promille;3.5
2008;2829;Liestal;Steuerfuss_natürliche_Personen_Prozent;67.0
2008;2829;Liestal;Steuersatz_Ertrag_juristische_Personen_Prozent;5.0
2008;2829;Liestal;Steuersatz_Kapital_juristische_Personen_Promille;3.5
2008;2830;Lupsingen;Steuerfuss_natürliche_Personen_Prozent;60.0
2008;2830;Lupsingen;Steuersatz_Ertrag_juristische_Personen_Prozent;3.5
2008;2830;Lupsingen;Steuersatz_Kapital_juristische_Personen_Promille;3.5
2008;2831;Pratteln;Steuerfuss_natürliche_Personen_Prozent;63.8
2008;2831;Pratteln;Steuersatz_Ertrag_juristische_Personen_Prozent;4.95
2008;2831;Pratteln;Steuersatz_Kapital_juristische_Personen_Promille;3.5
2008;2832;Ramlinsburg;Steuerfuss_natürliche_Personen_Prozent;60.0
2008;2832;Ramlinsburg;Steuersatz_Ertrag_juristische_Personen_Prozent;3.5
2008;2832;Ramlinsburg;Steuersatz_Kapital_juristische_Personen_Promille;3.5
2008;2833;Seltisberg;Steuerfuss_natürliche_Personen_Prozent;55.0
2008;2833;Seltisberg;Steuersatz_Ertrag_juristische_Personen_Prozent;4.0
2008;2833;Seltisberg;Steuersatz_Kapital_juristische_Personen_Promille;3.5
2008;2834;Ziefen;Steuerfuss_natürliche_Personen_Prozent;59.0
2008;2834;Ziefen;Steuersatz_Ertrag_juristische_Personen_Prozent;5.0
2008;2834;Ziefen;Steuersatz_Kapital_juristische_Personen_Promille;3.5
2008;2841;Anwil;Steuerfuss_natürliche_Personen_Prozent;60.0
2008;2841;Anwil;Steuersatz_Ertrag_juristische_Personen_Prozent;4.5
2008;2841;Anwil;Steuersatz_Kapital_juristische_Personen_Promille;3.5
2008;2842;Böckten;Steuerfuss_natürliche_Personen_Prozent;59.0
2008;2842;Böckten;Steuersatz_Ertrag_juristische_Personen_Prozent;4.5
2008;2842;Böckten;Steuersatz_Kapital_juristische_Personen_Promille;3.5
2008;2843;Buckten;Steuerfuss_natürliche_Personen_Prozent;64.0
2008;2843;Buckten;Steuersatz_Ertrag_juristische_Personen_Prozent;4.5
2008;2843;Buckten;Steuersatz_Kapital_juristische_Personen_Promille;3.5
2008;2844;Buus;Steuerfuss_natürliche_Personen_Prozent;62.0
2008;2844;Buus;Steuersatz_Ertrag_juristische_Personen_Prozent;4.5
2008;2844;Buus;Steuersatz_Kapital_juristische_Personen_Promille;3.5
2008;2845;Diepflingen;Steuerfuss_natürliche_Personen_Prozent;65.0
2008;2845;Diepflingen;Steuersatz_Ertrag_juristische_Personen_Prozent;4.5
2008;2845;Diepflingen;Steuersatz_Kapital_juristische_Personen_Promille;3.5
2008;2846;Gelterkinden;Steuerfuss_natürliche_Personen_Prozent;59.0
2008;2846;Gelterkinden;Steuersatz_Ertrag_juristische_Personen_Prozent;3.8
2008;2846;Gelterkinden;Steuersatz_Kapital_juristische_Personen_Promille;3.5
2008;2847;Häfelfingen;Steuerfuss_natürliche_Personen_Prozent;61.0
2008;2847;Häfelfingen;Steuersatz_Ertrag_juristische_Personen_Prozent;4.0
2008;2847;Häfelfingen;Steuersatz_Kapital_juristische_Personen_Promille;3.5
2008;2848;Hemmiken;Steuerfuss_natürliche_Personen_Prozent;65.0
2008;2848;Hemmiken;Steuersatz_Ertrag_juristische_Personen_Prozent;4.5
2008;2848;Hemmiken;Steuersatz_Kapital_juristische_Personen_Promille;2.5
2008;2849;Itingen;Steuerfuss_natürliche_Personen_Prozent;61.0
2008;2849;Itingen;Steuersatz_Ertrag_juristische_Personen_Prozent;4.2
2008;2849;Itingen;Steuersatz_Kapital_juristische_Personen_Promille;3.5
2008;2850;Känerkinden;Steuerfuss_natürliche_Personen_Prozent;55.0
2008;2850;Känerkinden;Steuersatz_Ertrag_juristische_Personen_Prozent;2.0
2008;2850;Känerkinden;Steuersatz_Kapital_juristische_Personen_Promille;3.5
2008;2851;Kilchberg;Steuerfuss_natürliche_Personen_Prozent;64.0
2008;2851;Kilchberg;Steuersatz_Ertrag_juristische_Personen_Prozent;4.5
2008;2851;Kilchberg;Steuersatz_Kapital_juristische_Personen_Promille;3.5
2008;2852;Läufelfingen;Steuerfuss_natürliche_Personen_Prozent;64.2
2008;2852;Läufelfingen;Steuersatz_Ertrag_juristische_Personen_Prozent;4.3
2008;2852;Läufelfingen;Steuersatz_Kapital_juristische_Personen_Promille;3.5
2008;2853;Maisprach;Steuerfuss_natürliche_Personen_Prozent;62.0
2008;2853;Maisprach;Steuersatz_Ertrag_juristische_Personen_Prozent;4.5
2008;2853;Maisprach;Steuersatz_Kapital_juristische_Personen_Promille;3.5
2008;2854;Nusshof;Steuerfuss_natürliche_Personen_Prozent;55.0
2008;2854;Nusshof;Steuersatz_Ertrag_juristische_Personen_Prozent;4.5
2008;2854;Nusshof;Steuersatz_Kapital_juristische_Personen_Promille;3.5
2008;2855;Oltingen;Steuerfuss_natürliche_Personen_Prozent;64.0
2008;2855;Oltingen;Steuersatz_Ertrag_juristische_Personen_Prozent;4.5
2008;2855;Oltingen;Steuersatz_Kapital_juristische_Personen_Promille;3.5
2008;2856;Ormalingen;Steuerfuss_natürliche_Personen_Prozent;61.0
2008;2856;Ormalingen;Steuersatz_Ertrag_juristische_Personen_Prozent;5.0
2008;2856;Ormalingen;Steuersatz_Kapital_juristische_Personen_Promille;3.5
2008;2857;Rickenbach;Steuerfuss_natürliche_Personen_Prozent;62.0
2008;2857;Rickenbach;Steuersatz_Ertrag_juristische_Personen_Prozent;4.5
2008;2857;Rickenbach;Steuersatz_Kapital_juristische_Personen_Promille;2.75
2008;2858;Rothenfluh;Steuerfuss_natürliche_Personen_Prozent;62.0
2008;2858;Rothenfluh;Steuersatz_Ertrag_juristische_Personen_Prozent;5.0
2008;2858;Rothenfluh;Steuersatz_Kapital_juristische_Personen_Promille;3.5
2008;2859;Rümlingen;Steuerfuss_natürliche_Personen_Prozent;63.0
2008;2859;Rümlingen;Steuersatz_Ertrag_juristische_Personen_Prozent;4.5
2008;2859;Rümlingen;Steuersatz_Kapital_juristische_Personen_Promille;2.75
2008;2860;Rünenberg;Steuerfuss_natürliche_Personen_Prozent;60.0
2008;2860;Rünenberg;Steuersatz_Ertrag_juristische_Personen_Prozent;4.5
2008;2860;Rünenberg;Steuersatz_Kapital_juristische_Personen_Promille;3.5
2008;2861;Sissach;Steuerfuss_natürliche_Personen_Prozent;59.0
2008;2861;Sissach;Steuersatz_Ertrag_juristische_Personen_Prozent;4.0
2008;2861;Sissach;Steuersatz_Kapital_juristische_Personen_Promille;2.75
2008;2862;Tecknau;Steuerfuss_natürliche_Personen_Prozent;63.0
2008;2862;Tecknau;Steuersatz_Ertrag_juristische_Personen_Prozent;4.1
2008;2862;Tecknau;Steuersatz_Kapital_juristische_Personen_Promille;3.5
2008;2863;Tenniken;Steuerfuss_natürliche_Personen_Prozent;60.0
2008;2863;Tenniken;Steuersatz_Ertrag_juristische_Personen_Prozent;4.5
2008;2863;Tenniken;Steuersatz_Kapital_juristische_Personen_Promille;3.5
2008;2864;Thürnen;Steuerfuss_natürliche_Personen_Prozent;48.0
2008;2864;Thürnen;Steuersatz_Ertrag_juristische_Personen_Prozent;4.0
2008;2864;Thürnen;Steuersatz_Kapital_juristische_Personen_Promille;3.5
2008;2865;Wenslingen;Steuerfuss_natürliche_Personen_Prozent;58.0
2008;2865;Wenslingen;Steuersatz_Ertrag_juristische_Personen_Prozent;4.5
2008;2865;Wenslingen;Steuersatz_Kapital_juristische_Personen_Promille;3.5
2008;2866;Wintersingen;Steuerfuss_natürliche_Personen_Prozent;57.0
2008;2866;Wintersingen;Steuersatz_Ertrag_juristische_Personen_Prozent;4.5
2008;2866;Wintersingen;Steuersatz_Kapital_juristische_Personen_Promille;3.5
2008;2867;Wittinsburg;Steuerfuss_natürliche_Personen_Prozent;57.0
2008;2867;Wittinsburg;Steuersatz_Ertrag_juristische_Personen_Prozent;4.5
2008;2867;Wittinsburg;Steuersatz_Kapital_juristische_Personen_Promille;3.5
2008;2868;Zeglingen;Steuerfuss_natürliche_Personen_Prozent;66.0
2008;2868;Zeglingen;Steuersatz_Ertrag_juristische_Personen_Prozent;4.5
2008;2868;Zeglingen;Steuersatz_Kapital_juristische_Personen_Promille;2.75
2008;2869;Zunzgen;Steuerfuss_natürliche_Personen_Prozent;57.0
2008;2869;Zunzgen;Steuersatz_Ertrag_juristische_Personen_Prozent;5.0
2008;2869;Zunzgen;Steuersatz_Kapital_juristische_Personen_Promille;3.5
2008;2881;Arboldswil;Steuerfuss_natürliche_Personen_Prozent;60.0
2008;2881;Arboldswil;Steuersatz_Ertrag_juristische_Personen_Prozent;4.5
2008;2881;Arboldswil;Steuersatz_Kapital_juristische_Personen_Promille;3.5
2008;2882;Bennwil;Steuerfuss_natürliche_Personen_Prozent;64.0
2008;2882;Bennwil;Steuersatz_Ertrag_juristische_Personen_Prozent;4.0
2008;2882;Bennwil;Steuersatz_Kapital_juristische_Personen_Promille;3.0
2008;2883;Bretzwil;Steuerfuss_natürliche_Personen_Prozent;58.0
2008;2883;Bretzwil;Steuersatz_Ertrag_juristische_Personen_Prozent;4.0
2008;2883;Bretzwil;Steuersatz_Kapital_juristische_Personen_Promille;3.5
2008;2884;Diegten;Steuerfuss_natürliche_Personen_Prozent;56.0
2008;2884;Diegten;Steuersatz_Ertrag_juristische_Personen_Prozent;4.0
2008;2884;Diegten;Steuersatz_Kapital_juristische_Personen_Promille;3.5
2008;2885;Eptingen;Steuerfuss_natürliche_Personen_Prozent;65.0
2008;2885;Eptingen;Steuersatz_Ertrag_juristische_Personen_Prozent;4.5
2008;2885;Eptingen;Steuersatz_Kapital_juristische_Personen_Promille;3.5
2008;2886;Hölstein;Steuerfuss_natürliche_Personen_Prozent;63.0
2008;2886;Hölstein;Steuersatz_Ertrag_juristische_Personen_Prozent;4.0
2008;2886;Hölstein;Steuersatz_Kapital_juristische_Personen_Promille;3.5
2008;2887;Lampenberg;Steuerfuss_natürliche_Personen_Prozent;60.0
2008;2887;Lampenberg;Steuersatz_Ertrag_juristische_Personen_Prozent;4.5
2008;2887;Lampenberg;Steuersatz_Kapital_juristische_Personen_Promille;2.5
2008;2888;Langenbruck;Steuerfuss_natürliche_Personen_Prozent;49.0
2008;2888;Langenbruck;Steuersatz_Ertrag_juristische_Personen_Prozent;4.5
2008;2888;Langenbruck;Steuersatz_Kapital_juristische_Personen_Promille;3.5
2008;2889;Lauwil;Steuerfuss_natürliche_Personen_Prozent;60.0
2008;2889;Lauwil;Steuersatz_Ertrag_juristische_Personen_Prozent;4.5
2008;2889;Lauwil;Steuersatz_Kapital_juristische_Personen_Promille;3.5
2008;2890;Liedertswil;Steuerfuss_natürliche_Personen_Prozent;54.0
2008;2890;Liedertswil;Steuersatz_Ertrag_juristische_Personen_Prozent;4.5
2008;2890;Liedertswil;Steuersatz_Kapital_juristische_Personen_Promille;3.5
2008;2891;Niederdorf;Steuerfuss_natürliche_Personen_Prozent;64.0
2008;2891;Niederdorf;Steuersatz_Ertrag_juristische_Personen_Prozent;4.5
2008;2891;Niederdorf;Steuersatz_Kapital_juristische_Personen_Promille;3.5
2008;2892;Oberdorf;Steuerfuss_natürliche_Personen_Prozent;62.0
2008;2892;Oberdorf;Steuersatz_Ertrag_juristische_Personen_Prozent;5.0
2008;2892;Oberdorf;Steuersatz_Kapital_juristische_Personen_Promille;3.5
2008;2893;Reigoldswil;Steuerfuss_natürliche_Personen_Prozent;62.0
2008;2893;Reigoldswil;Steuersatz_Ertrag_juristische_Personen_Prozent;4.5
2008;2893;Reigoldswil;Steuersatz_Kapital_juristische_Personen_Promille;3.5
2008;2894;Titterten;Steuerfuss_natürliche_Personen_Prozent;62.0
2008;2894;Titterten;Steuersatz_Ertrag_juristische_Personen_Prozent;4.5
2008;2894;Titterten;Steuersatz_Kapital_juristische_Personen_Promille;3.5
2008;2895;Waldenburg;Steuerfuss_natürliche_Personen_Prozent;67.0
2008;2895;Waldenburg;Steuersatz_Ertrag_juristische_Personen_Prozent;4.75
2008;2895;Waldenburg;Steuersatz_Kapital_juristische_Personen_Promille;3.5
2007;2761;Aesch;Steuerfuss_natürliche_Personen_Prozent;58.0
2007;2761;Aesch;Steuersatz_Ertrag_juristische_Personen_Prozent;4.9
2007;2761;Aesch;Steuersatz_Kapital_juristische_Personen_Promille;5.3
2007;2762;Allschwil;Steuerfuss_natürliche_Personen_Prozent;58.0
2007;2762;Allschwil;Steuersatz_Ertrag_juristische_Personen_Prozent;5.0
2007;2762;Allschwil;Steuersatz_Kapital_juristische_Personen_Promille;5.0
2007;2763;Arlesheim;Steuerfuss_natürliche_Personen_Prozent;45.0
2007;2763;Arlesheim;Steuersatz_Ertrag_juristische_Personen_Prozent;4.0
2007;2763;Arlesheim;Steuersatz_Kapital_juristische_Personen_Promille;5.0
2007;2764;Biel-Benken;Steuerfuss_natürliche_Personen_Prozent;46.0
2007;2764;Biel-Benken;Steuersatz_Ertrag_juristische_Personen_Prozent;3.5
2007;2764;Biel-Benken;Steuersatz_Kapital_juristische_Personen_Promille;5.0
2007;2765;Binningen;Steuerfuss_natürliche_Personen_Prozent;46.0
2007;2765;Binningen;Steuersatz_Ertrag_juristische_Personen_Prozent;4.0
2007;2765;Binningen;Steuersatz_Kapital_juristische_Personen_Promille;5.0
2007;2766;Birsfelden;Steuerfuss_natürliche_Personen_Prozent;62.0
2007;2766;Birsfelden;Steuersatz_Ertrag_juristische_Personen_Prozent;5.0
2007;2766;Birsfelden;Steuersatz_Kapital_juristische_Personen_Promille;5.5
2007;2767;Bottmingen;Steuerfuss_natürliche_Personen_Prozent;48.0
2007;2767;Bottmingen;Steuersatz_Ertrag_juristische_Personen_Prozent;4.5
2007;2767;Bottmingen;Steuersatz_Kapital_juristische_Personen_Promille;5.0
2007;2768;Ettingen;Steuerfuss_natürliche_Personen_Prozent;59.0
2007;2768;Ettingen;Steuersatz_Ertrag_juristische_Personen_Prozent;4.5
2007;2768;Ettingen;Steuersatz_Kapital_juristische_Personen_Promille;5.0
2007;2769;Münchenstein;Steuerfuss_natürliche_Personen_Prozent;63.0
2007;2769;Münchenstein;Steuersatz_Ertrag_juristische_Personen_Prozent;5.0
2007;2769;Münchenstein;Steuersatz_Kapital_juristische_Personen_Promille;5.5
2007;2770;Muttenz;Steuerfuss_natürliche_Personen_Prozent;56.0
2007;2770;Muttenz;Steuersatz_Ertrag_juristische_Personen_Prozent;5.0
2007;2770;Muttenz;Steuersatz_Kapital_juristische_Personen_Promille;5.5
2007;2771;Oberwil;Steuerfuss_natürliche_Personen_Prozent;48.0
2007;2771;Oberwil;Steuersatz_Ertrag_juristische_Personen_Prozent;4.0
2007;2771;Oberwil;Steuersatz_Kapital_juristische_Personen_Promille;5.0
2007;2772;Pfeffingen;Steuerfuss_natürliche_Personen_Prozent;47.0
2007;2772;Pfeffingen;Steuersatz_Ertrag_juristische_Personen_Prozent;4.4
2007;2772;Pfeffingen;Steuersatz_Kapital_juristische_Personen_Promille;5.0
2007;2773;Reinach;Steuerfuss_natürliche_Personen_Prozent;52.5
2007;2773;Reinach;Steuersatz_Ertrag_juristische_Personen_Prozent;4.8
2007;2773;Reinach;Steuersatz_Kapital_juristische_Personen_Promille;5.4
2007;2774;Schönenbuch;Steuerfuss_natürliche_Personen_Prozent;56.0
2007;2774;Schönenbuch;Steuersatz_Ertrag_juristische_Personen_Prozent;4.0
2007;2774;Schönenbuch;Steuersatz_Kapital_juristische_Personen_Promille;5.0
2007;2775;Therwil;Steuerfuss_natürliche_Personen_Prozent;52.0
2007;2775;Therwil;Steuersatz_Ertrag_juristische_Personen_Prozent;4.7
2007;2775;Therwil;Steuersatz_Kapital_juristische_Personen_Promille;5.2
2007;2781;Blauen;Steuerfuss_natürliche_Personen_Prozent;63.0
2007;2781;Blauen;Steuersatz_Ertrag_juristische_Personen_Prozent;4.0
2007;2781;Blauen;Steuersatz_Kapital_juristische_Personen_Promille;5.0
2007;2782;Brislach;Steuerfuss_natürliche_Personen_Prozent;57.0
2007;2782;Brislach;Steuersatz_Ertrag_juristische_Personen_Prozent;4.5
2007;2782;Brislach;Steuersatz_Kapital_juristische_Personen_Promille;5.0
2007;2783;Burg i.L.;Steuerfuss_natürliche_Personen_Prozent;64.0
2007;2783;Burg i.L.;Steuersatz_Ertrag_juristische_Personen_Prozent;3.0
2007;2783;Burg i.L.;Steuersatz_Kapital_juristische_Personen_Promille;5.0
2007;2784;Dittingen;Steuerfuss_natürliche_Personen_Prozent;63.0
2007;2784;Dittingen;Steuersatz_Ertrag_juristische_Personen_Prozent;4.5
2007;2784;Dittingen;Steuersatz_Kapital_juristische_Personen_Promille;5.0
2007;2785;Duggingen;Steuerfuss_natürliche_Personen_Prozent;59.0
2007;2785;Duggingen;Steuersatz_Ertrag_juristische_Personen_Prozent;4.5
2007;2785;Duggingen;Steuersatz_Kapital_juristische_Personen_Promille;5.0
2007;2786;Grellingen;Steuerfuss_natürliche_Personen_Prozent;60.0
2007;2786;Grellingen;Steuersatz_Ertrag_juristische_Personen_Prozent;4.0
2007;2786;Grellingen;Steuersatz_Kapital_juristische_Personen_Promille;4.5
2007;2787;Laufen;Steuerfuss_natürliche_Personen_Prozent;59.0
2007;2787;Laufen;Steuersatz_Ertrag_juristische_Personen_Prozent;4.5
2007;2787;Laufen;Steuersatz_Kapital_juristische_Personen_Promille;5.0
2007;2788;Liesberg;Steuerfuss_natürliche_Personen_Prozent;55.0
2007;2788;Liesberg;Steuersatz_Ertrag_juristische_Personen_Prozent;4.3
2007;2788;Liesberg;Steuersatz_Kapital_juristische_Personen_Promille;5.0
2007;2789;Nenzlingen;Steuerfuss_natürliche_Personen_Prozent;62.5
2007;2789;Nenzlingen;Steuersatz_Ertrag_juristische_Personen_Prozent;4.5
2007;2789;Nenzlingen;Steuersatz_Kapital_juristische_Personen_Promille;5.0
2007;2790;Roggenburg;Steuerfuss_natürliche_Personen_Prozent;64.0
2007;2790;Roggenburg;Steuersatz_Ertrag_juristische_Personen_Prozent;4.5
2007;2790;Roggenburg;Steuersatz_Kapital_juristische_Personen_Promille;5.0
2007;2791;Röschenz;Steuerfuss_natürliche_Personen_Prozent;60.0
2007;2791;Röschenz;Steuersatz_Ertrag_juristische_Personen_Prozent;3.5
2007;2791;Röschenz;Steuersatz_Kapital_juristische_Personen_Promille;3.5
2007;2792;Wahlen;Steuerfuss_natürliche_Personen_Prozent;56.0
2007;2792;Wahlen;Steuersatz_Ertrag_juristische_Personen_Prozent;4.3
2007;2792;Wahlen;Steuersatz_Kapital_juristische_Personen_Promille;5.0
2007;2793;Zwingen;Steuerfuss_natürliche_Personen_Prozent;59.0
2007;2793;Zwingen;Steuersatz_Ertrag_juristische_Personen_Prozent;4.2
2007;2793;Zwingen;Steuersatz_Kapital_juristische_Personen_Promille;5.0
2007;2821;Arisdorf;Steuerfuss_natürliche_Personen_Prozent;59.0
2007;2821;Arisdorf;Steuersatz_Ertrag_juristische_Personen_Prozent;4.5
2007;2821;Arisdorf;Steuersatz_Kapital_juristische_Personen_Promille;5.0
2007;2822;Augst;Steuerfuss_natürliche_Personen_Prozent;50.0
2007;2822;Augst;Steuersatz_Ertrag_juristische_Personen_Prozent;4.2
2007;2822;Augst;Steuersatz_Kapital_juristische_Personen_Promille;5.5
2007;2823;Bubendorf;Steuerfuss_natürliche_Personen_Prozent;63.0
2007;2823;Bubendorf;Steuersatz_Ertrag_juristische_Personen_Prozent;4.4
2007;2823;Bubendorf;Steuersatz_Kapital_juristische_Personen_Promille;5.0
2007;2824;Frenkendorf;Steuerfuss_natürliche_Personen_Prozent;57.0
2007;2824;Frenkendorf;Steuersatz_Ertrag_juristische_Personen_Prozent;4.5
2007;2824;Frenkendorf;Steuersatz_Kapital_juristische_Personen_Promille;5.0
2007;2825;Füllinsdorf;Steuerfuss_natürliche_Personen_Prozent;64.0
2007;2825;Füllinsdorf;Steuersatz_Ertrag_juristische_Personen_Prozent;5.0
2007;2825;Füllinsdorf;Steuersatz_Kapital_juristische_Personen_Promille;5.0
2007;2826;Giebenach;Steuerfuss_natürliche_Personen_Prozent;59.0
2007;2826;Giebenach;Steuersatz_Ertrag_juristische_Personen_Prozent;2.0
2007;2826;Giebenach;Steuersatz_Kapital_juristische_Personen_Promille;5.0
2007;2827;Hersberg;Steuerfuss_natürliche_Personen_Prozent;55.0
2007;2827;Hersberg;Steuersatz_Ertrag_juristische_Personen_Prozent;4.5
2007;2827;Hersberg;Steuersatz_Kapital_juristische_Personen_Promille;5.0
2007;2828;Lausen;Steuerfuss_natürliche_Personen_Prozent;53.0
2007;2828;Lausen;Steuersatz_Ertrag_juristische_Personen_Prozent;3.7
2007;2828;Lausen;Steuersatz_Kapital_juristische_Personen_Promille;5.3
2007;2829;Liestal;Steuerfuss_natürliche_Personen_Prozent;67.0
2007;2829;Liestal;Steuersatz_Ertrag_juristische_Personen_Prozent;5.0
2007;2829;Liestal;Steuersatz_Kapital_juristische_Personen_Promille;5.5
2007;2830;Lupsingen;Steuerfuss_natürliche_Personen_Prozent;60.0
2007;2830;Lupsingen;Steuersatz_Ertrag_juristische_Personen_Prozent;3.5
2007;2830;Lupsingen;Steuersatz_Kapital_juristische_Personen_Promille;5.0
2007;2831;Pratteln;Steuerfuss_natürliche_Personen_Prozent;63.8
2007;2831;Pratteln;Steuersatz_Ertrag_juristische_Personen_Prozent;4.95
2007;2831;Pratteln;Steuersatz_Kapital_juristische_Personen_Promille;5.5
2007;2832;Ramlinsburg;Steuerfuss_natürliche_Personen_Prozent;60.0
2007;2832;Ramlinsburg;Steuersatz_Ertrag_juristische_Personen_Prozent;3.5
2007;2832;Ramlinsburg;Steuersatz_Kapital_juristische_Personen_Promille;3.5
2007;2833;Seltisberg;Steuerfuss_natürliche_Personen_Prozent;55.0
2007;2833;Seltisberg;Steuersatz_Ertrag_juristische_Personen_Prozent;4.0
2007;2833;Seltisberg;Steuersatz_Kapital_juristische_Personen_Promille;4.0
2007;2834;Ziefen;Steuerfuss_natürliche_Personen_Prozent;59.0
2007;2834;Ziefen;Steuersatz_Ertrag_juristische_Personen_Prozent;5.0
2007;2834;Ziefen;Steuersatz_Kapital_juristische_Personen_Promille;5.0
2007;2841;Anwil;Steuerfuss_natürliche_Personen_Prozent;60.0
2007;2841;Anwil;Steuersatz_Ertrag_juristische_Personen_Prozent;4.5
2007;2841;Anwil;Steuersatz_Kapital_juristische_Personen_Promille;5.0
2007;2842;Böckten;Steuerfuss_natürliche_Personen_Prozent;59.0
2007;2842;Böckten;Steuersatz_Ertrag_juristische_Personen_Prozent;4.5
2007;2842;Böckten;Steuersatz_Kapital_juristische_Personen_Promille;4.5
2007;2843;Buckten;Steuerfuss_natürliche_Personen_Prozent;64.0
2007;2843;Buckten;Steuersatz_Ertrag_juristische_Personen_Prozent;4.5
2007;2843;Buckten;Steuersatz_Kapital_juristische_Personen_Promille;5.0
2007;2844;Buus;Steuerfuss_natürliche_Personen_Prozent;62.0
2007;2844;Buus;Steuersatz_Ertrag_juristische_Personen_Prozent;4.5
2007;2844;Buus;Steuersatz_Kapital_juristische_Personen_Promille;5.0
2007;2845;Diepflingen;Steuerfuss_natürliche_Personen_Prozent;65.0
2007;2845;Diepflingen;Steuersatz_Ertrag_juristische_Personen_Prozent;4.5
2007;2845;Diepflingen;Steuersatz_Kapital_juristische_Personen_Promille;5.0
2007;2846;Gelterkinden;Steuerfuss_natürliche_Personen_Prozent;59.0
2007;2846;Gelterkinden;Steuersatz_Ertrag_juristische_Personen_Prozent;3.8
2007;2846;Gelterkinden;Steuersatz_Kapital_juristische_Personen_Promille;4.5
2007;2847;Häfelfingen;Steuerfuss_natürliche_Personen_Prozent;61.0
2007;2847;Häfelfingen;Steuersatz_Ertrag_juristische_Personen_Prozent;4.0
2007;2847;Häfelfingen;Steuersatz_Kapital_juristische_Personen_Promille;4.0
2007;2848;Hemmiken;Steuerfuss_natürliche_Personen_Prozent;65.0
2007;2848;Hemmiken;Steuersatz_Ertrag_juristische_Personen_Prozent;4.5
2007;2848;Hemmiken;Steuersatz_Kapital_juristische_Personen_Promille;5.0
2007;2849;Itingen;Steuerfuss_natürliche_Personen_Prozent;61.0
2007;2849;Itingen;Steuersatz_Ertrag_juristische_Personen_Prozent;4.2
2007;2849;Itingen;Steuersatz_Kapital_juristische_Personen_Promille;5.0
2007;2850;Känerkinden;Steuerfuss_natürliche_Personen_Prozent;55.0
2007;2850;Känerkinden;Steuersatz_Ertrag_juristische_Personen_Prozent;2.0
2007;2850;Känerkinden;Steuersatz_Kapital_juristische_Personen_Promille;5.0
2007;2851;Kilchberg;Steuerfuss_natürliche_Personen_Prozent;64.0
2007;2851;Kilchberg;Steuersatz_Ertrag_juristische_Personen_Prozent;4.5
2007;2851;Kilchberg;Steuersatz_Kapital_juristische_Personen_Promille;5.0
2007;2852;Läufelfingen;Steuerfuss_natürliche_Personen_Prozent;64.2
2007;2852;Läufelfingen;Steuersatz_Ertrag_juristische_Personen_Prozent;4.3
2007;2852;Läufelfingen;Steuersatz_Kapital_juristische_Personen_Promille;5.0
2007;2853;Maisprach;Steuerfuss_natürliche_Personen_Prozent;59.0
2007;2853;Maisprach;Steuersatz_Ertrag_juristische_Personen_Prozent;4.5
2007;2853;Maisprach;Steuersatz_Kapital_juristische_Personen_Promille;5.0
2007;2854;Nusshof;Steuerfuss_natürliche_Personen_Prozent;55.0
2007;2854;Nusshof;Steuersatz_Ertrag_juristische_Personen_Prozent;4.5
2007;2854;Nusshof;Steuersatz_Kapital_juristische_Personen_Promille;5.0
2007;2855;Oltingen;Steuerfuss_natürliche_Personen_Prozent;64.0
2007;2855;Oltingen;Steuersatz_Ertrag_juristische_Personen_Prozent;4.5
2007;2855;Oltingen;Steuersatz_Kapital_juristische_Personen_Promille;5.0
2007;2856;Ormalingen;Steuerfuss_natürliche_Personen_Prozent;61.0
2007;2856;Ormalingen;Steuersatz_Ertrag_juristische_Personen_Prozent;5.0
2007;2856;Ormalingen;Steuersatz_Kapital_juristische_Personen_Promille;5.5
2007;2857;Rickenbach;Steuerfuss_natürliche_Personen_Prozent;65.0
2007;2857;Rickenbach;Steuersatz_Ertrag_juristische_Personen_Prozent;4.5
2007;2857;Rickenbach;Steuersatz_Kapital_juristische_Personen_Promille;5.0
2007;2858;Rothenfluh;Steuerfuss_natürliche_Personen_Prozent;62.0
2007;2858;Rothenfluh;Steuersatz_Ertrag_juristische_Personen_Prozent;5.0
2007;2858;Rothenfluh;Steuersatz_Kapital_juristische_Personen_Promille;5.5
2007;2859;Rümlingen;Steuerfuss_natürliche_Personen_Prozent;63.0
2007;2859;Rümlingen;Steuersatz_Ertrag_juristische_Personen_Prozent;4.5
2007;2859;Rümlingen;Steuersatz_Kapital_juristische_Personen_Promille;4.5
2007;2860;Rünenberg;Steuerfuss_natürliche_Personen_Prozent;60.0
2007;2860;Rünenberg;Steuersatz_Ertrag_juristische_Personen_Prozent;4.5
2007;2860;Rünenberg;Steuersatz_Kapital_juristische_Personen_Promille;5.0
2007;2861;Sissach;Steuerfuss_natürliche_Personen_Prozent;59.0
2007;2861;Sissach;Steuersatz_Ertrag_juristische_Personen_Prozent;4.0
2007;2861;Sissach;Steuersatz_Kapital_juristische_Personen_Promille;4.5
2007;2862;Tecknau;Steuerfuss_natürliche_Personen_Prozent;65.0
2007;2862;Tecknau;Steuersatz_Ertrag_juristische_Personen_Prozent;4.1
2007;2862;Tecknau;Steuersatz_Kapital_juristische_Personen_Promille;5.0
2007;2863;Tenniken;Steuerfuss_natürliche_Personen_Prozent;60.0
2007;2863;Tenniken;Steuersatz_Ertrag_juristische_Personen_Prozent;4.5
2007;2863;Tenniken;Steuersatz_Kapital_juristische_Personen_Promille;5.0
2007;2864;Thürnen;Steuerfuss_natürliche_Personen_Prozent;50.0
2007;2864;Thürnen;Steuersatz_Ertrag_juristische_Personen_Prozent;4.0
2007;2864;Thürnen;Steuersatz_Kapital_juristische_Personen_Promille;4.0
2007;2865;Wenslingen;Steuerfuss_natürliche_Personen_Prozent;58.0
2007;2865;Wenslingen;Steuersatz_Ertrag_juristische_Personen_Prozent;4.5
2007;2865;Wenslingen;Steuersatz_Kapital_juristische_Personen_Promille;5.0
2007;2866;Wintersingen;Steuerfuss_natürliche_Personen_Prozent;57.0
2007;2866;Wintersingen;Steuersatz_Ertrag_juristische_Personen_Prozent;4.5
2007;2866;Wintersingen;Steuersatz_Kapital_juristische_Personen_Promille;5.0
2007;2867;Wittinsburg;Steuerfuss_natürliche_Personen_Prozent;57.0
2007;2867;Wittinsburg;Steuersatz_Ertrag_juristische_Personen_Prozent;4.5
2007;2867;Wittinsburg;Steuersatz_Kapital_juristische_Personen_Promille;5.0
2007;2868;Zeglingen;Steuerfuss_natürliche_Personen_Prozent;66.0
2007;2868;Zeglingen;Steuersatz_Ertrag_juristische_Personen_Prozent;4.5
2007;2868;Zeglingen;Steuersatz_Kapital_juristische_Personen_Promille;5.0
2007;2869;Zunzgen;Steuerfuss_natürliche_Personen_Prozent;57.0
2007;2869;Zunzgen;Steuersatz_Ertrag_juristische_Personen_Prozent;5.0
2007;2869;Zunzgen;Steuersatz_Kapital_juristische_Personen_Promille;5.0
2007;2881;Arboldswil;Steuerfuss_natürliche_Personen_Prozent;60.0
2007;2881;Arboldswil;Steuersatz_Ertrag_juristische_Personen_Prozent;4.5
2007;2881;Arboldswil;Steuersatz_Kapital_juristische_Personen_Promille;5.0
2007;2882;Bennwil;Steuerfuss_natürliche_Personen_Prozent;64.0
2007;2882;Bennwil;Steuersatz_Ertrag_juristische_Personen_Prozent;4.0
2007;2882;Bennwil;Steuersatz_Kapital_juristische_Personen_Promille;5.0
2007;2883;Bretzwil;Steuerfuss_natürliche_Personen_Prozent;58.0
2007;2883;Bretzwil;Steuersatz_Ertrag_juristische_Personen_Prozent;4.0
2007;2883;Bretzwil;Steuersatz_Kapital_juristische_Personen_Promille;5.0
2007;2884;Diegten;Steuerfuss_natürliche_Personen_Prozent;56.0
2007;2884;Diegten;Steuersatz_Ertrag_juristische_Personen_Prozent;4.0
2007;2884;Diegten;Steuersatz_Kapital_juristische_Personen_Promille;5.0
2007;2885;Eptingen;Steuerfuss_natürliche_Personen_Prozent;65.0
2007;2885;Eptingen;Steuersatz_Ertrag_juristische_Personen_Prozent;4.5
2007;2885;Eptingen;Steuersatz_Kapital_juristische_Personen_Promille;5.0
2007;2886;Hölstein;Steuerfuss_natürliche_Personen_Prozent;63.0
2007;2886;Hölstein;Steuersatz_Ertrag_juristische_Personen_Prozent;4.0
2007;2886;Hölstein;Steuersatz_Kapital_juristische_Personen_Promille;4.5
2007;2887;Lampenberg;Steuerfuss_natürliche_Personen_Prozent;60.0
2007;2887;Lampenberg;Steuersatz_Ertrag_juristische_Personen_Prozent;4.5
2007;2887;Lampenberg;Steuersatz_Kapital_juristische_Personen_Promille;5.0
2007;2888;Langenbruck;Steuerfuss_natürliche_Personen_Prozent;49.0
2007;2888;Langenbruck;Steuersatz_Ertrag_juristische_Personen_Prozent;4.5
2007;2888;Langenbruck;Steuersatz_Kapital_juristische_Personen_Promille;5.0
2007;2889;Lauwil;Steuerfuss_natürliche_Personen_Prozent;60.0
2007;2889;Lauwil;Steuersatz_Ertrag_juristische_Personen_Prozent;4.5
2007;2889;Lauwil;Steuersatz_Kapital_juristische_Personen_Promille;5.0
2007;2890;Liedertswil;Steuerfuss_natürliche_Personen_Prozent;59.0
2007;2890;Liedertswil;Steuersatz_Ertrag_juristische_Personen_Prozent;4.5
2007;2890;Liedertswil;Steuersatz_Kapital_juristische_Personen_Promille;5.0
2007;2891;Niederdorf;Steuerfuss_natürliche_Personen_Prozent;64.0
2007;2891;Niederdorf;Steuersatz_Ertrag_juristische_Personen_Prozent;4.5
2007;2891;Niederdorf;Steuersatz_Kapital_juristische_Personen_Promille;5.0
2007;2892;Oberdorf;Steuerfuss_natürliche_Personen_Prozent;65.0
2007;2892;Oberdorf;Steuersatz_Ertrag_juristische_Personen_Prozent;5.0
2007;2892;Oberdorf;Steuersatz_Kapital_juristische_Personen_Promille;5.0
2007;2893;Reigoldswil;Steuerfuss_natürliche_Personen_Prozent;62.0
2007;2893;Reigoldswil;Steuersatz_Ertrag_juristische_Personen_Prozent;4.5
2007;2893;Reigoldswil;Steuersatz_Kapital_juristische_Personen_Promille;5.0
2007;2894;Titterten;Steuerfuss_natürliche_Personen_Prozent;62.0
2007;2894;Titterten;Steuersatz_Ertrag_juristische_Personen_Prozent;4.5
2007;2894;Titterten;Steuersatz_Kapital_juristische_Personen_Promille;5.0
2007;2895;Waldenburg;Steuerfuss_natürliche_Personen_Prozent;67.0
2007;2895;Waldenburg;Steuersatz_Ertrag_juristische_Personen_Prozent;4.75
2007;2895;Waldenburg;Steuersatz_Kapital_juristische_Personen_Promille;5.25
2006;2761;Aesch;Steuerfuss_natürliche_Personen_Prozent;60.0
2006;2761;Aesch;Steuersatz_Ertrag_juristische_Personen_Prozent;4.9
2006;2761;Aesch;Steuersatz_Kapital_juristische_Personen_Promille;5.3
2006;2762;Allschwil;Steuerfuss_natürliche_Personen_Prozent;58.0
2006;2762;Allschwil;Steuersatz_Ertrag_juristische_Personen_Prozent;5.0
2006;2762;Allschwil;Steuersatz_Kapital_juristische_Personen_Promille;5.0
2006;2763;Arlesheim;Steuerfuss_natürliche_Personen_Prozent;45.0
2006;2763;Arlesheim;Steuersatz_Ertrag_juristische_Personen_Prozent;4.0
2006;2763;Arlesheim;Steuersatz_Kapital_juristische_Personen_Promille;5.0
2006;2764;Biel-Benken;Steuerfuss_natürliche_Personen_Prozent;49.0
2006;2764;Biel-Benken;Steuersatz_Ertrag_juristische_Personen_Prozent;3.5
2006;2764;Biel-Benken;Steuersatz_Kapital_juristische_Personen_Promille;5.0
2006;2765;Binningen;Steuerfuss_natürliche_Personen_Prozent;46.0
2006;2765;Binningen;Steuersatz_Ertrag_juristische_Personen_Prozent;4.0
2006;2765;Binningen;Steuersatz_Kapital_juristische_Personen_Promille;5.0
2006;2766;Birsfelden;Steuerfuss_natürliche_Personen_Prozent;62.0
2006;2766;Birsfelden;Steuersatz_Ertrag_juristische_Personen_Prozent;5.0
2006;2766;Birsfelden;Steuersatz_Kapital_juristische_Personen_Promille;5.5
2006;2767;Bottmingen;Steuerfuss_natürliche_Personen_Prozent;48.0
2006;2767;Bottmingen;Steuersatz_Ertrag_juristische_Personen_Prozent;4.5
2006;2767;Bottmingen;Steuersatz_Kapital_juristische_Personen_Promille;5.0
2006;2768;Ettingen;Steuerfuss_natürliche_Personen_Prozent;59.0
2006;2768;Ettingen;Steuersatz_Ertrag_juristische_Personen_Prozent;4.5
2006;2768;Ettingen;Steuersatz_Kapital_juristische_Personen_Promille;5.0
2006;2769;Münchenstein;Steuerfuss_natürliche_Personen_Prozent;63.0
2006;2769;Münchenstein;Steuersatz_Ertrag_juristische_Personen_Prozent;5.0
2006;2769;Münchenstein;Steuersatz_Kapital_juristische_Personen_Promille;5.5
2006;2770;Muttenz;Steuerfuss_natürliche_Personen_Prozent;56.0
2006;2770;Muttenz;Steuersatz_Ertrag_juristische_Personen_Prozent;5.0
2006;2770;Muttenz;Steuersatz_Kapital_juristische_Personen_Promille;5.5
2006;2771;Oberwil;Steuerfuss_natürliche_Personen_Prozent;48.0
2006;2771;Oberwil;Steuersatz_Ertrag_juristische_Personen_Prozent;4.0
2006;2771;Oberwil;Steuersatz_Kapital_juristische_Personen_Promille;5.0
2006;2772;Pfeffingen;Steuerfuss_natürliche_Personen_Prozent;49.0
2006;2772;Pfeffingen;Steuersatz_Ertrag_juristische_Personen_Prozent;4.4
2006;2772;Pfeffingen;Steuersatz_Kapital_juristische_Personen_Promille;5.0
2006;2773;Reinach;Steuerfuss_natürliche_Personen_Prozent;52.5
2006;2773;Reinach;Steuersatz_Ertrag_juristische_Personen_Prozent;4.8
2006;2773;Reinach;Steuersatz_Kapital_juristische_Personen_Promille;5.4
2006;2774;Schönenbuch;Steuerfuss_natürliche_Personen_Prozent;57.0
2006;2774;Schönenbuch;Steuersatz_Ertrag_juristische_Personen_Prozent;4.0
2006;2774;Schönenbuch;Steuersatz_Kapital_juristische_Personen_Promille;5.0
2006;2775;Therwil;Steuerfuss_natürliche_Personen_Prozent;52.0
2006;2775;Therwil;Steuersatz_Ertrag_juristische_Personen_Prozent;4.7
2006;2775;Therwil;Steuersatz_Kapital_juristische_Personen_Promille;5.2
2006;2781;Blauen;Steuerfuss_natürliche_Personen_Prozent;63.0
2006;2781;Blauen;Steuersatz_Ertrag_juristische_Personen_Prozent;4.0
2006;2781;Blauen;Steuersatz_Kapital_juristische_Personen_Promille;5.0
2006;2782;Brislach;Steuerfuss_natürliche_Personen_Prozent;57.0
2006;2782;Brislach;Steuersatz_Ertrag_juristische_Personen_Prozent;4.5
2006;2782;Brislach;Steuersatz_Kapital_juristische_Personen_Promille;5.0
2006;2783;Burg i.L.;Steuerfuss_natürliche_Personen_Prozent;64.0
2006;2783;Burg i.L.;Steuersatz_Ertrag_juristische_Personen_Prozent;3.0
2006;2783;Burg i.L.;Steuersatz_Kapital_juristische_Personen_Promille;5.0
2006;2784;Dittingen;Steuerfuss_natürliche_Personen_Prozent;63.0
2006;2784;Dittingen;Steuersatz_Ertrag_juristische_Personen_Prozent;4.5
2006;2784;Dittingen;Steuersatz_Kapital_juristische_Personen_Promille;5.0
2006;2785;Duggingen;Steuerfuss_natürliche_Personen_Prozent;59.0
2006;2785;Duggingen;Steuersatz_Ertrag_juristische_Personen_Prozent;4.5
2006;2785;Duggingen;Steuersatz_Kapital_juristische_Personen_Promille;5.0
2006;2786;Grellingen;Steuerfuss_natürliche_Personen_Prozent;60.0
2006;2786;Grellingen;Steuersatz_Ertrag_juristische_Personen_Prozent;4.0
2006;2786;Grellingen;Steuersatz_Kapital_juristische_Personen_Promille;4.5
2006;2787;Laufen;Steuerfuss_natürliche_Personen_Prozent;59.0
2006;2787;Laufen;Steuersatz_Ertrag_juristische_Personen_Prozent;4.5
2006;2787;Laufen;Steuersatz_Kapital_juristische_Personen_Promille;5.0
2006;2788;Liesberg;Steuerfuss_natürliche_Personen_Prozent;65.0
2006;2788;Liesberg;Steuersatz_Ertrag_juristische_Personen_Prozent;4.3
2006;2788;Liesberg;Steuersatz_Kapital_juristische_Personen_Promille;5.0
2006;2789;Nenzlingen;Steuerfuss_natürliche_Personen_Prozent;62.5
2006;2789;Nenzlingen;Steuersatz_Ertrag_juristische_Personen_Prozent;4.5
2006;2789;Nenzlingen;Steuersatz_Kapital_juristische_Personen_Promille;5.0
2006;2790;Roggenburg;Steuerfuss_natürliche_Personen_Prozent;64.0
2006;2790;Roggenburg;Steuersatz_Ertrag_juristische_Personen_Prozent;4.5
2006;2790;Roggenburg;Steuersatz_Kapital_juristische_Personen_Promille;5.0
2006;2791;Röschenz;Steuerfuss_natürliche_Personen_Prozent;60.0
2006;2791;Röschenz;Steuersatz_Ertrag_juristische_Personen_Prozent;3.5
2006;2791;Röschenz;Steuersatz_Kapital_juristische_Personen_Promille;3.5
2006;2792;Wahlen;Steuerfuss_natürliche_Personen_Prozent;58.0
2006;2792;Wahlen;Steuersatz_Ertrag_juristische_Personen_Prozent;4.3
2006;2792;Wahlen;Steuersatz_Kapital_juristische_Personen_Promille;5.0
2006;2793;Zwingen;Steuerfuss_natürliche_Personen_Prozent;59.0
2006;2793;Zwingen;Steuersatz_Ertrag_juristische_Personen_Prozent;4.2
2006;2793;Zwingen;Steuersatz_Kapital_juristische_Personen_Promille;5.0
2006;2821;Arisdorf;Steuerfuss_natürliche_Personen_Prozent;59.0
2006;2821;Arisdorf;Steuersatz_Ertrag_juristische_Personen_Prozent;4.5
2006;2821;Arisdorf;Steuersatz_Kapital_juristische_Personen_Promille;5.0
2006;2822;Augst;Steuerfuss_natürliche_Personen_Prozent;50.0
2006;2822;Augst;Steuersatz_Ertrag_juristische_Personen_Prozent;4.2
2006;2822;Augst;Steuersatz_Kapital_juristische_Personen_Promille;5.5
2006;2823;Bubendorf;Steuerfuss_natürliche_Personen_Prozent;63.0
2006;2823;Bubendorf;Steuersatz_Ertrag_juristische_Personen_Prozent;4.4
2006;2823;Bubendorf;Steuersatz_Kapital_juristische_Personen_Promille;5.0
2006;2824;Frenkendorf;Steuerfuss_natürliche_Personen_Prozent;57.0
2006;2824;Frenkendorf;Steuersatz_Ertrag_juristische_Personen_Prozent;4.5
2006;2824;Frenkendorf;Steuersatz_Kapital_juristische_Personen_Promille;5.0
2006;2825;Füllinsdorf;Steuerfuss_natürliche_Personen_Prozent;64.0
2006;2825;Füllinsdorf;Steuersatz_Ertrag_juristische_Personen_Prozent;5.0
2006;2825;Füllinsdorf;Steuersatz_Kapital_juristische_Personen_Promille;5.0
2006;2826;Giebenach;Steuerfuss_natürliche_Personen_Prozent;59.0
2006;2826;Giebenach;Steuersatz_Ertrag_juristische_Personen_Prozent;2.0
2006;2826;Giebenach;Steuersatz_Kapital_juristische_Personen_Promille;5.0
2006;2827;Hersberg;Steuerfuss_natürliche_Personen_Prozent;58.0
2006;2827;Hersberg;Steuersatz_Ertrag_juristische_Personen_Prozent;4.5
2006;2827;Hersberg;Steuersatz_Kapital_juristische_Personen_Promille;5.0
2006;2828;Lausen;Steuerfuss_natürliche_Personen_Prozent;53.0
2006;2828;Lausen;Steuersatz_Ertrag_juristische_Personen_Prozent;3.7
2006;2828;Lausen;Steuersatz_Kapital_juristische_Personen_Promille;5.3
2006;2829;Liestal;Steuerfuss_natürliche_Personen_Prozent;67.0
2006;2829;Liestal;Steuersatz_Ertrag_juristische_Personen_Prozent;5.0
2006;2829;Liestal;Steuersatz_Kapital_juristische_Personen_Promille;5.5
2006;2830;Lupsingen;Steuerfuss_natürliche_Personen_Prozent;60.0
2006;2830;Lupsingen;Steuersatz_Ertrag_juristische_Personen_Prozent;3.5
2006;2830;Lupsingen;Steuersatz_Kapital_juristische_Personen_Promille;5.0
2006;2831;Pratteln;Steuerfuss_natürliche_Personen_Prozent;63.8
2006;2831;Pratteln;Steuersatz_Ertrag_juristische_Personen_Prozent;4.95
2006;2831;Pratteln;Steuersatz_Kapital_juristische_Personen_Promille;5.5
2006;2832;Ramlinsburg;Steuerfuss_natürliche_Personen_Prozent;62.0
2006;2832;Ramlinsburg;Steuersatz_Ertrag_juristische_Personen_Prozent;3.5
2006;2832;Ramlinsburg;Steuersatz_Kapital_juristische_Personen_Promille;3.5
2006;2833;Seltisberg;Steuerfuss_natürliche_Personen_Prozent;55.0
2006;2833;Seltisberg;Steuersatz_Ertrag_juristische_Personen_Prozent;4.0
2006;2833;Seltisberg;Steuersatz_Kapital_juristische_Personen_Promille;4.0
2006;2834;Ziefen;Steuerfuss_natürliche_Personen_Prozent;63.0
2006;2834;Ziefen;Steuersatz_Ertrag_juristische_Personen_Prozent;5.0
2006;2834;Ziefen;Steuersatz_Kapital_juristische_Personen_Promille;5.0
2006;2841;Anwil;Steuerfuss_natürliche_Personen_Prozent;60.0
2006;2841;Anwil;Steuersatz_Ertrag_juristische_Personen_Prozent;4.5
2006;2841;Anwil;Steuersatz_Kapital_juristische_Personen_Promille;5.0
2006;2842;Böckten;Steuerfuss_natürliche_Personen_Prozent;59.0
2006;2842;Böckten;Steuersatz_Ertrag_juristische_Personen_Prozent;4.5
2006;2842;Böckten;Steuersatz_Kapital_juristische_Personen_Promille;4.5
2006;2843;Buckten;Steuerfuss_natürliche_Personen_Prozent;64.0
2006;2843;Buckten;Steuersatz_Ertrag_juristische_Personen_Prozent;4.5
2006;2843;Buckten;Steuersatz_Kapital_juristische_Personen_Promille;5.0
2006;2844;Buus;Steuerfuss_natürliche_Personen_Prozent;62.0
2006;2844;Buus;Steuersatz_Ertrag_juristische_Personen_Prozent;4.5
2006;2844;Buus;Steuersatz_Kapital_juristische_Personen_Promille;5.0
2006;2845;Diepflingen;Steuerfuss_natürliche_Personen_Prozent;65.0
2006;2845;Diepflingen;Steuersatz_Ertrag_juristische_Personen_Prozent;4.5
2006;2845;Diepflingen;Steuersatz_Kapital_juristische_Personen_Promille;5.0
2006;2846;Gelterkinden;Steuerfuss_natürliche_Personen_Prozent;59.0
2006;2846;Gelterkinden;Steuersatz_Ertrag_juristische_Personen_Prozent;3.8
2006;2846;Gelterkinden;Steuersatz_Kapital_juristische_Personen_Promille;4.5
2006;2847;Häfelfingen;Steuerfuss_natürliche_Personen_Prozent;61.0
2006;2847;Häfelfingen;Steuersatz_Ertrag_juristische_Personen_Prozent;4.0
2006;2847;Häfelfingen;Steuersatz_Kapital_juristische_Personen_Promille;4.0
2006;2848;Hemmiken;Steuerfuss_natürliche_Personen_Prozent;65.0
2006;2848;Hemmiken;Steuersatz_Ertrag_juristische_Personen_Prozent;4.5
2006;2848;Hemmiken;Steuersatz_Kapital_juristische_Personen_Promille;5.0
2006;2849;Itingen;Steuerfuss_natürliche_Personen_Prozent;61.0
2006;2849;Itingen;Steuersatz_Ertrag_juristische_Personen_Prozent;4.2
2006;2849;Itingen;Steuersatz_Kapital_juristische_Personen_Promille;5.0
2006;2850;Känerkinden;Steuerfuss_natürliche_Personen_Prozent;55.0
2006;2850;Känerkinden;Steuersatz_Ertrag_juristische_Personen_Prozent;2.0
2006;2850;Känerkinden;Steuersatz_Kapital_juristische_Personen_Promille;5.0
2006;2851;Kilchberg;Steuerfuss_natürliche_Personen_Prozent;64.0
2006;2851;Kilchberg;Steuersatz_Ertrag_juristische_Personen_Prozent;4.5
2006;2851;Kilchberg;Steuersatz_Kapital_juristische_Personen_Promille;5.0
2006;2852;Läufelfingen;Steuerfuss_natürliche_Personen_Prozent;64.2
2006;2852;Läufelfingen;Steuersatz_Ertrag_juristische_Personen_Prozent;4.3
2006;2852;Läufelfingen;Steuersatz_Kapital_juristische_Personen_Promille;5.0
2006;2853;Maisprach;Steuerfuss_natürliche_Personen_Prozent;59.0
2006;2853;Maisprach;Steuersatz_Ertrag_juristische_Personen_Prozent;4.5
2006;2853;Maisprach;Steuersatz_Kapital_juristische_Personen_Promille;5.0
2006;2854;Nusshof;Steuerfuss_natürliche_Personen_Prozent;55.0
2006;2854;Nusshof;Steuersatz_Ertrag_juristische_Personen_Prozent;4.5
2006;2854;Nusshof;Steuersatz_Kapital_juristische_Personen_Promille;5.0
2006;2855;Oltingen;Steuerfuss_natürliche_Personen_Prozent;64.0
2006;2855;Oltingen;Steuersatz_Ertrag_juristische_Personen_Prozent;4.5
2006;2855;Oltingen;Steuersatz_Kapital_juristische_Personen_Promille;5.0
2006;2856;Ormalingen;Steuerfuss_natürliche_Personen_Prozent;61.0
2006;2856;Ormalingen;Steuersatz_Ertrag_juristische_Personen_Prozent;5.0
2006;2856;Ormalingen;Steuersatz_Kapital_juristische_Personen_Promille;5.5
2006;2857;Rickenbach;Steuerfuss_natürliche_Personen_Prozent;65.0
2006;2857;Rickenbach;Steuersatz_Ertrag_juristische_Personen_Prozent;4.5
2006;2857;Rickenbach;Steuersatz_Kapital_juristische_Personen_Promille;5.0
2006;2858;Rothenfluh;Steuerfuss_natürliche_Personen_Prozent;62.0
2006;2858;Rothenfluh;Steuersatz_Ertrag_juristische_Personen_Prozent;5.0
2006;2858;Rothenfluh;Steuersatz_Kapital_juristische_Personen_Promille;5.5
2006;2859;Rümlingen;Steuerfuss_natürliche_Personen_Prozent;63.0
2006;2859;Rümlingen;Steuersatz_Ertrag_juristische_Personen_Prozent;4.5
2006;2859;Rümlingen;Steuersatz_Kapital_juristische_Personen_Promille;4.5
2006;2860;Rünenberg;Steuerfuss_natürliche_Personen_Prozent;63.0
2006;2860;Rünenberg;Steuersatz_Ertrag_juristische_Personen_Prozent;4.5
2006;2860;Rünenberg;Steuersatz_Kapital_juristische_Personen_Promille;5.0
2006;2861;Sissach;Steuerfuss_natürliche_Personen_Prozent;59.0
2006;2861;Sissach;Steuersatz_Ertrag_juristische_Personen_Prozent;4.0
2006;2861;Sissach;Steuersatz_Kapital_juristische_Personen_Promille;4.5
2006;2862;Tecknau;Steuerfuss_natürliche_Personen_Prozent;65.0
2006;2862;Tecknau;Steuersatz_Ertrag_juristische_Personen_Prozent;4.1
2006;2862;Tecknau;Steuersatz_Kapital_juristische_Personen_Promille;5.0
2006;2863;Tenniken;Steuerfuss_natürliche_Personen_Prozent;60.0
2006;2863;Tenniken;Steuersatz_Ertrag_juristische_Personen_Prozent;4.5
2006;2863;Tenniken;Steuersatz_Kapital_juristische_Personen_Promille;5.0
2006;2864;Thürnen;Steuerfuss_natürliche_Personen_Prozent;50.0
2006;2864;Thürnen;Steuersatz_Ertrag_juristische_Personen_Prozent;4.0
2006;2864;Thürnen;Steuersatz_Kapital_juristische_Personen_Promille;4.0
2006;2865;Wenslingen;Steuerfuss_natürliche_Personen_Prozent;58.0
2006;2865;Wenslingen;Steuersatz_Ertrag_juristische_Personen_Prozent;4.5
2006;2865;Wenslingen;Steuersatz_Kapital_juristische_Personen_Promille;5.0
2006;2866;Wintersingen;Steuerfuss_natürliche_Personen_Prozent;57.0
2006;2866;Wintersingen;Steuersatz_Ertrag_juristische_Personen_Prozent;4.5
2006;2866;Wintersingen;Steuersatz_Kapital_juristische_Personen_Promille;5.0
2006;2867;Wittinsburg;Steuerfuss_natürliche_Personen_Prozent;57.0
2006;2867;Wittinsburg;Steuersatz_Ertrag_juristische_Personen_Prozent;4.5
2006;2867;Wittinsburg;Steuersatz_Kapital_juristische_Personen_Promille;5.0
2006;2868;Zeglingen;Steuerfuss_natürliche_Personen_Prozent;66.0
2006;2868;Zeglingen;Steuersatz_Ertrag_juristische_Personen_Prozent;4.5
2006;2868;Zeglingen;Steuersatz_Kapital_juristische_Personen_Promille;5.0
2006;2869;Zunzgen;Steuerfuss_natürliche_Personen_Prozent;60.0
2006;2869;Zunzgen;Steuersatz_Ertrag_juristische_Personen_Prozent;5.0
2006;2869;Zunzgen;Steuersatz_Kapital_juristische_Personen_Promille;5.0
2006;2881;Arboldswil;Steuerfuss_natürliche_Personen_Prozent;60.0
2006;2881;Arboldswil;Steuersatz_Ertrag_juristische_Personen_Prozent;4.5
2006;2881;Arboldswil;Steuersatz_Kapital_juristische_Personen_Promille;5.0
2006;2882;Bennwil;Steuerfuss_natürliche_Personen_Prozent;64.0
2006;2882;Bennwil;Steuersatz_Ertrag_juristische_Personen_Prozent;4.0
2006;2882;Bennwil;Steuersatz_Kapital_juristische_Personen_Promille;5.0
2006;2883;Bretzwil;Steuerfuss_natürliche_Personen_Prozent;61.0
2006;2883;Bretzwil;Steuersatz_Ertrag_juristische_Personen_Prozent;4.0
2006;2883;Bretzwil;Steuersatz_Kapital_juristische_Personen_Promille;5.0
2006;2884;Diegten;Steuerfuss_natürliche_Personen_Prozent;56.0
2006;2884;Diegten;Steuersatz_Ertrag_juristische_Personen_Prozent;4.0
2006;2884;Diegten;Steuersatz_Kapital_juristische_Personen_Promille;5.0
2006;2885;Eptingen;Steuerfuss_natürliche_Personen_Prozent;65.0
2006;2885;Eptingen;Steuersatz_Ertrag_juristische_Personen_Prozent;4.5
2006;2885;Eptingen;Steuersatz_Kapital_juristische_Personen_Promille;5.0
2006;2886;Hölstein;Steuerfuss_natürliche_Personen_Prozent;65.0
2006;2886;Hölstein;Steuersatz_Ertrag_juristische_Personen_Prozent;4.41
2006;2886;Hölstein;Steuersatz_Kapital_juristische_Personen_Promille;4.9
2006;2887;Lampenberg;Steuerfuss_natürliche_Personen_Prozent;60.0
2006;2887;Lampenberg;Steuersatz_Ertrag_juristische_Personen_Prozent;4.5
2006;2887;Lampenberg;Steuersatz_Kapital_juristische_Personen_Promille;5.0
2006;2888;Langenbruck;Steuerfuss_natürliche_Personen_Prozent;59.0
2006;2888;Langenbruck;Steuersatz_Ertrag_juristische_Personen_Prozent;4.5
2006;2888;Langenbruck;Steuersatz_Kapital_juristische_Personen_Promille;5.0
2006;2889;Lauwil;Steuerfuss_natürliche_Personen_Prozent;60.0
2006;2889;Lauwil;Steuersatz_Ertrag_juristische_Personen_Prozent;4.5
2006;2889;Lauwil;Steuersatz_Kapital_juristische_Personen_Promille;5.0
2006;2890;Liedertswil;Steuerfuss_natürliche_Personen_Prozent;61.0
2006;2890;Liedertswil;Steuersatz_Ertrag_juristische_Personen_Prozent;4.5
2006;2890;Liedertswil;Steuersatz_Kapital_juristische_Personen_Promille;5.0
2006;2891;Niederdorf;Steuerfuss_natürliche_Personen_Prozent;64.0
2006;2891;Niederdorf;Steuersatz_Ertrag_juristische_Personen_Prozent;4.5
2006;2891;Niederdorf;Steuersatz_Kapital_juristische_Personen_Promille;5.0
2006;2892;Oberdorf;Steuerfuss_natürliche_Personen_Prozent;65.0
2006;2892;Oberdorf;Steuersatz_Ertrag_juristische_Personen_Prozent;5.0
2006;2892;Oberdorf;Steuersatz_Kapital_juristische_Personen_Promille;5.0
2006;2893;Reigoldswil;Steuerfuss_natürliche_Personen_Prozent;62.0
2006;2893;Reigoldswil;Steuersatz_Ertrag_juristische_Personen_Prozent;4.5
2006;2893;Reigoldswil;Steuersatz_Kapital_juristische_Personen_Promille;5.0
2006;2894;Titterten;Steuerfuss_natürliche_Personen_Prozent;62.0
2006;2894;Titterten;Steuersatz_Ertrag_juristische_Personen_Prozent;4.5
2006;2894;Titterten;Steuersatz_Kapital_juristische_Personen_Promille;5.0
2006;2895;Waldenburg;Steuerfuss_natürliche_Personen_Prozent;67.0
2006;2895;Waldenburg;Steuersatz_Ertrag_juristische_Personen_Prozent;4.75
2006;2895;Waldenburg;Steuersatz_Kapital_juristische_Personen_Promille;5.25
2005;2761;Aesch;Steuerfuss_natürliche_Personen_Prozent;60.0
2005;2761;Aesch;Steuersatz_Ertrag_juristische_Personen_Prozent;4.9
2005;2761;Aesch;Steuersatz_Kapital_juristische_Personen_Promille;5.3
2005;2762;Allschwil;Steuerfuss_natürliche_Personen_Prozent;58.0
2005;2762;Allschwil;Steuersatz_Ertrag_juristische_Personen_Prozent;5.0
2005;2762;Allschwil;Steuersatz_Kapital_juristische_Personen_Promille;5.0
2005;2763;Arlesheim;Steuerfuss_natürliche_Personen_Prozent;45.0
2005;2763;Arlesheim;Steuersatz_Ertrag_juristische_Personen_Prozent;4.0
2005;2763;Arlesheim;Steuersatz_Kapital_juristische_Personen_Promille;5.0
2005;2764;Biel-Benken;Steuerfuss_natürliche_Personen_Prozent;49.0
2005;2764;Biel-Benken;Steuersatz_Ertrag_juristische_Personen_Prozent;3.5
2005;2764;Biel-Benken;Steuersatz_Kapital_juristische_Personen_Promille;5.0
2005;2765;Binningen;Steuerfuss_natürliche_Personen_Prozent;46.0
2005;2765;Binningen;Steuersatz_Ertrag_juristische_Personen_Prozent;4.0
2005;2765;Binningen;Steuersatz_Kapital_juristische_Personen_Promille;5.0
2005;2766;Birsfelden;Steuerfuss_natürliche_Personen_Prozent;62.0
2005;2766;Birsfelden;Steuersatz_Ertrag_juristische_Personen_Prozent;5.0
2005;2766;Birsfelden;Steuersatz_Kapital_juristische_Personen_Promille;5.5
2005;2767;Bottmingen;Steuerfuss_natürliche_Personen_Prozent;50.0
2005;2767;Bottmingen;Steuersatz_Ertrag_juristische_Personen_Prozent;4.5
2005;2767;Bottmingen;Steuersatz_Kapital_juristische_Personen_Promille;5.0
2005;2768;Ettingen;Steuerfuss_natürliche_Personen_Prozent;61.0
2005;2768;Ettingen;Steuersatz_Ertrag_juristische_Personen_Prozent;4.5
2005;2768;Ettingen;Steuersatz_Kapital_juristische_Personen_Promille;5.0
2005;2769;Münchenstein;Steuerfuss_natürliche_Personen_Prozent;63.0
2005;2769;Münchenstein;Steuersatz_Ertrag_juristische_Personen_Prozent;5.0
2005;2769;Münchenstein;Steuersatz_Kapital_juristische_Personen_Promille;5.5
2005;2770;Muttenz;Steuerfuss_natürliche_Personen_Prozent;56.0
2005;2770;Muttenz;Steuersatz_Ertrag_juristische_Personen_Prozent;5.0
2005;2770;Muttenz;Steuersatz_Kapital_juristische_Personen_Promille;5.5
2005;2771;Oberwil;Steuerfuss_natürliche_Personen_Prozent;48.0
2005;2771;Oberwil;Steuersatz_Ertrag_juristische_Personen_Prozent;4.0
2005;2771;Oberwil;Steuersatz_Kapital_juristische_Personen_Promille;5.0
2005;2772;Pfeffingen;Steuerfuss_natürliche_Personen_Prozent;49.0
2005;2772;Pfeffingen;Steuersatz_Ertrag_juristische_Personen_Prozent;4.4
2005;2772;Pfeffingen;Steuersatz_Kapital_juristische_Personen_Promille;5.0
2005;2773;Reinach;Steuerfuss_natürliche_Personen_Prozent;52.5
2005;2773;Reinach;Steuersatz_Ertrag_juristische_Personen_Prozent;4.8
2005;2773;Reinach;Steuersatz_Kapital_juristische_Personen_Promille;5.4
2005;2774;Schönenbuch;Steuerfuss_natürliche_Personen_Prozent;57.0
2005;2774;Schönenbuch;Steuersatz_Ertrag_juristische_Personen_Prozent;4.0
2005;2774;Schönenbuch;Steuersatz_Kapital_juristische_Personen_Promille;5.0
2005;2775;Therwil;Steuerfuss_natürliche_Personen_Prozent;52.0
2005;2775;Therwil;Steuersatz_Ertrag_juristische_Personen_Prozent;4.7
2005;2775;Therwil;Steuersatz_Kapital_juristische_Personen_Promille;5.2
2005;2781;Blauen;Steuerfuss_natürliche_Personen_Prozent;63.0
2005;2781;Blauen;Steuersatz_Ertrag_juristische_Personen_Prozent;4.0
2005;2781;Blauen;Steuersatz_Kapital_juristische_Personen_Promille;5.0
2005;2782;Brislach;Steuerfuss_natürliche_Personen_Prozent;60.0
2005;2782;Brislach;Steuersatz_Ertrag_juristische_Personen_Prozent;4.5
2005;2782;Brislach;Steuersatz_Kapital_juristische_Personen_Promille;5.0
2005;2783;Burg i.L.;Steuerfuss_natürliche_Personen_Prozent;64.0
2005;2783;Burg i.L.;Steuersatz_Ertrag_juristische_Personen_Prozent;3.0
2005;2783;Burg i.L.;Steuersatz_Kapital_juristische_Personen_Promille;5.0
2005;2784;Dittingen;Steuerfuss_natürliche_Personen_Prozent;63.0
2005;2784;Dittingen;Steuersatz_Ertrag_juristische_Personen_Prozent;4.5
2005;2784;Dittingen;Steuersatz_Kapital_juristische_Personen_Promille;5.0
2005;2785;Duggingen;Steuerfuss_natürliche_Personen_Prozent;62.0
2005;2785;Duggingen;Steuersatz_Ertrag_juristische_Personen_Prozent;4.5
2005;2785;Duggingen;Steuersatz_Kapital_juristische_Personen_Promille;5.0
2005;2786;Grellingen;Steuerfuss_natürliche_Personen_Prozent;60.0
2005;2786;Grellingen;Steuersatz_Ertrag_juristische_Personen_Prozent;4.0
2005;2786;Grellingen;Steuersatz_Kapital_juristische_Personen_Promille;4.5
2005;2787;Laufen;Steuerfuss_natürliche_Personen_Prozent;59.0
2005;2787;Laufen;Steuersatz_Ertrag_juristische_Personen_Prozent;4.5
2005;2787;Laufen;Steuersatz_Kapital_juristische_Personen_Promille;5.0
2005;2788;Liesberg;Steuerfuss_natürliche_Personen_Prozent;65.0
2005;2788;Liesberg;Steuersatz_Ertrag_juristische_Personen_Prozent;4.3
2005;2788;Liesberg;Steuersatz_Kapital_juristische_Personen_Promille;5.0
2005;2789;Nenzlingen;Steuerfuss_natürliche_Personen_Prozent;62.5
2005;2789;Nenzlingen;Steuersatz_Ertrag_juristische_Personen_Prozent;4.5
2005;2789;Nenzlingen;Steuersatz_Kapital_juristische_Personen_Promille;5.0
2005;2790;Roggenburg;Steuerfuss_natürliche_Personen_Prozent;62.5
2005;2790;Roggenburg;Steuersatz_Ertrag_juristische_Personen_Prozent;4.5
2005;2790;Roggenburg;Steuersatz_Kapital_juristische_Personen_Promille;5.0
2005;2791;Röschenz;Steuerfuss_natürliche_Personen_Prozent;60.0
2005;2791;Röschenz;Steuersatz_Ertrag_juristische_Personen_Prozent;3.5
2005;2791;Röschenz;Steuersatz_Kapital_juristische_Personen_Promille;3.5
2005;2792;Wahlen;Steuerfuss_natürliche_Personen_Prozent;58.0
2005;2792;Wahlen;Steuersatz_Ertrag_juristische_Personen_Prozent;4.3
2005;2792;Wahlen;Steuersatz_Kapital_juristische_Personen_Promille;5.0
2005;2793;Zwingen;Steuerfuss_natürliche_Personen_Prozent;59.0
2005;2793;Zwingen;Steuersatz_Ertrag_juristische_Personen_Prozent;4.2
2005;2793;Zwingen;Steuersatz_Kapital_juristische_Personen_Promille;5.0
2005;2821;Arisdorf;Steuerfuss_natürliche_Personen_Prozent;59.0
2005;2821;Arisdorf;Steuersatz_Ertrag_juristische_Personen_Prozent;4.5
2005;2821;Arisdorf;Steuersatz_Kapital_juristische_Personen_Promille;5.0
2005;2822;Augst;Steuerfuss_natürliche_Personen_Prozent;50.0
2005;2822;Augst;Steuersatz_Ertrag_juristische_Personen_Prozent;4.2
2005;2822;Augst;Steuersatz_Kapital_juristische_Personen_Promille;5.5
2005;2823;Bubendorf;Steuerfuss_natürliche_Personen_Prozent;63.0
2005;2823;Bubendorf;Steuersatz_Ertrag_juristische_Personen_Prozent;4.4
2005;2823;Bubendorf;Steuersatz_Kapital_juristische_Personen_Promille;5.0
2005;2824;Frenkendorf;Steuerfuss_natürliche_Personen_Prozent;57.0
2005;2824;Frenkendorf;Steuersatz_Ertrag_juristische_Personen_Prozent;4.5
2005;2824;Frenkendorf;Steuersatz_Kapital_juristische_Personen_Promille;5.0
2005;2825;Füllinsdorf;Steuerfuss_natürliche_Personen_Prozent;64.0
2005;2825;Füllinsdorf;Steuersatz_Ertrag_juristische_Personen_Prozent;5.0
2005;2825;Füllinsdorf;Steuersatz_Kapital_juristische_Personen_Promille;5.0
2005;2826;Giebenach;Steuerfuss_natürliche_Personen_Prozent;61.0
2005;2826;Giebenach;Steuersatz_Ertrag_juristische_Personen_Prozent;2.0
2005;2826;Giebenach;Steuersatz_Kapital_juristische_Personen_Promille;5.0
2005;2827;Hersberg;Steuerfuss_natürliche_Personen_Prozent;58.0
2005;2827;Hersberg;Steuersatz_Ertrag_juristische_Personen_Prozent;4.5
2005;2827;Hersberg;Steuersatz_Kapital_juristische_Personen_Promille;5.0
2005;2828;Lausen;Steuerfuss_natürliche_Personen_Prozent;53.0
2005;2828;Lausen;Steuersatz_Ertrag_juristische_Personen_Prozent;3.7
2005;2828;Lausen;Steuersatz_Kapital_juristische_Personen_Promille;5.3
2005;2829;Liestal;Steuerfuss_natürliche_Personen_Prozent;67.0
2005;2829;Liestal;Steuersatz_Ertrag_juristische_Personen_Prozent;5.0
2005;2829;Liestal;Steuersatz_Kapital_juristische_Personen_Promille;5.5
2005;2830;Lupsingen;Steuerfuss_natürliche_Personen_Prozent;60.0
2005;2830;Lupsingen;Steuersatz_Ertrag_juristische_Personen_Prozent;3.5
2005;2830;Lupsingen;Steuersatz_Kapital_juristische_Personen_Promille;5.0
2005;2831;Pratteln;Steuerfuss_natürliche_Personen_Prozent;63.8
2005;2831;Pratteln;Steuersatz_Ertrag_juristische_Personen_Prozent;4.95
2005;2831;Pratteln;Steuersatz_Kapital_juristische_Personen_Promille;5.5
2005;2832;Ramlinsburg;Steuerfuss_natürliche_Personen_Prozent;62.0
2005;2832;Ramlinsburg;Steuersatz_Ertrag_juristische_Personen_Prozent;3.5
2005;2832;Ramlinsburg;Steuersatz_Kapital_juristische_Personen_Promille;3.5
2005;2833;Seltisberg;Steuerfuss_natürliche_Personen_Prozent;55.0
2005;2833;Seltisberg;Steuersatz_Ertrag_juristische_Personen_Prozent;4.0
2005;2833;Seltisberg;Steuersatz_Kapital_juristische_Personen_Promille;4.0
2005;2834;Ziefen;Steuerfuss_natürliche_Personen_Prozent;63.0
2005;2834;Ziefen;Steuersatz_Ertrag_juristische_Personen_Prozent;5.0
2005;2834;Ziefen;Steuersatz_Kapital_juristische_Personen_Promille;5.0
2005;2841;Anwil;Steuerfuss_natürliche_Personen_Prozent;60.0
2005;2841;Anwil;Steuersatz_Ertrag_juristische_Personen_Prozent;4.5
2005;2841;Anwil;Steuersatz_Kapital_juristische_Personen_Promille;5.0
2005;2842;Böckten;Steuerfuss_natürliche_Personen_Prozent;59.0
2005;2842;Böckten;Steuersatz_Ertrag_juristische_Personen_Prozent;4.5
2005;2842;Böckten;Steuersatz_Kapital_juristische_Personen_Promille;4.5
2005;2843;Buckten;Steuerfuss_natürliche_Personen_Prozent;64.0
2005;2843;Buckten;Steuersatz_Ertrag_juristische_Personen_Prozent;4.5
2005;2843;Buckten;Steuersatz_Kapital_juristische_Personen_Promille;5.0
2005;2844;Buus;Steuerfuss_natürliche_Personen_Prozent;62.0
2005;2844;Buus;Steuersatz_Ertrag_juristische_Personen_Prozent;4.5
2005;2844;Buus;Steuersatz_Kapital_juristische_Personen_Promille;5.0
2005;2845;Diepflingen;Steuerfuss_natürliche_Personen_Prozent;65.0
2005;2845;Diepflingen;Steuersatz_Ertrag_juristische_Personen_Prozent;4.5
2005;2845;Diepflingen;Steuersatz_Kapital_juristische_Personen_Promille;5.0
2005;2846;Gelterkinden;Steuerfuss_natürliche_Personen_Prozent;59.0
2005;2846;Gelterkinden;Steuersatz_Ertrag_juristische_Personen_Prozent;3.8
2005;2846;Gelterkinden;Steuersatz_Kapital_juristische_Personen_Promille;4.5
2005;2847;Häfelfingen;Steuerfuss_natürliche_Personen_Prozent;61.0
2005;2847;Häfelfingen;Steuersatz_Ertrag_juristische_Personen_Prozent;4.0
2005;2847;Häfelfingen;Steuersatz_Kapital_juristische_Personen_Promille;4.0
2005;2848;Hemmiken;Steuerfuss_natürliche_Personen_Prozent;65.0
2005;2848;Hemmiken;Steuersatz_Ertrag_juristische_Personen_Prozent;4.5
2005;2848;Hemmiken;Steuersatz_Kapital_juristische_Personen_Promille;5.0
2005;2849;Itingen;Steuerfuss_natürliche_Personen_Prozent;61.0
2005;2849;Itingen;Steuersatz_Ertrag_juristische_Personen_Prozent;4.2
2005;2849;Itingen;Steuersatz_Kapital_juristische_Personen_Promille;5.0
2005;2850;Känerkinden;Steuerfuss_natürliche_Personen_Prozent;55.0
2005;2850;Känerkinden;Steuersatz_Ertrag_juristische_Personen_Prozent;2.0
2005;2850;Känerkinden;Steuersatz_Kapital_juristische_Personen_Promille;5.0
2005;2851;Kilchberg;Steuerfuss_natürliche_Personen_Prozent;64.0
2005;2851;Kilchberg;Steuersatz_Ertrag_juristische_Personen_Prozent;4.5
2005;2851;Kilchberg;Steuersatz_Kapital_juristische_Personen_Promille;5.0
2005;2852;Läufelfingen;Steuerfuss_natürliche_Personen_Prozent;64.2
2005;2852;Läufelfingen;Steuersatz_Ertrag_juristische_Personen_Prozent;4.3
2005;2852;Läufelfingen;Steuersatz_Kapital_juristische_Personen_Promille;5.0
2005;2853;Maisprach;Steuerfuss_natürliche_Personen_Prozent;62.0
2005;2853;Maisprach;Steuersatz_Ertrag_juristische_Personen_Prozent;4.5
2005;2853;Maisprach;Steuersatz_Kapital_juristische_Personen_Promille;5.0
2005;2854;Nusshof;Steuerfuss_natürliche_Personen_Prozent;55.0
2005;2854;Nusshof;Steuersatz_Ertrag_juristische_Personen_Prozent;4.5
2005;2854;Nusshof;Steuersatz_Kapital_juristische_Personen_Promille;5.0
2005;2855;Oltingen;Steuerfuss_natürliche_Personen_Prozent;64.0
2005;2855;Oltingen;Steuersatz_Ertrag_juristische_Personen_Prozent;4.5
2005;2855;Oltingen;Steuersatz_Kapital_juristische_Personen_Promille;5.0
2005;2856;Ormalingen;Steuerfuss_natürliche_Personen_Prozent;61.0
2005;2856;Ormalingen;Steuersatz_Ertrag_juristische_Personen_Prozent;5.0
2005;2856;Ormalingen;Steuersatz_Kapital_juristische_Personen_Promille;5.5
2005;2857;Rickenbach;Steuerfuss_natürliche_Personen_Prozent;65.0
2005;2857;Rickenbach;Steuersatz_Ertrag_juristische_Personen_Prozent;4.5
2005;2857;Rickenbach;Steuersatz_Kapital_juristische_Personen_Promille;5.0
2005;2858;Rothenfluh;Steuerfuss_natürliche_Personen_Prozent;62.0
2005;2858;Rothenfluh;Steuersatz_Ertrag_juristische_Personen_Prozent;5.0
2005;2858;Rothenfluh;Steuersatz_Kapital_juristische_Personen_Promille;5.5
2005;2859;Rümlingen;Steuerfuss_natürliche_Personen_Prozent;63.0
2005;2859;Rümlingen;Steuersatz_Ertrag_juristische_Personen_Prozent;4.5
2005;2859;Rümlingen;Steuersatz_Kapital_juristische_Personen_Promille;4.5
2005;2860;Rünenberg;Steuerfuss_natürliche_Personen_Prozent;63.0
2005;2860;Rünenberg;Steuersatz_Ertrag_juristische_Personen_Prozent;4.5
2005;2860;Rünenberg;Steuersatz_Kapital_juristische_Personen_Promille;5.0
2005;2861;Sissach;Steuerfuss_natürliche_Personen_Prozent;61.0
2005;2861;Sissach;Steuersatz_Ertrag_juristische_Personen_Prozent;4.5
2005;2861;Sissach;Steuersatz_Kapital_juristische_Personen_Promille;5.0
2005;2862;Tecknau;Steuerfuss_natürliche_Personen_Prozent;65.0
2005;2862;Tecknau;Steuersatz_Ertrag_juristische_Personen_Prozent;4.1
2005;2862;Tecknau;Steuersatz_Kapital_juristische_Personen_Promille;5.0
2005;2863;Tenniken;Steuerfuss_natürliche_Personen_Prozent;60.0
2005;2863;Tenniken;Steuersatz_Ertrag_juristische_Personen_Prozent;4.5
2005;2863;Tenniken;Steuersatz_Kapital_juristische_Personen_Promille;5.0
2005;2864;Thürnen;Steuerfuss_natürliche_Personen_Prozent;52.0
2005;2864;Thürnen;Steuersatz_Ertrag_juristische_Personen_Prozent;4.0
2005;2864;Thürnen;Steuersatz_Kapital_juristische_Personen_Promille;4.0
2005;2865;Wenslingen;Steuerfuss_natürliche_Personen_Prozent;58.0
2005;2865;Wenslingen;Steuersatz_Ertrag_juristische_Personen_Prozent;4.5
2005;2865;Wenslingen;Steuersatz_Kapital_juristische_Personen_Promille;5.0
2005;2866;Wintersingen;Steuerfuss_natürliche_Personen_Prozent;57.0
2005;2866;Wintersingen;Steuersatz_Ertrag_juristische_Personen_Prozent;4.5
2005;2866;Wintersingen;Steuersatz_Kapital_juristische_Personen_Promille;5.0
2005;2867;Wittinsburg;Steuerfuss_natürliche_Personen_Prozent;57.0
2005;2867;Wittinsburg;Steuersatz_Ertrag_juristische_Personen_Prozent;4.5
2005;2867;Wittinsburg;Steuersatz_Kapital_juristische_Personen_Promille;5.0
2005;2868;Zeglingen;Steuerfuss_natürliche_Personen_Prozent;66.0
2005;2868;Zeglingen;Steuersatz_Ertrag_juristische_Personen_Prozent;4.5
2005;2868;Zeglingen;Steuersatz_Kapital_juristische_Personen_Promille;5.0
2005;2869;Zunzgen;Steuerfuss_natürliche_Personen_Prozent;60.0
2005;2869;Zunzgen;Steuersatz_Ertrag_juristische_Personen_Prozent;5.0
2005;2869;Zunzgen;Steuersatz_Kapital_juristische_Personen_Promille;5.0
2005;2881;Arboldswil;Steuerfuss_natürliche_Personen_Prozent;58.0
2005;2881;Arboldswil;Steuersatz_Ertrag_juristische_Personen_Prozent;4.5
2005;2881;Arboldswil;Steuersatz_Kapital_juristische_Personen_Promille;5.0
2005;2882;Bennwil;Steuerfuss_natürliche_Personen_Prozent;64.0
2005;2882;Bennwil;Steuersatz_Ertrag_juristische_Personen_Prozent;4.0
2005;2882;Bennwil;Steuersatz_Kapital_juristische_Personen_Promille;5.0
2005;2883;Bretzwil;Steuerfuss_natürliche_Personen_Prozent;61.0
2005;2883;Bretzwil;Steuersatz_Ertrag_juristische_Personen_Prozent;4.0
2005;2883;Bretzwil;Steuersatz_Kapital_juristische_Personen_Promille;5.0
2005;2884;Diegten;Steuerfuss_natürliche_Personen_Prozent;56.0
2005;2884;Diegten;Steuersatz_Ertrag_juristische_Personen_Prozent;4.0
2005;2884;Diegten;Steuersatz_Kapital_juristische_Personen_Promille;5.0
2005;2885;Eptingen;Steuerfuss_natürliche_Personen_Prozent;65.0
2005;2885;Eptingen;Steuersatz_Ertrag_juristische_Personen_Prozent;4.5
2005;2885;Eptingen;Steuersatz_Kapital_juristische_Personen_Promille;5.0
2005;2886;Hölstein;Steuerfuss_natürliche_Personen_Prozent;65.0
2005;2886;Hölstein;Steuersatz_Ertrag_juristische_Personen_Prozent;4.41
2005;2886;Hölstein;Steuersatz_Kapital_juristische_Personen_Promille;4.9
2005;2887;Lampenberg;Steuerfuss_natürliche_Personen_Prozent;60.0
2005;2887;Lampenberg;Steuersatz_Ertrag_juristische_Personen_Prozent;4.5
2005;2887;Lampenberg;Steuersatz_Kapital_juristische_Personen_Promille;5.0
2005;2888;Langenbruck;Steuerfuss_natürliche_Personen_Prozent;59.0
2005;2888;Langenbruck;Steuersatz_Ertrag_juristische_Personen_Prozent;4.5
2005;2888;Langenbruck;Steuersatz_Kapital_juristische_Personen_Promille;5.0
2005;2889;Lauwil;Steuerfuss_natürliche_Personen_Prozent;60.0
2005;2889;Lauwil;Steuersatz_Ertrag_juristische_Personen_Prozent;4.5
2005;2889;Lauwil;Steuersatz_Kapital_juristische_Personen_Promille;5.0
2005;2890;Liedertswil;Steuerfuss_natürliche_Personen_Prozent;61.0
2005;2890;Liedertswil;Steuersatz_Ertrag_juristische_Personen_Prozent;4.5
2005;2890;Liedertswil;Steuersatz_Kapital_juristische_Personen_Promille;5.0
2005;2891;Niederdorf;Steuerfuss_natürliche_Personen_Prozent;64.0
2005;2891;Niederdorf;Steuersatz_Ertrag_juristische_Personen_Prozent;4.5
2005;2891;Niederdorf;Steuersatz_Kapital_juristische_Personen_Promille;5.0
2005;2892;Oberdorf;Steuerfuss_natürliche_Personen_Prozent;65.0
2005;2892;Oberdorf;Steuersatz_Ertrag_juristische_Personen_Prozent;5.0
2005;2892;Oberdorf;Steuersatz_Kapital_juristische_Personen_Promille;5.0
2005;2893;Reigoldswil;Steuerfuss_natürliche_Personen_Prozent;62.0
2005;2893;Reigoldswil;Steuersatz_Ertrag_juristische_Personen_Prozent;4.5
2005;2893;Reigoldswil;Steuersatz_Kapital_juristische_Personen_Promille;5.0
2005;2894;Titterten;Steuerfuss_natürliche_Personen_Prozent;62.0
2005;2894;Titterten;Steuersatz_Ertrag_juristische_Personen_Prozent;4.5
2005;2894;Titterten;Steuersatz_Kapital_juristische_Personen_Promille;5.0
2005;2895;Waldenburg;Steuerfuss_natürliche_Personen_Prozent;67.0
2005;2895;Waldenburg;Steuersatz_Ertrag_juristische_Personen_Prozent;4.75
2005;2895;Waldenburg;Steuersatz_Kapital_juristische_Personen_Promille;5.25
2004;2761;Aesch;Steuerfuss_natürliche_Personen_Prozent;60.0
2004;2761;Aesch;Steuersatz_Ertrag_juristische_Personen_Prozent;4.9
2004;2761;Aesch;Steuersatz_Kapital_juristische_Personen_Promille;5.3
2004;2762;Allschwil;Steuerfuss_natürliche_Personen_Prozent;58.0
2004;2762;Allschwil;Steuersatz_Ertrag_juristische_Personen_Prozent;5.0
2004;2762;Allschwil;Steuersatz_Kapital_juristische_Personen_Promille;5.0
2004;2763;Arlesheim;Steuerfuss_natürliche_Personen_Prozent;45.0
2004;2763;Arlesheim;Steuersatz_Ertrag_juristische_Personen_Prozent;4.0
2004;2763;Arlesheim;Steuersatz_Kapital_juristische_Personen_Promille;5.0
2004;2764;Biel-Benken;Steuerfuss_natürliche_Personen_Prozent;49.0
2004;2764;Biel-Benken;Steuersatz_Ertrag_juristische_Personen_Prozent;3.5
2004;2764;Biel-Benken;Steuersatz_Kapital_juristische_Personen_Promille;5.0
2004;2765;Binningen;Steuerfuss_natürliche_Personen_Prozent;48.0
2004;2765;Binningen;Steuersatz_Ertrag_juristische_Personen_Prozent;4.0
2004;2765;Binningen;Steuersatz_Kapital_juristische_Personen_Promille;5.0
2004;2766;Birsfelden;Steuerfuss_natürliche_Personen_Prozent;62.0
2004;2766;Birsfelden;Steuersatz_Ertrag_juristische_Personen_Prozent;5.0
2004;2766;Birsfelden;Steuersatz_Kapital_juristische_Personen_Promille;5.5
2004;2767;Bottmingen;Steuerfuss_natürliche_Personen_Prozent;50.0
2004;2767;Bottmingen;Steuersatz_Ertrag_juristische_Personen_Prozent;4.5
2004;2767;Bottmingen;Steuersatz_Kapital_juristische_Personen_Promille;5.0
2004;2768;Ettingen;Steuerfuss_natürliche_Personen_Prozent;61.0
2004;2768;Ettingen;Steuersatz_Ertrag_juristische_Personen_Prozent;4.5
2004;2768;Ettingen;Steuersatz_Kapital_juristische_Personen_Promille;5.0
2004;2769;Münchenstein;Steuerfuss_natürliche_Personen_Prozent;60.0
2004;2769;Münchenstein;Steuersatz_Ertrag_juristische_Personen_Prozent;5.0
2004;2769;Münchenstein;Steuersatz_Kapital_juristische_Personen_Promille;5.5
2004;2770;Muttenz;Steuerfuss_natürliche_Personen_Prozent;56.0
2004;2770;Muttenz;Steuersatz_Ertrag_juristische_Personen_Prozent;5.0
2004;2770;Muttenz;Steuersatz_Kapital_juristische_Personen_Promille;5.5
2004;2771;Oberwil;Steuerfuss_natürliche_Personen_Prozent;48.0
2004;2771;Oberwil;Steuersatz_Ertrag_juristische_Personen_Prozent;4.0
2004;2771;Oberwil;Steuersatz_Kapital_juristische_Personen_Promille;5.0
2004;2772;Pfeffingen;Steuerfuss_natürliche_Personen_Prozent;49.0
2004;2772;Pfeffingen;Steuersatz_Ertrag_juristische_Personen_Prozent;4.4
2004;2772;Pfeffingen;Steuersatz_Kapital_juristische_Personen_Promille;5.0
2004;2773;Reinach;Steuerfuss_natürliche_Personen_Prozent;52.5
2004;2773;Reinach;Steuersatz_Ertrag_juristische_Personen_Prozent;4.8
2004;2773;Reinach;Steuersatz_Kapital_juristische_Personen_Promille;5.4
2004;2774;Schönenbuch;Steuerfuss_natürliche_Personen_Prozent;57.0
2004;2774;Schönenbuch;Steuersatz_Ertrag_juristische_Personen_Prozent;4.0
2004;2774;Schönenbuch;Steuersatz_Kapital_juristische_Personen_Promille;5.0
2004;2775;Therwil;Steuerfuss_natürliche_Personen_Prozent;52.0
2004;2775;Therwil;Steuersatz_Ertrag_juristische_Personen_Prozent;4.7
2004;2775;Therwil;Steuersatz_Kapital_juristische_Personen_Promille;5.2
2004;2781;Blauen;Steuerfuss_natürliche_Personen_Prozent;63.0
2004;2781;Blauen;Steuersatz_Ertrag_juristische_Personen_Prozent;4.0
2004;2781;Blauen;Steuersatz_Kapital_juristische_Personen_Promille;5.0
2004;2782;Brislach;Steuerfuss_natürliche_Personen_Prozent;60.0
2004;2782;Brislach;Steuersatz_Ertrag_juristische_Personen_Prozent;4.5
2004;2782;Brislach;Steuersatz_Kapital_juristische_Personen_Promille;5.0
2004;2783;Burg i.L.;Steuerfuss_natürliche_Personen_Prozent;64.0
2004;2783;Burg i.L.;Steuersatz_Ertrag_juristische_Personen_Prozent;3.0
2004;2783;Burg i.L.;Steuersatz_Kapital_juristische_Personen_Promille;5.0
2004;2784;Dittingen;Steuerfuss_natürliche_Personen_Prozent;63.0
2004;2784;Dittingen;Steuersatz_Ertrag_juristische_Personen_Prozent;4.0
2004;2784;Dittingen;Steuersatz_Kapital_juristische_Personen_Promille;5.0
2004;2785;Duggingen;Steuerfuss_natürliche_Personen_Prozent;62.0
2004;2785;Duggingen;Steuersatz_Ertrag_juristische_Personen_Prozent;4.5
2004;2785;Duggingen;Steuersatz_Kapital_juristische_Personen_Promille;5.0
2004;2786;Grellingen;Steuerfuss_natürliche_Personen_Prozent;60.0
2004;2786;Grellingen;Steuersatz_Ertrag_juristische_Personen_Prozent;4.0
2004;2786;Grellingen;Steuersatz_Kapital_juristische_Personen_Promille;4.5
2004;2787;Laufen;Steuerfuss_natürliche_Personen_Prozent;59.0
2004;2787;Laufen;Steuersatz_Ertrag_juristische_Personen_Prozent;4.5
2004;2787;Laufen;Steuersatz_Kapital_juristische_Personen_Promille;5.0
2004;2788;Liesberg;Steuerfuss_natürliche_Personen_Prozent;65.0
2004;2788;Liesberg;Steuersatz_Ertrag_juristische_Personen_Prozent;4.3
2004;2788;Liesberg;Steuersatz_Kapital_juristische_Personen_Promille;5.0
2004;2789;Nenzlingen;Steuerfuss_natürliche_Personen_Prozent;62.5
2004;2789;Nenzlingen;Steuersatz_Ertrag_juristische_Personen_Prozent;4.5
2004;2789;Nenzlingen;Steuersatz_Kapital_juristische_Personen_Promille;5.0
2004;2790;Roggenburg;Steuerfuss_natürliche_Personen_Prozent;62.5
2004;2790;Roggenburg;Steuersatz_Ertrag_juristische_Personen_Prozent;4.5
2004;2790;Roggenburg;Steuersatz_Kapital_juristische_Personen_Promille;5.0
2004;2791;Röschenz;Steuerfuss_natürliche_Personen_Prozent;62.0
2004;2791;Röschenz;Steuersatz_Ertrag_juristische_Personen_Prozent;3.5
2004;2791;Röschenz;Steuersatz_Kapital_juristische_Personen_Promille;3.5
2004;2792;Wahlen;Steuerfuss_natürliche_Personen_Prozent;60.0
2004;2792;Wahlen;Steuersatz_Ertrag_juristische_Personen_Prozent;4.3
2004;2792;Wahlen;Steuersatz_Kapital_juristische_Personen_Promille;5.0
2004;2793;Zwingen;Steuerfuss_natürliche_Personen_Prozent;59.0
2004;2793;Zwingen;Steuersatz_Ertrag_juristische_Personen_Prozent;4.2
2004;2793;Zwingen;Steuersatz_Kapital_juristische_Personen_Promille;5.0
2004;2821;Arisdorf;Steuerfuss_natürliche_Personen_Prozent;62.0
2004;2821;Arisdorf;Steuersatz_Ertrag_juristische_Personen_Prozent;4.5
2004;2821;Arisdorf;Steuersatz_Kapital_juristische_Personen_Promille;5.0
2004;2822;Augst;Steuerfuss_natürliche_Personen_Prozent;50.0
2004;2822;Augst;Steuersatz_Ertrag_juristische_Personen_Prozent;4.2
2004;2822;Augst;Steuersatz_Kapital_juristische_Personen_Promille;5.5
2004;2823;Bubendorf;Steuerfuss_natürliche_Personen_Prozent;63.0
2004;2823;Bubendorf;Steuersatz_Ertrag_juristische_Personen_Prozent;4.4
2004;2823;Bubendorf;Steuersatz_Kapital_juristische_Personen_Promille;5.0
2004;2824;Frenkendorf;Steuerfuss_natürliche_Personen_Prozent;57.0
2004;2824;Frenkendorf;Steuersatz_Ertrag_juristische_Personen_Prozent;4.5
2004;2824;Frenkendorf;Steuersatz_Kapital_juristische_Personen_Promille;5.0
2004;2825;Füllinsdorf;Steuerfuss_natürliche_Personen_Prozent;64.0
2004;2825;Füllinsdorf;Steuersatz_Ertrag_juristische_Personen_Prozent;5.0
2004;2825;Füllinsdorf;Steuersatz_Kapital_juristische_Personen_Promille;5.0
2004;2826;Giebenach;Steuerfuss_natürliche_Personen_Prozent;61.0
2004;2826;Giebenach;Steuersatz_Ertrag_juristische_Personen_Prozent;2.0
2004;2826;Giebenach;Steuersatz_Kapital_juristische_Personen_Promille;5.0
2004;2827;Hersberg;Steuerfuss_natürliche_Personen_Prozent;58.0
2004;2827;Hersberg;Steuersatz_Ertrag_juristische_Personen_Prozent;4.5
2004;2827;Hersberg;Steuersatz_Kapital_juristische_Personen_Promille;5.0
2004;2828;Lausen;Steuerfuss_natürliche_Personen_Prozent;53.0
2004;2828;Lausen;Steuersatz_Ertrag_juristische_Personen_Prozent;3.7
2004;2828;Lausen;Steuersatz_Kapital_juristische_Personen_Promille;5.3
2004;2829;Liestal;Steuerfuss_natürliche_Personen_Prozent;67.0
2004;2829;Liestal;Steuersatz_Ertrag_juristische_Personen_Prozent;5.0
2004;2829;Liestal;Steuersatz_Kapital_juristische_Personen_Promille;5.5
2004;2830;Lupsingen;Steuerfuss_natürliche_Personen_Prozent;60.0
2004;2830;Lupsingen;Steuersatz_Ertrag_juristische_Personen_Prozent;3.5
2004;2830;Lupsingen;Steuersatz_Kapital_juristische_Personen_Promille;5.0
2004;2831;Pratteln;Steuerfuss_natürliche_Personen_Prozent;63.8
2004;2831;Pratteln;Steuersatz_Ertrag_juristische_Personen_Prozent;4.95
2004;2831;Pratteln;Steuersatz_Kapital_juristische_Personen_Promille;5.5
2004;2832;Ramlinsburg;Steuerfuss_natürliche_Personen_Prozent;62.0
2004;2832;Ramlinsburg;Steuersatz_Ertrag_juristische_Personen_Prozent;3.5
2004;2832;Ramlinsburg;Steuersatz_Kapital_juristische_Personen_Promille;3.5
2004;2833;Seltisberg;Steuerfuss_natürliche_Personen_Prozent;55.0
2004;2833;Seltisberg;Steuersatz_Ertrag_juristische_Personen_Prozent;4.0
2004;2833;Seltisberg;Steuersatz_Kapital_juristische_Personen_Promille;4.0
2004;2834;Ziefen;Steuerfuss_natürliche_Personen_Prozent;63.0
2004;2834;Ziefen;Steuersatz_Ertrag_juristische_Personen_Prozent;5.0
2004;2834;Ziefen;Steuersatz_Kapital_juristische_Personen_Promille;5.0
2004;2841;Anwil;Steuerfuss_natürliche_Personen_Prozent;60.0
2004;2841;Anwil;Steuersatz_Ertrag_juristische_Personen_Prozent;4.5
2004;2841;Anwil;Steuersatz_Kapital_juristische_Personen_Promille;5.0
2004;2842;Böckten;Steuerfuss_natürliche_Personen_Prozent;59.0
2004;2842;Böckten;Steuersatz_Ertrag_juristische_Personen_Prozent;4.5
2004;2842;Böckten;Steuersatz_Kapital_juristische_Personen_Promille;4.5
2004;2843;Buckten;Steuerfuss_natürliche_Personen_Prozent;64.0
2004;2843;Buckten;Steuersatz_Ertrag_juristische_Personen_Prozent;4.5
2004;2843;Buckten;Steuersatz_Kapital_juristische_Personen_Promille;5.0
2004;2844;Buus;Steuerfuss_natürliche_Personen_Prozent;62.0
2004;2844;Buus;Steuersatz_Ertrag_juristische_Personen_Prozent;4.5
2004;2844;Buus;Steuersatz_Kapital_juristische_Personen_Promille;5.0
2004;2845;Diepflingen;Steuerfuss_natürliche_Personen_Prozent;65.0
2004;2845;Diepflingen;Steuersatz_Ertrag_juristische_Personen_Prozent;4.5
2004;2845;Diepflingen;Steuersatz_Kapital_juristische_Personen_Promille;5.0
2004;2846;Gelterkinden;Steuerfuss_natürliche_Personen_Prozent;59.0
2004;2846;Gelterkinden;Steuersatz_Ertrag_juristische_Personen_Prozent;3.8
2004;2846;Gelterkinden;Steuersatz_Kapital_juristische_Personen_Promille;4.5
2004;2847;Häfelfingen;Steuerfuss_natürliche_Personen_Prozent;61.0
2004;2847;Häfelfingen;Steuersatz_Ertrag_juristische_Personen_Prozent;4.0
2004;2847;Häfelfingen;Steuersatz_Kapital_juristische_Personen_Promille;4.0
2004;2848;Hemmiken;Steuerfuss_natürliche_Personen_Prozent;65.0
2004;2848;Hemmiken;Steuersatz_Ertrag_juristische_Personen_Prozent;4.5
2004;2848;Hemmiken;Steuersatz_Kapital_juristische_Personen_Promille;5.0
2004;2849;Itingen;Steuerfuss_natürliche_Personen_Prozent;61.0
2004;2849;Itingen;Steuersatz_Ertrag_juristische_Personen_Prozent;4.2
2004;2849;Itingen;Steuersatz_Kapital_juristische_Personen_Promille;5.0
2004;2850;Känerkinden;Steuerfuss_natürliche_Personen_Prozent;55.0
2004;2850;Känerkinden;Steuersatz_Ertrag_juristische_Personen_Prozent;2.0
2004;2850;Känerkinden;Steuersatz_Kapital_juristische_Personen_Promille;5.0
2004;2851;Kilchberg;Steuerfuss_natürliche_Personen_Prozent;62.0
2004;2851;Kilchberg;Steuersatz_Ertrag_juristische_Personen_Prozent;4.5
2004;2851;Kilchberg;Steuersatz_Kapital_juristische_Personen_Promille;5.0
2004;2852;Läufelfingen;Steuerfuss_natürliche_Personen_Prozent;64.2
2004;2852;Läufelfingen;Steuersatz_Ertrag_juristische_Personen_Prozent;4.3
2004;2852;Läufelfingen;Steuersatz_Kapital_juristische_Personen_Promille;5.0
2004;2853;Maisprach;Steuerfuss_natürliche_Personen_Prozent;62.0
2004;2853;Maisprach;Steuersatz_Ertrag_juristische_Personen_Prozent;4.5
2004;2853;Maisprach;Steuersatz_Kapital_juristische_Personen_Promille;5.0
2004;2854;Nusshof;Steuerfuss_natürliche_Personen_Prozent;55.0
2004;2854;Nusshof;Steuersatz_Ertrag_juristische_Personen_Prozent;4.5
2004;2854;Nusshof;Steuersatz_Kapital_juristische_Personen_Promille;5.0
2004;2855;Oltingen;Steuerfuss_natürliche_Personen_Prozent;64.0
2004;2855;Oltingen;Steuersatz_Ertrag_juristische_Personen_Prozent;4.5
2004;2855;Oltingen;Steuersatz_Kapital_juristische_Personen_Promille;5.0
2004;2856;Ormalingen;Steuerfuss_natürliche_Personen_Prozent;61.0
2004;2856;Ormalingen;Steuersatz_Ertrag_juristische_Personen_Prozent;5.0
2004;2856;Ormalingen;Steuersatz_Kapital_juristische_Personen_Promille;5.5
2004;2857;Rickenbach;Steuerfuss_natürliche_Personen_Prozent;65.0
2004;2857;Rickenbach;Steuersatz_Ertrag_juristische_Personen_Prozent;4.5
2004;2857;Rickenbach;Steuersatz_Kapital_juristische_Personen_Promille;5.0
2004;2858;Rothenfluh;Steuerfuss_natürliche_Personen_Prozent;62.0
2004;2858;Rothenfluh;Steuersatz_Ertrag_juristische_Personen_Prozent;5.0
2004;2858;Rothenfluh;Steuersatz_Kapital_juristische_Personen_Promille;5.5
2004;2859;Rümlingen;Steuerfuss_natürliche_Personen_Prozent;63.0
2004;2859;Rümlingen;Steuersatz_Ertrag_juristische_Personen_Prozent;4.5
2004;2859;Rümlingen;Steuersatz_Kapital_juristische_Personen_Promille;4.5
2004;2860;Rünenberg;Steuerfuss_natürliche_Personen_Prozent;63.0
2004;2860;Rünenberg;Steuersatz_Ertrag_juristische_Personen_Prozent;4.5
2004;2860;Rünenberg;Steuersatz_Kapital_juristische_Personen_Promille;5.0
2004;2861;Sissach;Steuerfuss_natürliche_Personen_Prozent;61.0
2004;2861;Sissach;Steuersatz_Ertrag_juristische_Personen_Prozent;4.5
2004;2861;Sissach;Steuersatz_Kapital_juristische_Personen_Promille;5.0
2004;2862;Tecknau;Steuerfuss_natürliche_Personen_Prozent;65.0
2004;2862;Tecknau;Steuersatz_Ertrag_juristische_Personen_Prozent;4.1
2004;2862;Tecknau;Steuersatz_Kapital_juristische_Personen_Promille;5.0
2004;2863;Tenniken;Steuerfuss_natürliche_Personen_Prozent;60.0
2004;2863;Tenniken;Steuersatz_Ertrag_juristische_Personen_Prozent;4.5
2004;2863;Tenniken;Steuersatz_Kapital_juristische_Personen_Promille;5.0
2004;2864;Thürnen;Steuerfuss_natürliche_Personen_Prozent;52.0
2004;2864;Thürnen;Steuersatz_Ertrag_juristische_Personen_Prozent;4.0
2004;2864;Thürnen;Steuersatz_Kapital_juristische_Personen_Promille;4.0
2004;2865;Wenslingen;Steuerfuss_natürliche_Personen_Prozent;58.0
2004;2865;Wenslingen;Steuersatz_Ertrag_juristische_Personen_Prozent;4.5
2004;2865;Wenslingen;Steuersatz_Kapital_juristische_Personen_Promille;5.0
2004;2866;Wintersingen;Steuerfuss_natürliche_Personen_Prozent;57.0
2004;2866;Wintersingen;Steuersatz_Ertrag_juristische_Personen_Prozent;4.5
2004;2866;Wintersingen;Steuersatz_Kapital_juristische_Personen_Promille;5.0
2004;2867;Wittinsburg;Steuerfuss_natürliche_Personen_Prozent;57.0
2004;2867;Wittinsburg;Steuersatz_Ertrag_juristische_Personen_Prozent;4.5
2004;2867;Wittinsburg;Steuersatz_Kapital_juristische_Personen_Promille;5.0
2004;2868;Zeglingen;Steuerfuss_natürliche_Personen_Prozent;64.0
2004;2868;Zeglingen;Steuersatz_Ertrag_juristische_Personen_Prozent;4.5
2004;2868;Zeglingen;Steuersatz_Kapital_juristische_Personen_Promille;5.0
2004;2869;Zunzgen;Steuerfuss_natürliche_Personen_Prozent;60.0
2004;2869;Zunzgen;Steuersatz_Ertrag_juristische_Personen_Prozent;5.0
2004;2869;Zunzgen;Steuersatz_Kapital_juristische_Personen_Promille;5.0
2004;2881;Arboldswil;Steuerfuss_natürliche_Personen_Prozent;58.0
2004;2881;Arboldswil;Steuersatz_Ertrag_juristische_Personen_Prozent;4.5
2004;2881;Arboldswil;Steuersatz_Kapital_juristische_Personen_Promille;5.0
2004;2882;Bennwil;Steuerfuss_natürliche_Personen_Prozent;64.0
2004;2882;Bennwil;Steuersatz_Ertrag_juristische_Personen_Prozent;4.0
2004;2882;Bennwil;Steuersatz_Kapital_juristische_Personen_Promille;5.0
2004;2883;Bretzwil;Steuerfuss_natürliche_Personen_Prozent;61.0
2004;2883;Bretzwil;Steuersatz_Ertrag_juristische_Personen_Prozent;4.0
2004;2883;Bretzwil;Steuersatz_Kapital_juristische_Personen_Promille;5.0
2004;2884;Diegten;Steuerfuss_natürliche_Personen_Prozent;56.0
2004;2884;Diegten;Steuersatz_Ertrag_juristische_Personen_Prozent;4.0
2004;2884;Diegten;Steuersatz_Kapital_juristische_Personen_Promille;5.0
2004;2885;Eptingen;Steuerfuss_natürliche_Personen_Prozent;65.0
2004;2885;Eptingen;Steuersatz_Ertrag_juristische_Personen_Prozent;4.5
2004;2885;Eptingen;Steuersatz_Kapital_juristische_Personen_Promille;5.0
2004;2886;Hölstein;Steuerfuss_natürliche_Personen_Prozent;65.0
2004;2886;Hölstein;Steuersatz_Ertrag_juristische_Personen_Prozent;4.41
2004;2886;Hölstein;Steuersatz_Kapital_juristische_Personen_Promille;4.9
2004;2887;Lampenberg;Steuerfuss_natürliche_Personen_Prozent;60.0
2004;2887;Lampenberg;Steuersatz_Ertrag_juristische_Personen_Prozent;4.5
2004;2887;Lampenberg;Steuersatz_Kapital_juristische_Personen_Promille;5.0
2004;2888;Langenbruck;Steuerfuss_natürliche_Personen_Prozent;59.0
2004;2888;Langenbruck;Steuersatz_Ertrag_juristische_Personen_Prozent;4.5
2004;2888;Langenbruck;Steuersatz_Kapital_juristische_Personen_Promille;5.0
2004;2889;Lauwil;Steuerfuss_natürliche_Personen_Prozent;60.0
2004;2889;Lauwil;Steuersatz_Ertrag_juristische_Personen_Prozent;4.5
2004;2889;Lauwil;Steuersatz_Kapital_juristische_Personen_Promille;5.0
2004;2890;Liedertswil;Steuerfuss_natürliche_Personen_Prozent;62.0
2004;2890;Liedertswil;Steuersatz_Ertrag_juristische_Personen_Prozent;4.5
2004;2890;Liedertswil;Steuersatz_Kapital_juristische_Personen_Promille;5.0
2004;2891;Niederdorf;Steuerfuss_natürliche_Personen_Prozent;61.0
2004;2891;Niederdorf;Steuersatz_Ertrag_juristische_Personen_Prozent;4.5
2004;2891;Niederdorf;Steuersatz_Kapital_juristische_Personen_Promille;5.0
2004;2892;Oberdorf;Steuerfuss_natürliche_Personen_Prozent;65.0
2004;2892;Oberdorf;Steuersatz_Ertrag_juristische_Personen_Prozent;5.0
2004;2892;Oberdorf;Steuersatz_Kapital_juristische_Personen_Promille;5.0
2004;2893;Reigoldswil;Steuerfuss_natürliche_Personen_Prozent;62.0
2004;2893;Reigoldswil;Steuersatz_Ertrag_juristische_Personen_Prozent;4.5
2004;2893;Reigoldswil;Steuersatz_Kapital_juristische_Personen_Promille;5.0
2004;2894;Titterten;Steuerfuss_natürliche_Personen_Prozent;62.0
2004;2894;Titterten;Steuersatz_Ertrag_juristische_Personen_Prozent;4.5
2004;2894;Titterten;Steuersatz_Kapital_juristische_Personen_Promille;5.0
2004;2895;Waldenburg;Steuerfuss_natürliche_Personen_Prozent;67.0
2004;2895;Waldenburg;Steuersatz_Ertrag_juristische_Personen_Prozent;4.75
2004;2895;Waldenburg;Steuersatz_Kapital_juristische_Personen_Promille;5.25
2003;2761;Aesch;Steuerfuss_natürliche_Personen_Prozent;60.0
2003;2761;Aesch;Steuersatz_Ertrag_juristische_Personen_Prozent;4.9
2003;2761;Aesch;Steuersatz_Kapital_juristische_Personen_Promille;5.3
2003;2762;Allschwil;Steuerfuss_natürliche_Personen_Prozent;58.0
2003;2762;Allschwil;Steuersatz_Ertrag_juristische_Personen_Prozent;5.0
2003;2762;Allschwil;Steuersatz_Kapital_juristische_Personen_Promille;5.0
2003;2763;Arlesheim;Steuerfuss_natürliche_Personen_Prozent;45.0
2003;2763;Arlesheim;Steuersatz_Ertrag_juristische_Personen_Prozent;4.0
2003;2763;Arlesheim;Steuersatz_Kapital_juristische_Personen_Promille;5.0
2003;2764;Biel-Benken;Steuerfuss_natürliche_Personen_Prozent;49.0
2003;2764;Biel-Benken;Steuersatz_Ertrag_juristische_Personen_Prozent;3.5
2003;2764;Biel-Benken;Steuersatz_Kapital_juristische_Personen_Promille;5.0
2003;2765;Binningen;Steuerfuss_natürliche_Personen_Prozent;51.0
2003;2765;Binningen;Steuersatz_Ertrag_juristische_Personen_Prozent;4.0
2003;2765;Binningen;Steuersatz_Kapital_juristische_Personen_Promille;5.0
2003;2766;Birsfelden;Steuerfuss_natürliche_Personen_Prozent;62.0
2003;2766;Birsfelden;Steuersatz_Ertrag_juristische_Personen_Prozent;5.0
2003;2766;Birsfelden;Steuersatz_Kapital_juristische_Personen_Promille;5.5
2003;2767;Bottmingen;Steuerfuss_natürliche_Personen_Prozent;52.0
2003;2767;Bottmingen;Steuersatz_Ertrag_juristische_Personen_Prozent;4.5
2003;2767;Bottmingen;Steuersatz_Kapital_juristische_Personen_Promille;5.0
2003;2768;Ettingen;Steuerfuss_natürliche_Personen_Prozent;61.0
2003;2768;Ettingen;Steuersatz_Ertrag_juristische_Personen_Prozent;4.5
2003;2768;Ettingen;Steuersatz_Kapital_juristische_Personen_Promille;5.0
2003;2769;Münchenstein;Steuerfuss_natürliche_Personen_Prozent;60.0
2003;2769;Münchenstein;Steuersatz_Ertrag_juristische_Personen_Prozent;5.0
2003;2769;Münchenstein;Steuersatz_Kapital_juristische_Personen_Promille;5.5
2003;2770;Muttenz;Steuerfuss_natürliche_Personen_Prozent;56.0
2003;2770;Muttenz;Steuersatz_Ertrag_juristische_Personen_Prozent;5.0
2003;2770;Muttenz;Steuersatz_Kapital_juristische_Personen_Promille;5.5
2003;2771;Oberwil;Steuerfuss_natürliche_Personen_Prozent;48.0
2003;2771;Oberwil;Steuersatz_Ertrag_juristische_Personen_Prozent;4.0
2003;2771;Oberwil;Steuersatz_Kapital_juristische_Personen_Promille;5.0
2003;2772;Pfeffingen;Steuerfuss_natürliche_Personen_Prozent;50.0
2003;2772;Pfeffingen;Steuersatz_Ertrag_juristische_Personen_Prozent;4.4
2003;2772;Pfeffingen;Steuersatz_Kapital_juristische_Personen_Promille;5.0
2003;2773;Reinach;Steuerfuss_natürliche_Personen_Prozent;52.5
2003;2773;Reinach;Steuersatz_Ertrag_juristische_Personen_Prozent;4.8
2003;2773;Reinach;Steuersatz_Kapital_juristische_Personen_Promille;5.4
2003;2774;Schönenbuch;Steuerfuss_natürliche_Personen_Prozent;57.0
2003;2774;Schönenbuch;Steuersatz_Ertrag_juristische_Personen_Prozent;4.0
2003;2774;Schönenbuch;Steuersatz_Kapital_juristische_Personen_Promille;5.0
2003;2775;Therwil;Steuerfuss_natürliche_Personen_Prozent;52.0
2003;2775;Therwil;Steuersatz_Ertrag_juristische_Personen_Prozent;4.7
2003;2775;Therwil;Steuersatz_Kapital_juristische_Personen_Promille;5.2
2003;2781;Blauen;Steuerfuss_natürliche_Personen_Prozent;63.0
2003;2781;Blauen;Steuersatz_Ertrag_juristische_Personen_Prozent;4.0
2003;2781;Blauen;Steuersatz_Kapital_juristische_Personen_Promille;5.0
2003;2782;Brislach;Steuerfuss_natürliche_Personen_Prozent;60.0
2003;2782;Brislach;Steuersatz_Ertrag_juristische_Personen_Prozent;4.5
2003;2782;Brislach;Steuersatz_Kapital_juristische_Personen_Promille;5.0
2003;2783;Burg i.L.;Steuerfuss_natürliche_Personen_Prozent;64.0
2003;2783;Burg i.L.;Steuersatz_Ertrag_juristische_Personen_Prozent;3.0
2003;2783;Burg i.L.;Steuersatz_Kapital_juristische_Personen_Promille;5.0
2003;2784;Dittingen;Steuerfuss_natürliche_Personen_Prozent;63.0
2003;2784;Dittingen;Steuersatz_Ertrag_juristische_Personen_Prozent;4.0
2003;2784;Dittingen;Steuersatz_Kapital_juristische_Personen_Promille;5.0
2003;2785;Duggingen;Steuerfuss_natürliche_Personen_Prozent;62.0
2003;2785;Duggingen;Steuersatz_Ertrag_juristische_Personen_Prozent;4.5
2003;2785;Duggingen;Steuersatz_Kapital_juristische_Personen_Promille;5.0
2003;2786;Grellingen;Steuerfuss_natürliche_Personen_Prozent;60.0
2003;2786;Grellingen;Steuersatz_Ertrag_juristische_Personen_Prozent;4.0
2003;2786;Grellingen;Steuersatz_Kapital_juristische_Personen_Promille;4.5
2003;2787;Laufen;Steuerfuss_natürliche_Personen_Prozent;59.0
2003;2787;Laufen;Steuersatz_Ertrag_juristische_Personen_Prozent;4.5
2003;2787;Laufen;Steuersatz_Kapital_juristische_Personen_Promille;5.0
2003;2788;Liesberg;Steuerfuss_natürliche_Personen_Prozent;65.0
2003;2788;Liesberg;Steuersatz_Ertrag_juristische_Personen_Prozent;4.3
2003;2788;Liesberg;Steuersatz_Kapital_juristische_Personen_Promille;5.0
2003;2789;Nenzlingen;Steuerfuss_natürliche_Personen_Prozent;62.5
2003;2789;Nenzlingen;Steuersatz_Ertrag_juristische_Personen_Prozent;4.5
2003;2789;Nenzlingen;Steuersatz_Kapital_juristische_Personen_Promille;5.0
2003;2790;Roggenburg;Steuerfuss_natürliche_Personen_Prozent;62.5
2003;2790;Roggenburg;Steuersatz_Ertrag_juristische_Personen_Prozent;4.5
2003;2790;Roggenburg;Steuersatz_Kapital_juristische_Personen_Promille;5.0
2003;2791;Röschenz;Steuerfuss_natürliche_Personen_Prozent;62.0
2003;2791;Röschenz;Steuersatz_Ertrag_juristische_Personen_Prozent;3.5
2003;2791;Röschenz;Steuersatz_Kapital_juristische_Personen_Promille;3.5
2003;2792;Wahlen;Steuerfuss_natürliche_Personen_Prozent;60.0
2003;2792;Wahlen;Steuersatz_Ertrag_juristische_Personen_Prozent;4.3
2003;2792;Wahlen;Steuersatz_Kapital_juristische_Personen_Promille;5.0
2003;2793;Zwingen;Steuerfuss_natürliche_Personen_Prozent;59.0
2003;2793;Zwingen;Steuersatz_Ertrag_juristische_Personen_Prozent;4.2
2003;2793;Zwingen;Steuersatz_Kapital_juristische_Personen_Promille;5.0
2003;2821;Arisdorf;Steuerfuss_natürliche_Personen_Prozent;62.0
2003;2821;Arisdorf;Steuersatz_Ertrag_juristische_Personen_Prozent;4.5
2003;2821;Arisdorf;Steuersatz_Kapital_juristische_Personen_Promille;5.0
2003;2822;Augst;Steuerfuss_natürliche_Personen_Prozent;50.0
2003;2822;Augst;Steuersatz_Ertrag_juristische_Personen_Prozent;4.2
2003;2822;Augst;Steuersatz_Kapital_juristische_Personen_Promille;5.5
2003;2823;Bubendorf;Steuerfuss_natürliche_Personen_Prozent;63.0
2003;2823;Bubendorf;Steuersatz_Ertrag_juristische_Personen_Prozent;4.4
2003;2823;Bubendorf;Steuersatz_Kapital_juristische_Personen_Promille;5.0
2003;2824;Frenkendorf;Steuerfuss_natürliche_Personen_Prozent;57.0
2003;2824;Frenkendorf;Steuersatz_Ertrag_juristische_Personen_Prozent;4.5
2003;2824;Frenkendorf;Steuersatz_Kapital_juristische_Personen_Promille;5.0
2003;2825;Füllinsdorf;Steuerfuss_natürliche_Personen_Prozent;64.0
2003;2825;Füllinsdorf;Steuersatz_Ertrag_juristische_Personen_Prozent;5.0
2003;2825;Füllinsdorf;Steuersatz_Kapital_juristische_Personen_Promille;5.0
2003;2826;Giebenach;Steuerfuss_natürliche_Personen_Prozent;61.0
2003;2826;Giebenach;Steuersatz_Ertrag_juristische_Personen_Prozent;2.0
2003;2826;Giebenach;Steuersatz_Kapital_juristische_Personen_Promille;5.0
2003;2827;Hersberg;Steuerfuss_natürliche_Personen_Prozent;58.0
2003;2827;Hersberg;Steuersatz_Ertrag_juristische_Personen_Prozent;4.5
2003;2827;Hersberg;Steuersatz_Kapital_juristische_Personen_Promille;5.0
2003;2828;Lausen;Steuerfuss_natürliche_Personen_Prozent;53.0
2003;2828;Lausen;Steuersatz_Ertrag_juristische_Personen_Prozent;3.7
2003;2828;Lausen;Steuersatz_Kapital_juristische_Personen_Promille;5.3
2003;2829;Liestal;Steuerfuss_natürliche_Personen_Prozent;67.0
2003;2829;Liestal;Steuersatz_Ertrag_juristische_Personen_Prozent;5.0
2003;2829;Liestal;Steuersatz_Kapital_juristische_Personen_Promille;5.5
2003;2830;Lupsingen;Steuerfuss_natürliche_Personen_Prozent;60.0
2003;2830;Lupsingen;Steuersatz_Ertrag_juristische_Personen_Prozent;3.5
2003;2830;Lupsingen;Steuersatz_Kapital_juristische_Personen_Promille;5.0
2003;2831;Pratteln;Steuerfuss_natürliche_Personen_Prozent;63.8
2003;2831;Pratteln;Steuersatz_Ertrag_juristische_Personen_Prozent;4.95
2003;2831;Pratteln;Steuersatz_Kapital_juristische_Personen_Promille;5.5
2003;2832;Ramlinsburg;Steuerfuss_natürliche_Personen_Prozent;65.0
2003;2832;Ramlinsburg;Steuersatz_Ertrag_juristische_Personen_Prozent;3.5
2003;2832;Ramlinsburg;Steuersatz_Kapital_juristische_Personen_Promille;3.5
2003;2833;Seltisberg;Steuerfuss_natürliche_Personen_Prozent;55.0
2003;2833;Seltisberg;Steuersatz_Ertrag_juristische_Personen_Prozent;4.0
2003;2833;Seltisberg;Steuersatz_Kapital_juristische_Personen_Promille;4.0
2003;2834;Ziefen;Steuerfuss_natürliche_Personen_Prozent;63.0
2003;2834;Ziefen;Steuersatz_Ertrag_juristische_Personen_Prozent;5.0
2003;2834;Ziefen;Steuersatz_Kapital_juristische_Personen_Promille;5.0
2003;2841;Anwil;Steuerfuss_natürliche_Personen_Prozent;60.0
2003;2841;Anwil;Steuersatz_Ertrag_juristische_Personen_Prozent;4.5
2003;2841;Anwil;Steuersatz_Kapital_juristische_Personen_Promille;5.0
2003;2842;Böckten;Steuerfuss_natürliche_Personen_Prozent;59.0
2003;2842;Böckten;Steuersatz_Ertrag_juristische_Personen_Prozent;4.5
2003;2842;Böckten;Steuersatz_Kapital_juristische_Personen_Promille;4.5
2003;2843;Buckten;Steuerfuss_natürliche_Personen_Prozent;64.0
2003;2843;Buckten;Steuersatz_Ertrag_juristische_Personen_Prozent;4.5
2003;2843;Buckten;Steuersatz_Kapital_juristische_Personen_Promille;5.0
2003;2844;Buus;Steuerfuss_natürliche_Personen_Prozent;62.0
2003;2844;Buus;Steuersatz_Ertrag_juristische_Personen_Prozent;4.5
2003;2844;Buus;Steuersatz_Kapital_juristische_Personen_Promille;5.0
2003;2845;Diepflingen;Steuerfuss_natürliche_Personen_Prozent;65.0
2003;2845;Diepflingen;Steuersatz_Ertrag_juristische_Personen_Prozent;4.5
2003;2845;Diepflingen;Steuersatz_Kapital_juristische_Personen_Promille;5.0
2003;2846;Gelterkinden;Steuerfuss_natürliche_Personen_Prozent;59.0
2003;2846;Gelterkinden;Steuersatz_Ertrag_juristische_Personen_Prozent;3.8
2003;2846;Gelterkinden;Steuersatz_Kapital_juristische_Personen_Promille;4.5
2003;2847;Häfelfingen;Steuerfuss_natürliche_Personen_Prozent;61.0
2003;2847;Häfelfingen;Steuersatz_Ertrag_juristische_Personen_Prozent;4.0
2003;2847;Häfelfingen;Steuersatz_Kapital_juristische_Personen_Promille;4.0
2003;2848;Hemmiken;Steuerfuss_natürliche_Personen_Prozent;65.0
2003;2848;Hemmiken;Steuersatz_Ertrag_juristische_Personen_Prozent;4.5
2003;2848;Hemmiken;Steuersatz_Kapital_juristische_Personen_Promille;5.0
2003;2849;Itingen;Steuerfuss_natürliche_Personen_Prozent;61.0
2003;2849;Itingen;Steuersatz_Ertrag_juristische_Personen_Prozent;4.2
2003;2849;Itingen;Steuersatz_Kapital_juristische_Personen_Promille;5.0
2003;2850;Känerkinden;Steuerfuss_natürliche_Personen_Prozent;55.0
2003;2850;Känerkinden;Steuersatz_Ertrag_juristische_Personen_Prozent;2.0
2003;2850;Känerkinden;Steuersatz_Kapital_juristische_Personen_Promille;5.0
2003;2851;Kilchberg;Steuerfuss_natürliche_Personen_Prozent;62.0
2003;2851;Kilchberg;Steuersatz_Ertrag_juristische_Personen_Prozent;4.5
2003;2851;Kilchberg;Steuersatz_Kapital_juristische_Personen_Promille;5.0
2003;2852;Läufelfingen;Steuerfuss_natürliche_Personen_Prozent;64.2
2003;2852;Läufelfingen;Steuersatz_Ertrag_juristische_Personen_Prozent;4.3
2003;2852;Läufelfingen;Steuersatz_Kapital_juristische_Personen_Promille;5.0
2003;2853;Maisprach;Steuerfuss_natürliche_Personen_Prozent;62.0
2003;2853;Maisprach;Steuersatz_Ertrag_juristische_Personen_Prozent;4.5
2003;2853;Maisprach;Steuersatz_Kapital_juristische_Personen_Promille;5.0
2003;2854;Nusshof;Steuerfuss_natürliche_Personen_Prozent;55.0
2003;2854;Nusshof;Steuersatz_Ertrag_juristische_Personen_Prozent;4.5
2003;2854;Nusshof;Steuersatz_Kapital_juristische_Personen_Promille;5.0
2003;2855;Oltingen;Steuerfuss_natürliche_Personen_Prozent;65.0
2003;2855;Oltingen;Steuersatz_Ertrag_juristische_Personen_Prozent;4.5
2003;2855;Oltingen;Steuersatz_Kapital_juristische_Personen_Promille;5.0
2003;2856;Ormalingen;Steuerfuss_natürliche_Personen_Prozent;61.0
2003;2856;Ormalingen;Steuersatz_Ertrag_juristische_Personen_Prozent;5.0
2003;2856;Ormalingen;Steuersatz_Kapital_juristische_Personen_Promille;5.5
2003;2857;Rickenbach;Steuerfuss_natürliche_Personen_Prozent;65.0
2003;2857;Rickenbach;Steuersatz_Ertrag_juristische_Personen_Prozent;4.5
2003;2857;Rickenbach;Steuersatz_Kapital_juristische_Personen_Promille;5.0
2003;2858;Rothenfluh;Steuerfuss_natürliche_Personen_Prozent;62.0
2003;2858;Rothenfluh;Steuersatz_Ertrag_juristische_Personen_Prozent;5.0
2003;2858;Rothenfluh;Steuersatz_Kapital_juristische_Personen_Promille;5.5
2003;2859;Rümlingen;Steuerfuss_natürliche_Personen_Prozent;63.0
2003;2859;Rümlingen;Steuersatz_Ertrag_juristische_Personen_Prozent;4.5
2003;2859;Rümlingen;Steuersatz_Kapital_juristische_Personen_Promille;4.5
2003;2860;Rünenberg;Steuerfuss_natürliche_Personen_Prozent;65.0
2003;2860;Rünenberg;Steuersatz_Ertrag_juristische_Personen_Prozent;4.5
2003;2860;Rünenberg;Steuersatz_Kapital_juristische_Personen_Promille;5.0
2003;2861;Sissach;Steuerfuss_natürliche_Personen_Prozent;61.0
2003;2861;Sissach;Steuersatz_Ertrag_juristische_Personen_Prozent;4.5
2003;2861;Sissach;Steuersatz_Kapital_juristische_Personen_Promille;5.0
2003;2862;Tecknau;Steuerfuss_natürliche_Personen_Prozent;65.0
2003;2862;Tecknau;Steuersatz_Ertrag_juristische_Personen_Prozent;4.1
2003;2862;Tecknau;Steuersatz_Kapital_juristische_Personen_Promille;5.0
2003;2863;Tenniken;Steuerfuss_natürliche_Personen_Prozent;60.0
2003;2863;Tenniken;Steuersatz_Ertrag_juristische_Personen_Prozent;4.5
2003;2863;Tenniken;Steuersatz_Kapital_juristische_Personen_Promille;5.0
2003;2864;Thürnen;Steuerfuss_natürliche_Personen_Prozent;52.0
2003;2864;Thürnen;Steuersatz_Ertrag_juristische_Personen_Prozent;4.0
2003;2864;Thürnen;Steuersatz_Kapital_juristische_Personen_Promille;4.0
2003;2865;Wenslingen;Steuerfuss_natürliche_Personen_Prozent;58.0
2003;2865;Wenslingen;Steuersatz_Ertrag_juristische_Personen_Prozent;4.5
2003;2865;Wenslingen;Steuersatz_Kapital_juristische_Personen_Promille;5.0
2003;2866;Wintersingen;Steuerfuss_natürliche_Personen_Prozent;57.0
2003;2866;Wintersingen;Steuersatz_Ertrag_juristische_Personen_Prozent;4.5
2003;2866;Wintersingen;Steuersatz_Kapital_juristische_Personen_Promille;5.0
2003;2867;Wittinsburg;Steuerfuss_natürliche_Personen_Prozent;57.0
2003;2867;Wittinsburg;Steuersatz_Ertrag_juristische_Personen_Prozent;4.5
2003;2867;Wittinsburg;Steuersatz_Kapital_juristische_Personen_Promille;5.0
2003;2868;Zeglingen;Steuerfuss_natürliche_Personen_Prozent;64.0
2003;2868;Zeglingen;Steuersatz_Ertrag_juristische_Personen_Prozent;4.5
2003;2868;Zeglingen;Steuersatz_Kapital_juristische_Personen_Promille;5.0
2003;2869;Zunzgen;Steuerfuss_natürliche_Personen_Prozent;60.0
2003;2869;Zunzgen;Steuersatz_Ertrag_juristische_Personen_Prozent;5.0
2003;2869;Zunzgen;Steuersatz_Kapital_juristische_Personen_Promille;5.0
2003;2881;Arboldswil;Steuerfuss_natürliche_Personen_Prozent;58.0
2003;2881;Arboldswil;Steuersatz_Ertrag_juristische_Personen_Prozent;4.5
2003;2881;Arboldswil;Steuersatz_Kapital_juristische_Personen_Promille;5.0
2003;2882;Bennwil;Steuerfuss_natürliche_Personen_Prozent;64.0
2003;2882;Bennwil;Steuersatz_Ertrag_juristische_Personen_Prozent;4.0
2003;2882;Bennwil;Steuersatz_Kapital_juristische_Personen_Promille;5.0
2003;2883;Bretzwil;Steuerfuss_natürliche_Personen_Prozent;61.0
2003;2883;Bretzwil;Steuersatz_Ertrag_juristische_Personen_Prozent;4.0
2003;2883;Bretzwil;Steuersatz_Kapital_juristische_Personen_Promille;5.0
2003;2884;Diegten;Steuerfuss_natürliche_Personen_Prozent;56.0
2003;2884;Diegten;Steuersatz_Ertrag_juristische_Personen_Prozent;4.0
2003;2884;Diegten;Steuersatz_Kapital_juristische_Personen_Promille;5.0
2003;2885;Eptingen;Steuerfuss_natürliche_Personen_Prozent;65.0
2003;2885;Eptingen;Steuersatz_Ertrag_juristische_Personen_Prozent;4.5
2003;2885;Eptingen;Steuersatz_Kapital_juristische_Personen_Promille;5.0
2003;2886;Hölstein;Steuerfuss_natürliche_Personen_Prozent;65.0
2003;2886;Hölstein;Steuersatz_Ertrag_juristische_Personen_Prozent;4.41
2003;2886;Hölstein;Steuersatz_Kapital_juristische_Personen_Promille;4.9
2003;2887;Lampenberg;Steuerfuss_natürliche_Personen_Prozent;60.0
2003;2887;Lampenberg;Steuersatz_Ertrag_juristische_Personen_Prozent;4.5
2003;2887;Lampenberg;Steuersatz_Kapital_juristische_Personen_Promille;5.0
2003;2888;Langenbruck;Steuerfuss_natürliche_Personen_Prozent;59.0
2003;2888;Langenbruck;Steuersatz_Ertrag_juristische_Personen_Prozent;4.5
2003;2888;Langenbruck;Steuersatz_Kapital_juristische_Personen_Promille;5.0
2003;2889;Lauwil;Steuerfuss_natürliche_Personen_Prozent;60.0
2003;2889;Lauwil;Steuersatz_Ertrag_juristische_Personen_Prozent;4.5
2003;2889;Lauwil;Steuersatz_Kapital_juristische_Personen_Promille;5.0
2003;2890;Liedertswil;Steuerfuss_natürliche_Personen_Prozent;62.0
2003;2890;Liedertswil;Steuersatz_Ertrag_juristische_Personen_Prozent;4.5
2003;2890;Liedertswil;Steuersatz_Kapital_juristische_Personen_Promille;5.0
2003;2891;Niederdorf;Steuerfuss_natürliche_Personen_Prozent;61.0
2003;2891;Niederdorf;Steuersatz_Ertrag_juristische_Personen_Prozent;4.5
2003;2891;Niederdorf;Steuersatz_Kapital_juristische_Personen_Promille;5.0
2003;2892;Oberdorf;Steuerfuss_natürliche_Personen_Prozent;65.0
2003;2892;Oberdorf;Steuersatz_Ertrag_juristische_Personen_Prozent;5.0
2003;2892;Oberdorf;Steuersatz_Kapital_juristische_Personen_Promille;5.0
2003;2893;Reigoldswil;Steuerfuss_natürliche_Personen_Prozent;62.0
2003;2893;Reigoldswil;Steuersatz_Ertrag_juristische_Personen_Prozent;4.5
2003;2893;Reigoldswil;Steuersatz_Kapital_juristische_Personen_Promille;5.0
2003;2894;Titterten;Steuerfuss_natürliche_Personen_Prozent;62.0
2003;2894;Titterten;Steuersatz_Ertrag_juristische_Personen_Prozent;4.5
2003;2894;Titterten;Steuersatz_Kapital_juristische_Personen_Promille;5.0
2003;2895;Waldenburg;Steuerfuss_natürliche_Personen_Prozent;67.0
2003;2895;Waldenburg;Steuersatz_Ertrag_juristische_Personen_Prozent;4.75
2003;2895;Waldenburg;Steuersatz_Kapital_juristische_Personen_Promille;5.25
2002;2761;Aesch;Steuerfuss_natürliche_Personen_Prozent;60.0
2002;2761;Aesch;Steuersatz_Ertrag_juristische_Personen_Prozent;4.9
2002;2761;Aesch;Steuersatz_Kapital_juristische_Personen_Promille;5.3
2002;2762;Allschwil;Steuerfuss_natürliche_Personen_Prozent;57.0
2002;2762;Allschwil;Steuersatz_Ertrag_juristische_Personen_Prozent;5.0
2002;2762;Allschwil;Steuersatz_Kapital_juristische_Personen_Promille;5.0
2002;2763;Arlesheim;Steuerfuss_natürliche_Personen_Prozent;45.0
2002;2763;Arlesheim;Steuersatz_Ertrag_juristische_Personen_Prozent;4.0
2002;2763;Arlesheim;Steuersatz_Kapital_juristische_Personen_Promille;5.0
2002;2764;Biel-Benken;Steuerfuss_natürliche_Personen_Prozent;49.0
2002;2764;Biel-Benken;Steuersatz_Ertrag_juristische_Personen_Prozent;3.5
2002;2764;Biel-Benken;Steuersatz_Kapital_juristische_Personen_Promille;5.0
2002;2765;Binningen;Steuerfuss_natürliche_Personen_Prozent;51.0
2002;2765;Binningen;Steuersatz_Ertrag_juristische_Personen_Prozent;4.0
2002;2765;Binningen;Steuersatz_Kapital_juristische_Personen_Promille;5.0
2002;2766;Birsfelden;Steuerfuss_natürliche_Personen_Prozent;62.0
2002;2766;Birsfelden;Steuersatz_Ertrag_juristische_Personen_Prozent;5.0
2002;2766;Birsfelden;Steuersatz_Kapital_juristische_Personen_Promille;5.5
2002;2767;Bottmingen;Steuerfuss_natürliche_Personen_Prozent;54.0
2002;2767;Bottmingen;Steuersatz_Ertrag_juristische_Personen_Prozent;4.5
2002;2767;Bottmingen;Steuersatz_Kapital_juristische_Personen_Promille;5.0
2002;2768;Ettingen;Steuerfuss_natürliche_Personen_Prozent;61.0
2002;2768;Ettingen;Steuersatz_Ertrag_juristische_Personen_Prozent;4.5
2002;2768;Ettingen;Steuersatz_Kapital_juristische_Personen_Promille;5.0
2002;2769;Münchenstein;Steuerfuss_natürliche_Personen_Prozent;57.5
2002;2769;Münchenstein;Steuersatz_Ertrag_juristische_Personen_Prozent;5.0
2002;2769;Münchenstein;Steuersatz_Kapital_juristische_Personen_Promille;5.5
2002;2770;Muttenz;Steuerfuss_natürliche_Personen_Prozent;56.0
2002;2770;Muttenz;Steuersatz_Ertrag_juristische_Personen_Prozent;5.0
2002;2770;Muttenz;Steuersatz_Kapital_juristische_Personen_Promille;5.5
2002;2771;Oberwil;Steuerfuss_natürliche_Personen_Prozent;48.0
2002;2771;Oberwil;Steuersatz_Ertrag_juristische_Personen_Prozent;4.0
2002;2771;Oberwil;Steuersatz_Kapital_juristische_Personen_Promille;5.0
2002;2772;Pfeffingen;Steuerfuss_natürliche_Personen_Prozent;50.0
2002;2772;Pfeffingen;Steuersatz_Ertrag_juristische_Personen_Prozent;4.4
2002;2772;Pfeffingen;Steuersatz_Kapital_juristische_Personen_Promille;5.0
2002;2773;Reinach;Steuerfuss_natürliche_Personen_Prozent;52.5
2002;2773;Reinach;Steuersatz_Ertrag_juristische_Personen_Prozent;4.8
2002;2773;Reinach;Steuersatz_Kapital_juristische_Personen_Promille;5.4
2002;2774;Schönenbuch;Steuerfuss_natürliche_Personen_Prozent;57.0
2002;2774;Schönenbuch;Steuersatz_Ertrag_juristische_Personen_Prozent;4.0
2002;2774;Schönenbuch;Steuersatz_Kapital_juristische_Personen_Promille;5.0
2002;2775;Therwil;Steuerfuss_natürliche_Personen_Prozent;52.0
2002;2775;Therwil;Steuersatz_Ertrag_juristische_Personen_Prozent;4.7
2002;2775;Therwil;Steuersatz_Kapital_juristische_Personen_Promille;5.2
2002;2781;Blauen;Steuerfuss_natürliche_Personen_Prozent;60.0
2002;2781;Blauen;Steuersatz_Ertrag_juristische_Personen_Prozent;4.0
2002;2781;Blauen;Steuersatz_Kapital_juristische_Personen_Promille;5.0
2002;2782;Brislach;Steuerfuss_natürliche_Personen_Prozent;60.0
2002;2782;Brislach;Steuersatz_Ertrag_juristische_Personen_Prozent;4.5
2002;2782;Brislach;Steuersatz_Kapital_juristische_Personen_Promille;5.0
2002;2783;Burg i.L.;Steuerfuss_natürliche_Personen_Prozent;64.0
2002;2783;Burg i.L.;Steuersatz_Ertrag_juristische_Personen_Prozent;3.0
2002;2783;Burg i.L.;Steuersatz_Kapital_juristische_Personen_Promille;5.0
2002;2784;Dittingen;Steuerfuss_natürliche_Personen_Prozent;63.0
2002;2784;Dittingen;Steuersatz_Ertrag_juristische_Personen_Prozent;4.0
2002;2784;Dittingen;Steuersatz_Kapital_juristische_Personen_Promille;5.0
2002;2785;Duggingen;Steuerfuss_natürliche_Personen_Prozent;64.0
2002;2785;Duggingen;Steuersatz_Ertrag_juristische_Personen_Prozent;4.5
2002;2785;Duggingen;Steuersatz_Kapital_juristische_Personen_Promille;5.0
2002;2786;Grellingen;Steuerfuss_natürliche_Personen_Prozent;60.0
2002;2786;Grellingen;Steuersatz_Ertrag_juristische_Personen_Prozent;4.0
2002;2786;Grellingen;Steuersatz_Kapital_juristische_Personen_Promille;4.5
2002;2787;Laufen;Steuerfuss_natürliche_Personen_Prozent;59.0
2002;2787;Laufen;Steuersatz_Ertrag_juristische_Personen_Prozent;4.5
2002;2787;Laufen;Steuersatz_Kapital_juristische_Personen_Promille;5.0
2002;2788;Liesberg;Steuerfuss_natürliche_Personen_Prozent;65.0
2002;2788;Liesberg;Steuersatz_Ertrag_juristische_Personen_Prozent;4.3
2002;2788;Liesberg;Steuersatz_Kapital_juristische_Personen_Promille;5.0
2002;2789;Nenzlingen;Steuerfuss_natürliche_Personen_Prozent;62.5
2002;2789;Nenzlingen;Steuersatz_Ertrag_juristische_Personen_Prozent;4.5
2002;2789;Nenzlingen;Steuersatz_Kapital_juristische_Personen_Promille;5.0
2002;2790;Roggenburg;Steuerfuss_natürliche_Personen_Prozent;62.5
2002;2790;Roggenburg;Steuersatz_Ertrag_juristische_Personen_Prozent;4.5
2002;2790;Roggenburg;Steuersatz_Kapital_juristische_Personen_Promille;5.0
2002;2791;Röschenz;Steuerfuss_natürliche_Personen_Prozent;62.0
2002;2791;Röschenz;Steuersatz_Ertrag_juristische_Personen_Prozent;3.5
2002;2791;Röschenz;Steuersatz_Kapital_juristische_Personen_Promille;3.5
2002;2792;Wahlen;Steuerfuss_natürliche_Personen_Prozent;60.0
2002;2792;Wahlen;Steuersatz_Ertrag_juristische_Personen_Prozent;4.3
2002;2792;Wahlen;Steuersatz_Kapital_juristische_Personen_Promille;5.0
2002;2793;Zwingen;Steuerfuss_natürliche_Personen_Prozent;59.0
2002;2793;Zwingen;Steuersatz_Ertrag_juristische_Personen_Prozent;4.2
2002;2793;Zwingen;Steuersatz_Kapital_juristische_Personen_Promille;5.0
2002;2821;Arisdorf;Steuerfuss_natürliche_Personen_Prozent;62.0
2002;2821;Arisdorf;Steuersatz_Ertrag_juristische_Personen_Prozent;4.5
2002;2821;Arisdorf;Steuersatz_Kapital_juristische_Personen_Promille;5.0
2002;2822;Augst;Steuerfuss_natürliche_Personen_Prozent;50.0
2002;2822;Augst;Steuersatz_Ertrag_juristische_Personen_Prozent;4.2
2002;2822;Augst;Steuersatz_Kapital_juristische_Personen_Promille;5.5
2002;2823;Bubendorf;Steuerfuss_natürliche_Personen_Prozent;60.5
2002;2823;Bubendorf;Steuersatz_Ertrag_juristische_Personen_Prozent;3.3
2002;2823;Bubendorf;Steuersatz_Kapital_juristische_Personen_Promille;4.4
2002;2824;Frenkendorf;Steuerfuss_natürliche_Personen_Prozent;57.0
2002;2824;Frenkendorf;Steuersatz_Ertrag_juristische_Personen_Prozent;4.5
2002;2824;Frenkendorf;Steuersatz_Kapital_juristische_Personen_Promille;5.0
2002;2825;Füllinsdorf;Steuerfuss_natürliche_Personen_Prozent;64.0
2002;2825;Füllinsdorf;Steuersatz_Ertrag_juristische_Personen_Prozent;5.0
2002;2825;Füllinsdorf;Steuersatz_Kapital_juristische_Personen_Promille;5.0
2002;2826;Giebenach;Steuerfuss_natürliche_Personen_Prozent;65.0
2002;2826;Giebenach;Steuersatz_Ertrag_juristische_Personen_Prozent;2.0
2002;2826;Giebenach;Steuersatz_Kapital_juristische_Personen_Promille;5.0
2002;2827;Hersberg;Steuerfuss_natürliche_Personen_Prozent;58.0
2002;2827;Hersberg;Steuersatz_Ertrag_juristische_Personen_Prozent;4.5
2002;2827;Hersberg;Steuersatz_Kapital_juristische_Personen_Promille;5.0
2002;2828;Lausen;Steuerfuss_natürliche_Personen_Prozent;53.0
2002;2828;Lausen;Steuersatz_Ertrag_juristische_Personen_Prozent;3.7
2002;2828;Lausen;Steuersatz_Kapital_juristische_Personen_Promille;5.3
2002;2829;Liestal;Steuerfuss_natürliche_Personen_Prozent;67.0
2002;2829;Liestal;Steuersatz_Ertrag_juristische_Personen_Prozent;5.0
2002;2829;Liestal;Steuersatz_Kapital_juristische_Personen_Promille;5.5
2002;2830;Lupsingen;Steuerfuss_natürliche_Personen_Prozent;60.0
2002;2830;Lupsingen;Steuersatz_Ertrag_juristische_Personen_Prozent;3.5
2002;2830;Lupsingen;Steuersatz_Kapital_juristische_Personen_Promille;5.0
2002;2831;Pratteln;Steuerfuss_natürliche_Personen_Prozent;63.8
2002;2831;Pratteln;Steuersatz_Ertrag_juristische_Personen_Prozent;5.0
2002;2831;Pratteln;Steuersatz_Kapital_juristische_Personen_Promille;5.5
2002;2832;Ramlinsburg;Steuerfuss_natürliche_Personen_Prozent;65.0
2002;2832;Ramlinsburg;Steuersatz_Ertrag_juristische_Personen_Prozent;3.5
2002;2832;Ramlinsburg;Steuersatz_Kapital_juristische_Personen_Promille;3.5
2002;2833;Seltisberg;Steuerfuss_natürliche_Personen_Prozent;55.0
2002;2833;Seltisberg;Steuersatz_Ertrag_juristische_Personen_Prozent;4.0
2002;2833;Seltisberg;Steuersatz_Kapital_juristische_Personen_Promille;4.0
2002;2834;Ziefen;Steuerfuss_natürliche_Personen_Prozent;63.0
2002;2834;Ziefen;Steuersatz_Ertrag_juristische_Personen_Prozent;5.0
2002;2834;Ziefen;Steuersatz_Kapital_juristische_Personen_Promille;5.0
2002;2841;Anwil;Steuerfuss_natürliche_Personen_Prozent;57.0
2002;2841;Anwil;Steuersatz_Ertrag_juristische_Personen_Prozent;4.5
2002;2841;Anwil;Steuersatz_Kapital_juristische_Personen_Promille;5.0
2002;2842;Böckten;Steuerfuss_natürliche_Personen_Prozent;59.0
2002;2842;Böckten;Steuersatz_Ertrag_juristische_Personen_Prozent;4.5
2002;2842;Böckten;Steuersatz_Kapital_juristische_Personen_Promille;4.5
2002;2843;Buckten;Steuerfuss_natürliche_Personen_Prozent;64.0
2002;2843;Buckten;Steuersatz_Ertrag_juristische_Personen_Prozent;4.5
2002;2843;Buckten;Steuersatz_Kapital_juristische_Personen_Promille;5.0
2002;2844;Buus;Steuerfuss_natürliche_Personen_Prozent;62.0
2002;2844;Buus;Steuersatz_Ertrag_juristische_Personen_Prozent;4.5
2002;2844;Buus;Steuersatz_Kapital_juristische_Personen_Promille;5.0
2002;2845;Diepflingen;Steuerfuss_natürliche_Personen_Prozent;65.0
2002;2845;Diepflingen;Steuersatz_Ertrag_juristische_Personen_Prozent;4.5
2002;2845;Diepflingen;Steuersatz_Kapital_juristische_Personen_Promille;5.0
2002;2846;Gelterkinden;Steuerfuss_natürliche_Personen_Prozent;59.0
2002;2846;Gelterkinden;Steuersatz_Ertrag_juristische_Personen_Prozent;3.8
2002;2846;Gelterkinden;Steuersatz_Kapital_juristische_Personen_Promille;4.5
2002;2847;Häfelfingen;Steuerfuss_natürliche_Personen_Prozent;61.0
2002;2847;Häfelfingen;Steuersatz_Ertrag_juristische_Personen_Prozent;4.0
2002;2847;Häfelfingen;Steuersatz_Kapital_juristische_Personen_Promille;4.0
2002;2848;Hemmiken;Steuerfuss_natürliche_Personen_Prozent;65.0
2002;2848;Hemmiken;Steuersatz_Ertrag_juristische_Personen_Prozent;4.5
2002;2848;Hemmiken;Steuersatz_Kapital_juristische_Personen_Promille;5.0
2002;2849;Itingen;Steuerfuss_natürliche_Personen_Prozent;61.0
2002;2849;Itingen;Steuersatz_Ertrag_juristische_Personen_Prozent;4.2
2002;2849;Itingen;Steuersatz_Kapital_juristische_Personen_Promille;5.0
2002;2850;Känerkinden;Steuerfuss_natürliche_Personen_Prozent;58.0
2002;2850;Känerkinden;Steuersatz_Ertrag_juristische_Personen_Prozent;2.0
2002;2850;Känerkinden;Steuersatz_Kapital_juristische_Personen_Promille;5.0
2002;2851;Kilchberg;Steuerfuss_natürliche_Personen_Prozent;62.0
2002;2851;Kilchberg;Steuersatz_Ertrag_juristische_Personen_Prozent;4.5
2002;2851;Kilchberg;Steuersatz_Kapital_juristische_Personen_Promille;5.0
2002;2852;Läufelfingen;Steuerfuss_natürliche_Personen_Prozent;64.2
2002;2852;Läufelfingen;Steuersatz_Ertrag_juristische_Personen_Prozent;4.0
2002;2852;Läufelfingen;Steuersatz_Kapital_juristische_Personen_Promille;5.0
2002;2853;Maisprach;Steuerfuss_natürliche_Personen_Prozent;62.0
2002;2853;Maisprach;Steuersatz_Ertrag_juristische_Personen_Prozent;4.5
2002;2853;Maisprach;Steuersatz_Kapital_juristische_Personen_Promille;5.0
2002;2854;Nusshof;Steuerfuss_natürliche_Personen_Prozent;55.0
2002;2854;Nusshof;Steuersatz_Ertrag_juristische_Personen_Prozent;4.5
2002;2854;Nusshof;Steuersatz_Kapital_juristische_Personen_Promille;5.0
2002;2855;Oltingen;Steuerfuss_natürliche_Personen_Prozent;65.0
2002;2855;Oltingen;Steuersatz_Ertrag_juristische_Personen_Prozent;4.5
2002;2855;Oltingen;Steuersatz_Kapital_juristische_Personen_Promille;5.0
2002;2856;Ormalingen;Steuerfuss_natürliche_Personen_Prozent;61.0
2002;2856;Ormalingen;Steuersatz_Ertrag_juristische_Personen_Prozent;5.0
2002;2856;Ormalingen;Steuersatz_Kapital_juristische_Personen_Promille;5.5
2002;2857;Rickenbach;Steuerfuss_natürliche_Personen_Prozent;65.0
2002;2857;Rickenbach;Steuersatz_Ertrag_juristische_Personen_Prozent;4.5
2002;2857;Rickenbach;Steuersatz_Kapital_juristische_Personen_Promille;5.0
2002;2858;Rothenfluh;Steuerfuss_natürliche_Personen_Prozent;62.0
2002;2858;Rothenfluh;Steuersatz_Ertrag_juristische_Personen_Prozent;5.0
2002;2858;Rothenfluh;Steuersatz_Kapital_juristische_Personen_Promille;5.5
2002;2859;Rümlingen;Steuerfuss_natürliche_Personen_Prozent;63.0
2002;2859;Rümlingen;Steuersatz_Ertrag_juristische_Personen_Prozent;4.5
2002;2859;Rümlingen;Steuersatz_Kapital_juristische_Personen_Promille;4.5
2002;2860;Rünenberg;Steuerfuss_natürliche_Personen_Prozent;65.0
2002;2860;Rünenberg;Steuersatz_Ertrag_juristische_Personen_Prozent;4.5
2002;2860;Rünenberg;Steuersatz_Kapital_juristische_Personen_Promille;5.0
2002;2861;Sissach;Steuerfuss_natürliche_Personen_Prozent;63.0
2002;2861;Sissach;Steuersatz_Ertrag_juristische_Personen_Prozent;4.5
2002;2861;Sissach;Steuersatz_Kapital_juristische_Personen_Promille;5.0
2002;2862;Tecknau;Steuerfuss_natürliche_Personen_Prozent;65.0
2002;2862;Tecknau;Steuersatz_Ertrag_juristische_Personen_Prozent;4.1
2002;2862;Tecknau;Steuersatz_Kapital_juristische_Personen_Promille;5.0
2002;2863;Tenniken;Steuerfuss_natürliche_Personen_Prozent;60.0
2002;2863;Tenniken;Steuersatz_Ertrag_juristische_Personen_Prozent;4.5
2002;2863;Tenniken;Steuersatz_Kapital_juristische_Personen_Promille;5.0
2002;2864;Thürnen;Steuerfuss_natürliche_Personen_Prozent;52.0
2002;2864;Thürnen;Steuersatz_Ertrag_juristische_Personen_Prozent;4.0
2002;2864;Thürnen;Steuersatz_Kapital_juristische_Personen_Promille;4.0
2002;2865;Wenslingen;Steuerfuss_natürliche_Personen_Prozent;58.0
2002;2865;Wenslingen;Steuersatz_Ertrag_juristische_Personen_Prozent;4.5
2002;2865;Wenslingen;Steuersatz_Kapital_juristische_Personen_Promille;5.0
2002;2866;Wintersingen;Steuerfuss_natürliche_Personen_Prozent;57.0
2002;2866;Wintersingen;Steuersatz_Ertrag_juristische_Personen_Prozent;4.5
2002;2866;Wintersingen;Steuersatz_Kapital_juristische_Personen_Promille;5.0
2002;2867;Wittinsburg;Steuerfuss_natürliche_Personen_Prozent;57.0
2002;2867;Wittinsburg;Steuersatz_Ertrag_juristische_Personen_Prozent;4.5
2002;2867;Wittinsburg;Steuersatz_Kapital_juristische_Personen_Promille;5.0
2002;2868;Zeglingen;Steuerfuss_natürliche_Personen_Prozent;64.0
2002;2868;Zeglingen;Steuersatz_Ertrag_juristische_Personen_Prozent;4.5
2002;2868;Zeglingen;Steuersatz_Kapital_juristische_Personen_Promille;5.0
2002;2869;Zunzgen;Steuerfuss_natürliche_Personen_Prozent;60.0
2002;2869;Zunzgen;Steuersatz_Ertrag_juristische_Personen_Prozent;5.0
2002;2869;Zunzgen;Steuersatz_Kapital_juristische_Personen_Promille;5.0
2002;2881;Arboldswil;Steuerfuss_natürliche_Personen_Prozent;58.0
2002;2881;Arboldswil;Steuersatz_Ertrag_juristische_Personen_Prozent;4.5
2002;2881;Arboldswil;Steuersatz_Kapital_juristische_Personen_Promille;5.0
2002;2882;Bennwil;Steuerfuss_natürliche_Personen_Prozent;64.0
2002;2882;Bennwil;Steuersatz_Ertrag_juristische_Personen_Prozent;4.0
2002;2882;Bennwil;Steuersatz_Kapital_juristische_Personen_Promille;5.0
2002;2883;Bretzwil;Steuerfuss_natürliche_Personen_Prozent;61.0
2002;2883;Bretzwil;Steuersatz_Ertrag_juristische_Personen_Prozent;4.0
2002;2883;Bretzwil;Steuersatz_Kapital_juristische_Personen_Promille;5.0
2002;2884;Diegten;Steuerfuss_natürliche_Personen_Prozent;56.0
2002;2884;Diegten;Steuersatz_Ertrag_juristische_Personen_Prozent;4.0
2002;2884;Diegten;Steuersatz_Kapital_juristische_Personen_Promille;5.0
2002;2885;Eptingen;Steuerfuss_natürliche_Personen_Prozent;65.0
2002;2885;Eptingen;Steuersatz_Ertrag_juristische_Personen_Prozent;4.5
2002;2885;Eptingen;Steuersatz_Kapital_juristische_Personen_Promille;5.0
2002;2886;Hölstein;Steuerfuss_natürliche_Personen_Prozent;65.0
2002;2886;Hölstein;Steuersatz_Ertrag_juristische_Personen_Prozent;4.4
2002;2886;Hölstein;Steuersatz_Kapital_juristische_Personen_Promille;4.9
2002;2887;Lampenberg;Steuerfuss_natürliche_Personen_Prozent;60.0
2002;2887;Lampenberg;Steuersatz_Ertrag_juristische_Personen_Prozent;4.5
2002;2887;Lampenberg;Steuersatz_Kapital_juristische_Personen_Promille;5.0
2002;2888;Langenbruck;Steuerfuss_natürliche_Personen_Prozent;59.0
2002;2888;Langenbruck;Steuersatz_Ertrag_juristische_Personen_Prozent;4.5
2002;2888;Langenbruck;Steuersatz_Kapital_juristische_Personen_Promille;5.0
2002;2889;Lauwil;Steuerfuss_natürliche_Personen_Prozent;61.0
2002;2889;Lauwil;Steuersatz_Ertrag_juristische_Personen_Prozent;4.5
2002;2889;Lauwil;Steuersatz_Kapital_juristische_Personen_Promille;5.0
2002;2890;Liedertswil;Steuerfuss_natürliche_Personen_Prozent;62.0
2002;2890;Liedertswil;Steuersatz_Ertrag_juristische_Personen_Prozent;4.5
2002;2890;Liedertswil;Steuersatz_Kapital_juristische_Personen_Promille;5.0
2002;2891;Niederdorf;Steuerfuss_natürliche_Personen_Prozent;61.0
2002;2891;Niederdorf;Steuersatz_Ertrag_juristische_Personen_Prozent;4.5
2002;2891;Niederdorf;Steuersatz_Kapital_juristische_Personen_Promille;5.0
2002;2892;Oberdorf;Steuerfuss_natürliche_Personen_Prozent;65.0
2002;2892;Oberdorf;Steuersatz_Ertrag_juristische_Personen_Prozent;5.0
2002;2892;Oberdorf;Steuersatz_Kapital_juristische_Personen_Promille;5.0
2002;2893;Reigoldswil;Steuerfuss_natürliche_Personen_Prozent;62.0
2002;2893;Reigoldswil;Steuersatz_Ertrag_juristische_Personen_Prozent;4.5
2002;2893;Reigoldswil;Steuersatz_Kapital_juristische_Personen_Promille;5.0
2002;2894;Titterten;Steuerfuss_natürliche_Personen_Prozent;62.0
2002;2894;Titterten;Steuersatz_Ertrag_juristische_Personen_Prozent;4.5
2002;2894;Titterten;Steuersatz_Kapital_juristische_Personen_Promille;5.0
2002;2895;Waldenburg;Steuerfuss_natürliche_Personen_Prozent;67.0
2002;2895;Waldenburg;Steuersatz_Ertrag_juristische_Personen_Prozent;4.8
2002;2895;Waldenburg;Steuersatz_Kapital_juristische_Personen_Promille;5.3
2001;2761;Aesch;Steuerfuss_natürliche_Personen_Prozent;60.0
2001;2761;Aesch;Steuersatz_Ertrag_juristische_Personen_Prozent;4.5
2001;2761;Aesch;Steuersatz_Kapital_juristische_Personen_Promille;5.0
2001;2762;Allschwil;Steuerfuss_natürliche_Personen_Prozent;54.24
2001;2762;Allschwil;Steuersatz_Ertrag_juristische_Personen_Prozent;4.5
2001;2762;Allschwil;Steuersatz_Kapital_juristische_Personen_Promille;5.0
2001;2763;Arlesheim;Steuerfuss_natürliche_Personen_Prozent;46.6
2001;2763;Arlesheim;Steuersatz_Ertrag_juristische_Personen_Prozent;4.0
2001;2763;Arlesheim;Steuersatz_Kapital_juristische_Personen_Promille;5.0
2001;2764;Biel-Benken;Steuerfuss_natürliche_Personen_Prozent;46.0
2001;2764;Biel-Benken;Steuersatz_Ertrag_juristische_Personen_Prozent;3.5
2001;2764;Biel-Benken;Steuersatz_Kapital_juristische_Personen_Promille;5.0
2001;2765;Binningen;Steuerfuss_natürliche_Personen_Prozent;51.0
2001;2765;Binningen;Steuersatz_Ertrag_juristische_Personen_Prozent;4.0
2001;2765;Binningen;Steuersatz_Kapital_juristische_Personen_Promille;5.0
2001;2766;Birsfelden;Steuerfuss_natürliche_Personen_Prozent;62.0
2001;2766;Birsfelden;Steuersatz_Ertrag_juristische_Personen_Prozent;4.5
2001;2766;Birsfelden;Steuersatz_Kapital_juristische_Personen_Promille;5.0
2001;2767;Bottmingen;Steuerfuss_natürliche_Personen_Prozent;54.0
2001;2767;Bottmingen;Steuersatz_Ertrag_juristische_Personen_Prozent;4.5
2001;2767;Bottmingen;Steuersatz_Kapital_juristische_Personen_Promille;5.0
2001;2768;Ettingen;Steuerfuss_natürliche_Personen_Prozent;61.0
2001;2768;Ettingen;Steuersatz_Ertrag_juristische_Personen_Prozent;4.5
2001;2768;Ettingen;Steuersatz_Kapital_juristische_Personen_Promille;5.0
2001;2769;Münchenstein;Steuerfuss_natürliche_Personen_Prozent;57.5
2001;2769;Münchenstein;Steuersatz_Ertrag_juristische_Personen_Prozent;4.5
2001;2769;Münchenstein;Steuersatz_Kapital_juristische_Personen_Promille;5.0
2001;2770;Muttenz;Steuerfuss_natürliche_Personen_Prozent;56.0
2001;2770;Muttenz;Steuersatz_Ertrag_juristische_Personen_Prozent;4.5
2001;2770;Muttenz;Steuersatz_Kapital_juristische_Personen_Promille;5.0
2001;2771;Oberwil;Steuerfuss_natürliche_Personen_Prozent;48.0
2001;2771;Oberwil;Steuersatz_Ertrag_juristische_Personen_Prozent;4.0
2001;2771;Oberwil;Steuersatz_Kapital_juristische_Personen_Promille;5.0
2001;2772;Pfeffingen;Steuerfuss_natürliche_Personen_Prozent;53.0
2001;2772;Pfeffingen;Steuersatz_Ertrag_juristische_Personen_Prozent;4.4
2001;2772;Pfeffingen;Steuersatz_Kapital_juristische_Personen_Promille;5.0
2001;2773;Reinach;Steuerfuss_natürliche_Personen_Prozent;53.76
2001;2773;Reinach;Steuersatz_Ertrag_juristische_Personen_Prozent;4.5
2001;2773;Reinach;Steuersatz_Kapital_juristische_Personen_Promille;5.0
2001;2774;Schönenbuch;Steuerfuss_natürliche_Personen_Prozent;57.0
2001;2774;Schönenbuch;Steuersatz_Ertrag_juristische_Personen_Prozent;4.0
2001;2774;Schönenbuch;Steuersatz_Kapital_juristische_Personen_Promille;5.0
2001;2775;Therwil;Steuerfuss_natürliche_Personen_Prozent;54.0
2001;2775;Therwil;Steuersatz_Ertrag_juristische_Personen_Prozent;4.5
2001;2775;Therwil;Steuersatz_Kapital_juristische_Personen_Promille;5.0
2001;2781;Blauen;Steuerfuss_natürliche_Personen_Prozent;60.0
2001;2781;Blauen;Steuersatz_Ertrag_juristische_Personen_Prozent;4.0
2001;2781;Blauen;Steuersatz_Kapital_juristische_Personen_Promille;5.0
2001;2782;Brislach;Steuerfuss_natürliche_Personen_Prozent;60.0
2001;2782;Brislach;Steuersatz_Ertrag_juristische_Personen_Prozent;4.5
2001;2782;Brislach;Steuersatz_Kapital_juristische_Personen_Promille;5.0
2001;2783;Burg i.L.;Steuerfuss_natürliche_Personen_Prozent;66.0
2001;2783;Burg i.L.;Steuersatz_Ertrag_juristische_Personen_Prozent;3.0
2001;2783;Burg i.L.;Steuersatz_Kapital_juristische_Personen_Promille;5.0
2001;2784;Dittingen;Steuerfuss_natürliche_Personen_Prozent;63.0
2001;2784;Dittingen;Steuersatz_Ertrag_juristische_Personen_Prozent;4.0
2001;2784;Dittingen;Steuersatz_Kapital_juristische_Personen_Promille;5.0
2001;2785;Duggingen;Steuerfuss_natürliche_Personen_Prozent;66.0
2001;2785;Duggingen;Steuersatz_Ertrag_juristische_Personen_Prozent;4.5
2001;2785;Duggingen;Steuersatz_Kapital_juristische_Personen_Promille;5.0
2001;2786;Grellingen;Steuerfuss_natürliche_Personen_Prozent;62.5
2001;2786;Grellingen;Steuersatz_Ertrag_juristische_Personen_Prozent;4.3
2001;2786;Grellingen;Steuersatz_Kapital_juristische_Personen_Promille;5.0
2001;2787;Laufen;Steuerfuss_natürliche_Personen_Prozent;64.0
2001;2787;Laufen;Steuersatz_Ertrag_juristische_Personen_Prozent;4.5
2001;2787;Laufen;Steuersatz_Kapital_juristische_Personen_Promille;5.0
2001;2788;Liesberg;Steuerfuss_natürliche_Personen_Prozent;65.0
2001;2788;Liesberg;Steuersatz_Ertrag_juristische_Personen_Prozent;4.3
2001;2788;Liesberg;Steuersatz_Kapital_juristische_Personen_Promille;5.0
2001;2789;Nenzlingen;Steuerfuss_natürliche_Personen_Prozent;62.5
2001;2789;Nenzlingen;Steuersatz_Ertrag_juristische_Personen_Prozent;4.5
2001;2789;Nenzlingen;Steuersatz_Kapital_juristische_Personen_Promille;5.0
2001;2790;Roggenburg;Steuerfuss_natürliche_Personen_Prozent;62.5
2001;2790;Roggenburg;Steuersatz_Ertrag_juristische_Personen_Prozent;4.5
2001;2790;Roggenburg;Steuersatz_Kapital_juristische_Personen_Promille;5.0
2001;2791;Röschenz;Steuerfuss_natürliche_Personen_Prozent;64.0
2001;2791;Röschenz;Steuersatz_Ertrag_juristische_Personen_Prozent;3.5
2001;2791;Röschenz;Steuersatz_Kapital_juristische_Personen_Promille;3.5
2001;2792;Wahlen;Steuerfuss_natürliche_Personen_Prozent;60.0
2001;2792;Wahlen;Steuersatz_Ertrag_juristische_Personen_Prozent;4.3
2001;2792;Wahlen;Steuersatz_Kapital_juristische_Personen_Promille;5.0
2001;2793;Zwingen;Steuerfuss_natürliche_Personen_Prozent;59.0
2001;2793;Zwingen;Steuersatz_Ertrag_juristische_Personen_Prozent;4.2
2001;2793;Zwingen;Steuersatz_Kapital_juristische_Personen_Promille;5.0
2001;2821;Arisdorf;Steuerfuss_natürliche_Personen_Prozent;62.0
2001;2821;Arisdorf;Steuersatz_Ertrag_juristische_Personen_Prozent;4.5
2001;2821;Arisdorf;Steuersatz_Kapital_juristische_Personen_Promille;5.0
2001;2822;Augst;Steuerfuss_natürliche_Personen_Prozent;49.95
2001;2822;Augst;Steuersatz_Ertrag_juristische_Personen_Prozent;3.8
2001;2822;Augst;Steuersatz_Kapital_juristische_Personen_Promille;5.0
2001;2823;Bubendorf;Steuerfuss_natürliche_Personen_Prozent;60.5
2001;2823;Bubendorf;Steuersatz_Ertrag_juristische_Personen_Prozent;3.3
2001;2823;Bubendorf;Steuersatz_Kapital_juristische_Personen_Promille;4.4
2001;2824;Frenkendorf;Steuerfuss_natürliche_Personen_Prozent;59.0
2001;2824;Frenkendorf;Steuersatz_Ertrag_juristische_Personen_Prozent;4.5
2001;2824;Frenkendorf;Steuersatz_Kapital_juristische_Personen_Promille;5.0
2001;2825;Füllinsdorf;Steuerfuss_natürliche_Personen_Prozent;66.0
2001;2825;Füllinsdorf;Steuersatz_Ertrag_juristische_Personen_Prozent;4.5
2001;2825;Füllinsdorf;Steuersatz_Kapital_juristische_Personen_Promille;5.0
2001;2826;Giebenach;Steuerfuss_natürliche_Personen_Prozent;65.0
2001;2826;Giebenach;Steuersatz_Ertrag_juristische_Personen_Prozent;2.0
2001;2826;Giebenach;Steuersatz_Kapital_juristische_Personen_Promille;5.0
2001;2827;Hersberg;Steuerfuss_natürliche_Personen_Prozent;55.0
2001;2827;Hersberg;Steuersatz_Ertrag_juristische_Personen_Prozent;4.5
2001;2827;Hersberg;Steuersatz_Kapital_juristische_Personen_Promille;5.0
2001;2828;Lausen;Steuerfuss_natürliche_Personen_Prozent;53.0
2001;2828;Lausen;Steuersatz_Ertrag_juristische_Personen_Prozent;3.5
2001;2828;Lausen;Steuersatz_Kapital_juristische_Personen_Promille;5.0
2001;2829;Liestal;Steuerfuss_natürliche_Personen_Prozent;67.26
2001;2829;Liestal;Steuersatz_Ertrag_juristische_Personen_Prozent;4.2
2001;2829;Liestal;Steuersatz_Kapital_juristische_Personen_Promille;5.0
2001;2830;Lupsingen;Steuerfuss_natürliche_Personen_Prozent;60.0
2001;2830;Lupsingen;Steuersatz_Ertrag_juristische_Personen_Prozent;3.5
2001;2830;Lupsingen;Steuersatz_Kapital_juristische_Personen_Promille;5.0
2001;2831;Pratteln;Steuerfuss_natürliche_Personen_Prozent;63.8
2001;2831;Pratteln;Steuersatz_Ertrag_juristische_Personen_Prozent;4.5
2001;2831;Pratteln;Steuersatz_Kapital_juristische_Personen_Promille;5.0
2001;2832;Ramlinsburg;Steuerfuss_natürliche_Personen_Prozent;65.0
2001;2832;Ramlinsburg;Steuersatz_Ertrag_juristische_Personen_Prozent;3.5
2001;2832;Ramlinsburg;Steuersatz_Kapital_juristische_Personen_Promille;3.5
2001;2833;Seltisberg;Steuerfuss_natürliche_Personen_Prozent;55.0
2001;2833;Seltisberg;Steuersatz_Ertrag_juristische_Personen_Prozent;4.0
2001;2833;Seltisberg;Steuersatz_Kapital_juristische_Personen_Promille;4.0
2001;2834;Ziefen;Steuerfuss_natürliche_Personen_Prozent;63.0
2001;2834;Ziefen;Steuersatz_Ertrag_juristische_Personen_Prozent;4.5
2001;2834;Ziefen;Steuersatz_Kapital_juristische_Personen_Promille;5.0
2001;2841;Anwil;Steuerfuss_natürliche_Personen_Prozent;57.0
2001;2841;Anwil;Steuersatz_Ertrag_juristische_Personen_Prozent;4.5
2001;2841;Anwil;Steuersatz_Kapital_juristische_Personen_Promille;5.0
2001;2842;Böckten;Steuerfuss_natürliche_Personen_Prozent;59.0
2001;2842;Böckten;Steuersatz_Ertrag_juristische_Personen_Prozent;4.5
2001;2842;Böckten;Steuersatz_Kapital_juristische_Personen_Promille;4.5
2001;2843;Buckten;Steuerfuss_natürliche_Personen_Prozent;62.0
2001;2843;Buckten;Steuersatz_Ertrag_juristische_Personen_Prozent;4.5
2001;2843;Buckten;Steuersatz_Kapital_juristische_Personen_Promille;5.0
2001;2844;Buus;Steuerfuss_natürliche_Personen_Prozent;62.0
2001;2844;Buus;Steuersatz_Ertrag_juristische_Personen_Prozent;4.5
2001;2844;Buus;Steuersatz_Kapital_juristische_Personen_Promille;5.0
2001;2845;Diepflingen;Steuerfuss_natürliche_Personen_Prozent;65.0
2001;2845;Diepflingen;Steuersatz_Ertrag_juristische_Personen_Prozent;4.5
2001;2845;Diepflingen;Steuersatz_Kapital_juristische_Personen_Promille;5.0
2001;2846;Gelterkinden;Steuerfuss_natürliche_Personen_Prozent;57.0
2001;2846;Gelterkinden;Steuersatz_Ertrag_juristische_Personen_Prozent;3.8
2001;2846;Gelterkinden;Steuersatz_Kapital_juristische_Personen_Promille;4.5
2001;2847;Häfelfingen;Steuerfuss_natürliche_Personen_Prozent;61.0
2001;2847;Häfelfingen;Steuersatz_Ertrag_juristische_Personen_Prozent;4.0
2001;2847;Häfelfingen;Steuersatz_Kapital_juristische_Personen_Promille;5.0
2001;2848;Hemmiken;Steuerfuss_natürliche_Personen_Prozent;65.0
2001;2848;Hemmiken;Steuersatz_Ertrag_juristische_Personen_Prozent;4.5
2001;2848;Hemmiken;Steuersatz_Kapital_juristische_Personen_Promille;5.0
2001;2849;Itingen;Steuerfuss_natürliche_Personen_Prozent;61.0
2001;2849;Itingen;Steuersatz_Ertrag_juristische_Personen_Prozent;4.2
2001;2849;Itingen;Steuersatz_Kapital_juristische_Personen_Promille;5.0
2001;2850;Känerkinden;Steuerfuss_natürliche_Personen_Prozent;58.0
2001;2850;Känerkinden;Steuersatz_Ertrag_juristische_Personen_Prozent;2.0
2001;2850;Känerkinden;Steuersatz_Kapital_juristische_Personen_Promille;5.0
2001;2851;Kilchberg;Steuerfuss_natürliche_Personen_Prozent;62.0
2001;2851;Kilchberg;Steuersatz_Ertrag_juristische_Personen_Prozent;4.5
2001;2851;Kilchberg;Steuersatz_Kapital_juristische_Personen_Promille;5.0
2001;2852;Läufelfingen;Steuerfuss_natürliche_Personen_Prozent;64.2
2001;2852;Läufelfingen;Steuersatz_Ertrag_juristische_Personen_Prozent;4.0
2001;2852;Läufelfingen;Steuersatz_Kapital_juristische_Personen_Promille;5.0
2001;2853;Maisprach;Steuerfuss_natürliche_Personen_Prozent;62.0
2001;2853;Maisprach;Steuersatz_Ertrag_juristische_Personen_Prozent;4.5
2001;2853;Maisprach;Steuersatz_Kapital_juristische_Personen_Promille;5.0
2001;2854;Nusshof;Steuerfuss_natürliche_Personen_Prozent;55.0
2001;2854;Nusshof;Steuersatz_Ertrag_juristische_Personen_Prozent;4.5
2001;2854;Nusshof;Steuersatz_Kapital_juristische_Personen_Promille;5.0
2001;2855;Oltingen;Steuerfuss_natürliche_Personen_Prozent;65.0
2001;2855;Oltingen;Steuersatz_Ertrag_juristische_Personen_Prozent;4.5
2001;2855;Oltingen;Steuersatz_Kapital_juristische_Personen_Promille;5.0
2001;2856;Ormalingen;Steuerfuss_natürliche_Personen_Prozent;60.42
2001;2856;Ormalingen;Steuersatz_Ertrag_juristische_Personen_Prozent;4.5
2001;2856;Ormalingen;Steuersatz_Kapital_juristische_Personen_Promille;5.0
2001;2857;Rickenbach;Steuerfuss_natürliche_Personen_Prozent;65.0
2001;2857;Rickenbach;Steuersatz_Ertrag_juristische_Personen_Prozent;4.5
2001;2857;Rickenbach;Steuersatz_Kapital_juristische_Personen_Promille;5.0
2001;2858;Rothenfluh;Steuerfuss_natürliche_Personen_Prozent;63.0
2001;2858;Rothenfluh;Steuersatz_Ertrag_juristische_Personen_Prozent;4.5
2001;2858;Rothenfluh;Steuersatz_Kapital_juristische_Personen_Promille;5.0
2001;2859;Rümlingen;Steuerfuss_natürliche_Personen_Prozent;63.0
2001;2859;Rümlingen;Steuersatz_Ertrag_juristische_Personen_Prozent;4.5
2001;2859;Rümlingen;Steuersatz_Kapital_juristische_Personen_Promille;4.5
2001;2860;Rünenberg;Steuerfuss_natürliche_Personen_Prozent;65.0
2001;2860;Rünenberg;Steuersatz_Ertrag_juristische_Personen_Prozent;4.5
2001;2860;Rünenberg;Steuersatz_Kapital_juristische_Personen_Promille;5.0
2001;2861;Sissach;Steuerfuss_natürliche_Personen_Prozent;63.0
2001;2861;Sissach;Steuersatz_Ertrag_juristische_Personen_Prozent;4.5
2001;2861;Sissach;Steuersatz_Kapital_juristische_Personen_Promille;5.0
2001;2862;Tecknau;Steuerfuss_natürliche_Personen_Prozent;65.0
2001;2862;Tecknau;Steuersatz_Ertrag_juristische_Personen_Prozent;4.1
2001;2862;Tecknau;Steuersatz_Kapital_juristische_Personen_Promille;5.0
2001;2863;Tenniken;Steuerfuss_natürliche_Personen_Prozent;60.0
2001;2863;Tenniken;Steuersatz_Ertrag_juristische_Personen_Prozent;4.5
2001;2863;Tenniken;Steuersatz_Kapital_juristische_Personen_Promille;5.0
2001;2864;Thürnen;Steuerfuss_natürliche_Personen_Prozent;55.0
2001;2864;Thürnen;Steuersatz_Ertrag_juristische_Personen_Prozent;4.0
2001;2864;Thürnen;Steuersatz_Kapital_juristische_Personen_Promille;4.0
2001;2865;Wenslingen;Steuerfuss_natürliche_Personen_Prozent;58.0
2001;2865;Wenslingen;Steuersatz_Ertrag_juristische_Personen_Prozent;4.5
2001;2865;Wenslingen;Steuersatz_Kapital_juristische_Personen_Promille;5.0
2001;2866;Wintersingen;Steuerfuss_natürliche_Personen_Prozent;57.0
2001;2866;Wintersingen;Steuersatz_Ertrag_juristische_Personen_Prozent;4.5
2001;2866;Wintersingen;Steuersatz_Kapital_juristische_Personen_Promille;5.0
2001;2867;Wittinsburg;Steuerfuss_natürliche_Personen_Prozent;57.0
2001;2867;Wittinsburg;Steuersatz_Ertrag_juristische_Personen_Prozent;4.5
2001;2867;Wittinsburg;Steuersatz_Kapital_juristische_Personen_Promille;5.0
2001;2868;Zeglingen;Steuerfuss_natürliche_Personen_Prozent;64.0
2001;2868;Zeglingen;Steuersatz_Ertrag_juristische_Personen_Prozent;4.5
2001;2868;Zeglingen;Steuersatz_Kapital_juristische_Personen_Promille;5.0
2001;2869;Zunzgen;Steuerfuss_natürliche_Personen_Prozent;62.5
2001;2869;Zunzgen;Steuersatz_Ertrag_juristische_Personen_Prozent;4.5
2001;2869;Zunzgen;Steuersatz_Kapital_juristische_Personen_Promille;5.0
2001;2881;Arboldswil;Steuerfuss_natürliche_Personen_Prozent;58.0
2001;2881;Arboldswil;Steuersatz_Ertrag_juristische_Personen_Prozent;4.5
2001;2881;Arboldswil;Steuersatz_Kapital_juristische_Personen_Promille;5.0
2001;2882;Bennwil;Steuerfuss_natürliche_Personen_Prozent;64.2
2001;2882;Bennwil;Steuersatz_Ertrag_juristische_Personen_Prozent;4.0
2001;2882;Bennwil;Steuersatz_Kapital_juristische_Personen_Promille;5.0
2001;2883;Bretzwil;Steuerfuss_natürliche_Personen_Prozent;63.0
2001;2883;Bretzwil;Steuersatz_Ertrag_juristische_Personen_Prozent;4.0
2001;2883;Bretzwil;Steuersatz_Kapital_juristische_Personen_Promille;5.0
2001;2884;Diegten;Steuerfuss_natürliche_Personen_Prozent;56.0
2001;2884;Diegten;Steuersatz_Ertrag_juristische_Personen_Prozent;4.0
2001;2884;Diegten;Steuersatz_Kapital_juristische_Personen_Promille;5.0
2001;2885;Eptingen;Steuerfuss_natürliche_Personen_Prozent;65.0
2001;2885;Eptingen;Steuersatz_Ertrag_juristische_Personen_Prozent;4.5
2001;2885;Eptingen;Steuersatz_Kapital_juristische_Personen_Promille;5.0
2001;2886;Hölstein;Steuerfuss_natürliche_Personen_Prozent;65.0
2001;2886;Hölstein;Steuersatz_Ertrag_juristische_Personen_Prozent;4.4
2001;2886;Hölstein;Steuersatz_Kapital_juristische_Personen_Promille;4.9
2001;2887;Lampenberg;Steuerfuss_natürliche_Personen_Prozent;60.0
2001;2887;Lampenberg;Steuersatz_Ertrag_juristische_Personen_Prozent;4.5
2001;2887;Lampenberg;Steuersatz_Kapital_juristische_Personen_Promille;5.0
2001;2888;Langenbruck;Steuerfuss_natürliche_Personen_Prozent;59.0
2001;2888;Langenbruck;Steuersatz_Ertrag_juristische_Personen_Prozent;4.5
2001;2888;Langenbruck;Steuersatz_Kapital_juristische_Personen_Promille;5.0
2001;2889;Lauwil;Steuerfuss_natürliche_Personen_Prozent;61.0
2001;2889;Lauwil;Steuersatz_Ertrag_juristische_Personen_Prozent;4.5
2001;2889;Lauwil;Steuersatz_Kapital_juristische_Personen_Promille;5.0
2001;2890;Liedertswil;Steuerfuss_natürliche_Personen_Prozent;62.0
2001;2890;Liedertswil;Steuersatz_Ertrag_juristische_Personen_Prozent;4.5
2001;2890;Liedertswil;Steuersatz_Kapital_juristische_Personen_Promille;5.0
2001;2891;Niederdorf;Steuerfuss_natürliche_Personen_Prozent;61.0
2001;2891;Niederdorf;Steuersatz_Ertrag_juristische_Personen_Prozent;4.5
2001;2891;Niederdorf;Steuersatz_Kapital_juristische_Personen_Promille;5.0
2001;2892;Oberdorf;Steuerfuss_natürliche_Personen_Prozent;65.0
2001;2892;Oberdorf;Steuersatz_Ertrag_juristische_Personen_Prozent;5.0
2001;2892;Oberdorf;Steuersatz_Kapital_juristische_Personen_Promille;5.0
2001;2893;Reigoldswil;Steuerfuss_natürliche_Personen_Prozent;62.0
2001;2893;Reigoldswil;Steuersatz_Ertrag_juristische_Personen_Prozent;4.5
2001;2893;Reigoldswil;Steuersatz_Kapital_juristische_Personen_Promille;5.0
2001;2894;Titterten;Steuerfuss_natürliche_Personen_Prozent;62.0
2001;2894;Titterten;Steuersatz_Ertrag_juristische_Personen_Prozent;4.5
2001;2894;Titterten;Steuersatz_Kapital_juristische_Personen_Promille;5.0
2001;2895;Waldenburg;Steuerfuss_natürliche_Personen_Prozent;67.0
2001;2895;Waldenburg;Steuersatz_Ertrag_juristische_Personen_Prozent;4.5
2001;2895;Waldenburg;Steuersatz_Kapital_juristische_Personen_Promille;5.0
2000;2761;Aesch;Steuerfuss_natürliche_Personen_Prozent;62.0
2000;2761;Aesch;Steuersatz_Ertrag_juristische_Personen_Prozent;4.5
2000;2761;Aesch;Steuersatz_Kapital_juristische_Personen_Promille;5.0
2000;2762;Allschwil;Steuerfuss_natürliche_Personen_Prozent;54.24
2000;2762;Allschwil;Steuersatz_Ertrag_juristische_Personen_Prozent;4.5
2000;2762;Allschwil;Steuersatz_Kapital_juristische_Personen_Promille;5.0
2000;2763;Arlesheim;Steuerfuss_natürliche_Personen_Prozent;48.6
2000;2763;Arlesheim;Steuersatz_Ertrag_juristische_Personen_Prozent;4.0
2000;2763;Arlesheim;Steuersatz_Kapital_juristische_Personen_Promille;5.0
2000;2764;Biel-Benken;Steuerfuss_natürliche_Personen_Prozent;46.0
2000;2764;Biel-Benken;Steuersatz_Ertrag_juristische_Personen_Prozent;3.5
2000;2764;Biel-Benken;Steuersatz_Kapital_juristische_Personen_Promille;5.0
2000;2765;Binningen;Steuerfuss_natürliche_Personen_Prozent;51.0
2000;2765;Binningen;Steuersatz_Ertrag_juristische_Personen_Prozent;4.0
2000;2765;Binningen;Steuersatz_Kapital_juristische_Personen_Promille;5.0
2000;2766;Birsfelden;Steuerfuss_natürliche_Personen_Prozent;62.0
2000;2766;Birsfelden;Steuersatz_Ertrag_juristische_Personen_Prozent;4.5
2000;2766;Birsfelden;Steuersatz_Kapital_juristische_Personen_Promille;5.0
2000;2767;Bottmingen;Steuerfuss_natürliche_Personen_Prozent;54.0
2000;2767;Bottmingen;Steuersatz_Ertrag_juristische_Personen_Prozent;4.5
2000;2767;Bottmingen;Steuersatz_Kapital_juristische_Personen_Promille;5.0
2000;2768;Ettingen;Steuerfuss_natürliche_Personen_Prozent;61.0
2000;2768;Ettingen;Steuersatz_Ertrag_juristische_Personen_Prozent;4.5
2000;2768;Ettingen;Steuersatz_Kapital_juristische_Personen_Promille;5.0
2000;2769;Münchenstein;Steuerfuss_natürliche_Personen_Prozent;57.5
2000;2769;Münchenstein;Steuersatz_Ertrag_juristische_Personen_Prozent;4.5
2000;2769;Münchenstein;Steuersatz_Kapital_juristische_Personen_Promille;5.0
2000;2770;Muttenz;Steuerfuss_natürliche_Personen_Prozent;59.36
2000;2770;Muttenz;Steuersatz_Ertrag_juristische_Personen_Prozent;4.5
2000;2770;Muttenz;Steuersatz_Kapital_juristische_Personen_Promille;5.0
2000;2771;Oberwil;Steuerfuss_natürliche_Personen_Prozent;48.0
2000;2771;Oberwil;Steuersatz_Ertrag_juristische_Personen_Prozent;4.0
2000;2771;Oberwil;Steuersatz_Kapital_juristische_Personen_Promille;5.0
2000;2772;Pfeffingen;Steuerfuss_natürliche_Personen_Prozent;54.0
2000;2772;Pfeffingen;Steuersatz_Ertrag_juristische_Personen_Prozent;4.4
2000;2772;Pfeffingen;Steuersatz_Kapital_juristische_Personen_Promille;5.0
2000;2773;Reinach;Steuerfuss_natürliche_Personen_Prozent;54.24
2000;2773;Reinach;Steuersatz_Ertrag_juristische_Personen_Prozent;4.5
2000;2773;Reinach;Steuersatz_Kapital_juristische_Personen_Promille;5.0
2000;2774;Schönenbuch;Steuerfuss_natürliche_Personen_Prozent;57.0
2000;2774;Schönenbuch;Steuersatz_Ertrag_juristische_Personen_Prozent;4.0
2000;2774;Schönenbuch;Steuersatz_Kapital_juristische_Personen_Promille;5.0
2000;2775;Therwil;Steuerfuss_natürliche_Personen_Prozent;54.0
2000;2775;Therwil;Steuersatz_Ertrag_juristische_Personen_Prozent;4.5
2000;2775;Therwil;Steuersatz_Kapital_juristische_Personen_Promille;5.0
2000;2781;Blauen;Steuerfuss_natürliche_Personen_Prozent;63.0
2000;2781;Blauen;Steuersatz_Ertrag_juristische_Personen_Prozent;4.0
2000;2781;Blauen;Steuersatz_Kapital_juristische_Personen_Promille;5.0
2000;2782;Brislach;Steuerfuss_natürliche_Personen_Prozent;63.0
2000;2782;Brislach;Steuersatz_Ertrag_juristische_Personen_Prozent;4.5
2000;2782;Brislach;Steuersatz_Kapital_juristische_Personen_Promille;5.0
2000;2783;Burg i.L.;Steuerfuss_natürliche_Personen_Prozent;66.0
2000;2783;Burg i.L.;Steuersatz_Ertrag_juristische_Personen_Prozent;3.0
2000;2783;Burg i.L.;Steuersatz_Kapital_juristische_Personen_Promille;5.0
2000;2784;Dittingen;Steuerfuss_natürliche_Personen_Prozent;65.0
2000;2784;Dittingen;Steuersatz_Ertrag_juristische_Personen_Prozent;4.0
2000;2784;Dittingen;Steuersatz_Kapital_juristische_Personen_Promille;5.0
2000;2785;Duggingen;Steuerfuss_natürliche_Personen_Prozent;66.0
2000;2785;Duggingen;Steuersatz_Ertrag_juristische_Personen_Prozent;4.5
2000;2785;Duggingen;Steuersatz_Kapital_juristische_Personen_Promille;5.0
2000;2786;Grellingen;Steuerfuss_natürliche_Personen_Prozent;62.5
2000;2786;Grellingen;Steuersatz_Ertrag_juristische_Personen_Prozent;4.3
2000;2786;Grellingen;Steuersatz_Kapital_juristische_Personen_Promille;5.0
2000;2787;Laufen;Steuerfuss_natürliche_Personen_Prozent;64.0
2000;2787;Laufen;Steuersatz_Ertrag_juristische_Personen_Prozent;4.5
2000;2787;Laufen;Steuersatz_Kapital_juristische_Personen_Promille;5.0
2000;2788;Liesberg;Steuerfuss_natürliche_Personen_Prozent;65.0
2000;2788;Liesberg;Steuersatz_Ertrag_juristische_Personen_Prozent;4.3
2000;2788;Liesberg;Steuersatz_Kapital_juristische_Personen_Promille;5.0
2000;2789;Nenzlingen;Steuerfuss_natürliche_Personen_Prozent;62.5
2000;2789;Nenzlingen;Steuersatz_Ertrag_juristische_Personen_Prozent;4.5
2000;2789;Nenzlingen;Steuersatz_Kapital_juristische_Personen_Promille;5.0
2000;2790;Roggenburg;Steuerfuss_natürliche_Personen_Prozent;62.5
2000;2790;Roggenburg;Steuersatz_Ertrag_juristische_Personen_Prozent;4.5
2000;2790;Roggenburg;Steuersatz_Kapital_juristische_Personen_Promille;5.0
2000;2791;Röschenz;Steuerfuss_natürliche_Personen_Prozent;64.0
2000;2791;Röschenz;Steuersatz_Ertrag_juristische_Personen_Prozent;3.5
2000;2791;Röschenz;Steuersatz_Kapital_juristische_Personen_Promille;3.5
2000;2792;Wahlen;Steuerfuss_natürliche_Personen_Prozent;62.5
2000;2792;Wahlen;Steuersatz_Ertrag_juristische_Personen_Prozent;4.3
2000;2792;Wahlen;Steuersatz_Kapital_juristische_Personen_Promille;5.0
2000;2793;Zwingen;Steuerfuss_natürliche_Personen_Prozent;59.0
2000;2793;Zwingen;Steuersatz_Ertrag_juristische_Personen_Prozent;4.2
2000;2793;Zwingen;Steuersatz_Kapital_juristische_Personen_Promille;5.0
2000;2821;Arisdorf;Steuerfuss_natürliche_Personen_Prozent;62.0
2000;2821;Arisdorf;Steuersatz_Ertrag_juristische_Personen_Prozent;4.5
2000;2821;Arisdorf;Steuersatz_Kapital_juristische_Personen_Promille;5.0
2000;2822;Augst;Steuerfuss_natürliche_Personen_Prozent;49.95
2000;2822;Augst;Steuersatz_Ertrag_juristische_Personen_Prozent;3.8
2000;2822;Augst;Steuersatz_Kapital_juristische_Personen_Promille;5.0
2000;2823;Bubendorf;Steuerfuss_natürliche_Personen_Prozent;60.5
2000;2823;Bubendorf;Steuersatz_Ertrag_juristische_Personen_Prozent;3.3
2000;2823;Bubendorf;Steuersatz_Kapital_juristische_Personen_Promille;4.4
2000;2824;Frenkendorf;Steuerfuss_natürliche_Personen_Prozent;59.0
2000;2824;Frenkendorf;Steuersatz_Ertrag_juristische_Personen_Prozent;4.5
2000;2824;Frenkendorf;Steuersatz_Kapital_juristische_Personen_Promille;5.0
2000;2825;Füllinsdorf;Steuerfuss_natürliche_Personen_Prozent;66.0
2000;2825;Füllinsdorf;Steuersatz_Ertrag_juristische_Personen_Prozent;4.5
2000;2825;Füllinsdorf;Steuersatz_Kapital_juristische_Personen_Promille;5.0
2000;2826;Giebenach;Steuerfuss_natürliche_Personen_Prozent;65.0
2000;2826;Giebenach;Steuersatz_Ertrag_juristische_Personen_Prozent;2.0
2000;2826;Giebenach;Steuersatz_Kapital_juristische_Personen_Promille;5.0
2000;2827;Hersberg;Steuerfuss_natürliche_Personen_Prozent;55.0
2000;2827;Hersberg;Steuersatz_Ertrag_juristische_Personen_Prozent;4.5
2000;2827;Hersberg;Steuersatz_Kapital_juristische_Personen_Promille;5.0
2000;2828;Lausen;Steuerfuss_natürliche_Personen_Prozent;53.0
2000;2828;Lausen;Steuersatz_Ertrag_juristische_Personen_Prozent;3.5
2000;2828;Lausen;Steuersatz_Kapital_juristische_Personen_Promille;5.0
2000;2829;Liestal;Steuerfuss_natürliche_Personen_Prozent;65.55
2000;2829;Liestal;Steuersatz_Ertrag_juristische_Personen_Prozent;4.2
2000;2829;Liestal;Steuersatz_Kapital_juristische_Personen_Promille;5.0
2000;2830;Lupsingen;Steuerfuss_natürliche_Personen_Prozent;63.0
2000;2830;Lupsingen;Steuersatz_Ertrag_juristische_Personen_Prozent;3.5
2000;2830;Lupsingen;Steuersatz_Kapital_juristische_Personen_Promille;5.0
2000;2831;Pratteln;Steuerfuss_natürliche_Personen_Prozent;63.8
2000;2831;Pratteln;Steuersatz_Ertrag_juristische_Personen_Prozent;4.5
2000;2831;Pratteln;Steuersatz_Kapital_juristische_Personen_Promille;5.0
2000;2832;Ramlinsburg;Steuerfuss_natürliche_Personen_Prozent;65.0
2000;2832;Ramlinsburg;Steuersatz_Ertrag_juristische_Personen_Prozent;3.5
2000;2832;Ramlinsburg;Steuersatz_Kapital_juristische_Personen_Promille;3.5
2000;2833;Seltisberg;Steuerfuss_natürliche_Personen_Prozent;55.0
2000;2833;Seltisberg;Steuersatz_Ertrag_juristische_Personen_Prozent;4.0
2000;2833;Seltisberg;Steuersatz_Kapital_juristische_Personen_Promille;4.0
2000;2834;Ziefen;Steuerfuss_natürliche_Personen_Prozent;63.0
2000;2834;Ziefen;Steuersatz_Ertrag_juristische_Personen_Prozent;4.5
2000;2834;Ziefen;Steuersatz_Kapital_juristische_Personen_Promille;5.0
2000;2841;Anwil;Steuerfuss_natürliche_Personen_Prozent;57.0
2000;2841;Anwil;Steuersatz_Ertrag_juristische_Personen_Prozent;4.5
2000;2841;Anwil;Steuersatz_Kapital_juristische_Personen_Promille;5.0
2000;2842;Böckten;Steuerfuss_natürliche_Personen_Prozent;59.0
2000;2842;Böckten;Steuersatz_Ertrag_juristische_Personen_Prozent;4.5
2000;2842;Böckten;Steuersatz_Kapital_juristische_Personen_Promille;4.5
2000;2843;Buckten;Steuerfuss_natürliche_Personen_Prozent;62.0
2000;2843;Buckten;Steuersatz_Ertrag_juristische_Personen_Prozent;4.5
2000;2843;Buckten;Steuersatz_Kapital_juristische_Personen_Promille;5.0
2000;2844;Buus;Steuerfuss_natürliche_Personen_Prozent;62.0
2000;2844;Buus;Steuersatz_Ertrag_juristische_Personen_Prozent;4.5
2000;2844;Buus;Steuersatz_Kapital_juristische_Personen_Promille;5.0
2000;2845;Diepflingen;Steuerfuss_natürliche_Personen_Prozent;65.0
2000;2845;Diepflingen;Steuersatz_Ertrag_juristische_Personen_Prozent;4.5
2000;2845;Diepflingen;Steuersatz_Kapital_juristische_Personen_Promille;5.0
2000;2846;Gelterkinden;Steuerfuss_natürliche_Personen_Prozent;57.0
2000;2846;Gelterkinden;Steuersatz_Ertrag_juristische_Personen_Prozent;3.8
2000;2846;Gelterkinden;Steuersatz_Kapital_juristische_Personen_Promille;4.5
2000;2847;Häfelfingen;Steuerfuss_natürliche_Personen_Prozent;61.0
2000;2847;Häfelfingen;Steuersatz_Ertrag_juristische_Personen_Prozent;4.0
2000;2847;Häfelfingen;Steuersatz_Kapital_juristische_Personen_Promille;5.0
2000;2848;Hemmiken;Steuerfuss_natürliche_Personen_Prozent;65.0
2000;2848;Hemmiken;Steuersatz_Ertrag_juristische_Personen_Prozent;4.5
2000;2848;Hemmiken;Steuersatz_Kapital_juristische_Personen_Promille;5.0
2000;2849;Itingen;Steuerfuss_natürliche_Personen_Prozent;61.0
2000;2849;Itingen;Steuersatz_Ertrag_juristische_Personen_Prozent;4.2
2000;2849;Itingen;Steuersatz_Kapital_juristische_Personen_Promille;5.0
2000;2850;Känerkinden;Steuerfuss_natürliche_Personen_Prozent;58.0
2000;2850;Känerkinden;Steuersatz_Ertrag_juristische_Personen_Prozent;2.0
2000;2850;Känerkinden;Steuersatz_Kapital_juristische_Personen_Promille;5.0
2000;2851;Kilchberg;Steuerfuss_natürliche_Personen_Prozent;62.0
2000;2851;Kilchberg;Steuersatz_Ertrag_juristische_Personen_Prozent;4.5
2000;2851;Kilchberg;Steuersatz_Kapital_juristische_Personen_Promille;5.0
2000;2852;Läufelfingen;Steuerfuss_natürliche_Personen_Prozent;64.2
2000;2852;Läufelfingen;Steuersatz_Ertrag_juristische_Personen_Prozent;4.0
2000;2852;Läufelfingen;Steuersatz_Kapital_juristische_Personen_Promille;5.0
2000;2853;Maisprach;Steuerfuss_natürliche_Personen_Prozent;62.0
2000;2853;Maisprach;Steuersatz_Ertrag_juristische_Personen_Prozent;4.5
2000;2853;Maisprach;Steuersatz_Kapital_juristische_Personen_Promille;5.0
2000;2854;Nusshof;Steuerfuss_natürliche_Personen_Prozent;55.0
2000;2854;Nusshof;Steuersatz_Ertrag_juristische_Personen_Prozent;4.5
2000;2854;Nusshof;Steuersatz_Kapital_juristische_Personen_Promille;5.0
2000;2855;Oltingen;Steuerfuss_natürliche_Personen_Prozent;65.0
2000;2855;Oltingen;Steuersatz_Ertrag_juristische_Personen_Prozent;4.5
2000;2855;Oltingen;Steuersatz_Kapital_juristische_Personen_Promille;5.0
2000;2856;Ormalingen;Steuerfuss_natürliche_Personen_Prozent;60.42
2000;2856;Ormalingen;Steuersatz_Ertrag_juristische_Personen_Prozent;4.5
2000;2856;Ormalingen;Steuersatz_Kapital_juristische_Personen_Promille;5.0
2000;2857;Rickenbach;Steuerfuss_natürliche_Personen_Prozent;65.0
2000;2857;Rickenbach;Steuersatz_Ertrag_juristische_Personen_Prozent;4.5
2000;2857;Rickenbach;Steuersatz_Kapital_juristische_Personen_Promille;5.0
2000;2858;Rothenfluh;Steuerfuss_natürliche_Personen_Prozent;63.0
2000;2858;Rothenfluh;Steuersatz_Ertrag_juristische_Personen_Prozent;4.5
2000;2858;Rothenfluh;Steuersatz_Kapital_juristische_Personen_Promille;5.0
2000;2859;Rümlingen;Steuerfuss_natürliche_Personen_Prozent;63.0
2000;2859;Rümlingen;Steuersatz_Ertrag_juristische_Personen_Prozent;4.5
2000;2859;Rümlingen;Steuersatz_Kapital_juristische_Personen_Promille;4.5
2000;2860;Rünenberg;Steuerfuss_natürliche_Personen_Prozent;65.0
2000;2860;Rünenberg;Steuersatz_Ertrag_juristische_Personen_Prozent;4.5
2000;2860;Rünenberg;Steuersatz_Kapital_juristische_Personen_Promille;4.5
2000;2861;Sissach;Steuerfuss_natürliche_Personen_Prozent;63.0
2000;2861;Sissach;Steuersatz_Ertrag_juristische_Personen_Prozent;4.5
2000;2861;Sissach;Steuersatz_Kapital_juristische_Personen_Promille;5.0
2000;2862;Tecknau;Steuerfuss_natürliche_Personen_Prozent;65.0
2000;2862;Tecknau;Steuersatz_Ertrag_juristische_Personen_Prozent;4.1
2000;2862;Tecknau;Steuersatz_Kapital_juristische_Personen_Promille;5.0
2000;2863;Tenniken;Steuerfuss_natürliche_Personen_Prozent;63.0
2000;2863;Tenniken;Steuersatz_Ertrag_juristische_Personen_Prozent;4.5
2000;2863;Tenniken;Steuersatz_Kapital_juristische_Personen_Promille;5.0
2000;2864;Thürnen;Steuerfuss_natürliche_Personen_Prozent;55.0
2000;2864;Thürnen;Steuersatz_Ertrag_juristische_Personen_Prozent;4.0
2000;2864;Thürnen;Steuersatz_Kapital_juristische_Personen_Promille;4.0
2000;2865;Wenslingen;Steuerfuss_natürliche_Personen_Prozent;58.0
2000;2865;Wenslingen;Steuersatz_Ertrag_juristische_Personen_Prozent;4.5
2000;2865;Wenslingen;Steuersatz_Kapital_juristische_Personen_Promille;5.0
2000;2866;Wintersingen;Steuerfuss_natürliche_Personen_Prozent;57.0
2000;2866;Wintersingen;Steuersatz_Ertrag_juristische_Personen_Prozent;4.5
2000;2866;Wintersingen;Steuersatz_Kapital_juristische_Personen_Promille;5.0
2000;2867;Wittinsburg;Steuerfuss_natürliche_Personen_Prozent;57.0
2000;2867;Wittinsburg;Steuersatz_Ertrag_juristische_Personen_Prozent;4.5
2000;2867;Wittinsburg;Steuersatz_Kapital_juristische_Personen_Promille;5.0
2000;2868;Zeglingen;Steuerfuss_natürliche_Personen_Prozent;64.0
2000;2868;Zeglingen;Steuersatz_Ertrag_juristische_Personen_Prozent;4.5
2000;2868;Zeglingen;Steuersatz_Kapital_juristische_Personen_Promille;5.0
2000;2869;Zunzgen;Steuerfuss_natürliche_Personen_Prozent;62.5
2000;2869;Zunzgen;Steuersatz_Ertrag_juristische_Personen_Prozent;4.5
2000;2869;Zunzgen;Steuersatz_Kapital_juristische_Personen_Promille;5.0
2000;2881;Arboldswil;Steuerfuss_natürliche_Personen_Prozent;58.0
2000;2881;Arboldswil;Steuersatz_Ertrag_juristische_Personen_Prozent;4.5
2000;2881;Arboldswil;Steuersatz_Kapital_juristische_Personen_Promille;5.0
2000;2882;Bennwil;Steuerfuss_natürliche_Personen_Prozent;64.2
2000;2882;Bennwil;Steuersatz_Ertrag_juristische_Personen_Prozent;4.0
2000;2882;Bennwil;Steuersatz_Kapital_juristische_Personen_Promille;5.0
2000;2883;Bretzwil;Steuerfuss_natürliche_Personen_Prozent;63.0
2000;2883;Bretzwil;Steuersatz_Ertrag_juristische_Personen_Prozent;4.0
2000;2883;Bretzwil;Steuersatz_Kapital_juristische_Personen_Promille;5.0
2000;2884;Diegten;Steuerfuss_natürliche_Personen_Prozent;56.0
2000;2884;Diegten;Steuersatz_Ertrag_juristische_Personen_Prozent;4.0
2000;2884;Diegten;Steuersatz_Kapital_juristische_Personen_Promille;5.0
2000;2885;Eptingen;Steuerfuss_natürliche_Personen_Prozent;65.0
2000;2885;Eptingen;Steuersatz_Ertrag_juristische_Personen_Prozent;4.5
2000;2885;Eptingen;Steuersatz_Kapital_juristische_Personen_Promille;5.0
2000;2886;Hölstein;Steuerfuss_natürliche_Personen_Prozent;65.0
2000;2886;Hölstein;Steuersatz_Ertrag_juristische_Personen_Prozent;4.4
2000;2886;Hölstein;Steuersatz_Kapital_juristische_Personen_Promille;5.0
2000;2887;Lampenberg;Steuerfuss_natürliche_Personen_Prozent;60.0
2000;2887;Lampenberg;Steuersatz_Ertrag_juristische_Personen_Prozent;4.5
2000;2887;Lampenberg;Steuersatz_Kapital_juristische_Personen_Promille;4.9
2000;2888;Langenbruck;Steuerfuss_natürliche_Personen_Prozent;59.0
2000;2888;Langenbruck;Steuersatz_Ertrag_juristische_Personen_Prozent;4.5
2000;2888;Langenbruck;Steuersatz_Kapital_juristische_Personen_Promille;5.0
2000;2889;Lauwil;Steuerfuss_natürliche_Personen_Prozent;61.0
2000;2889;Lauwil;Steuersatz_Ertrag_juristische_Personen_Prozent;4.5
2000;2889;Lauwil;Steuersatz_Kapital_juristische_Personen_Promille;5.0
2000;2890;Liedertswil;Steuerfuss_natürliche_Personen_Prozent;61.5
2000;2890;Liedertswil;Steuersatz_Ertrag_juristische_Personen_Prozent;4.5
2000;2890;Liedertswil;Steuersatz_Kapital_juristische_Personen_Promille;5.0
2000;2891;Niederdorf;Steuerfuss_natürliche_Personen_Prozent;61.0
2000;2891;Niederdorf;Steuersatz_Ertrag_juristische_Personen_Prozent;4.5
2000;2891;Niederdorf;Steuersatz_Kapital_juristische_Personen_Promille;5.0
2000;2892;Oberdorf;Steuerfuss_natürliche_Personen_Prozent;65.0
2000;2892;Oberdorf;Steuersatz_Ertrag_juristische_Personen_Prozent;4.5
2000;2892;Oberdorf;Steuersatz_Kapital_juristische_Personen_Promille;5.0
2000;2893;Reigoldswil;Steuerfuss_natürliche_Personen_Prozent;62.0
2000;2893;Reigoldswil;Steuersatz_Ertrag_juristische_Personen_Prozent;4.5
2000;2893;Reigoldswil;Steuersatz_Kapital_juristische_Personen_Promille;5.0
2000;2894;Titterten;Steuerfuss_natürliche_Personen_Prozent;62.0
2000;2894;Titterten;Steuersatz_Ertrag_juristische_Personen_Prozent;4.5
2000;2894;Titterten;Steuersatz_Kapital_juristische_Personen_Promille;5.0
2000;2895;Waldenburg;Steuerfuss_natürliche_Personen_Prozent;67.0
2000;2895;Waldenburg;Steuersatz_Ertrag_juristische_Personen_Prozent;4.5
2000;2895;Waldenburg;Steuersatz_Kapital_juristische_Personen_Promille;5.0
1999;2761;Aesch;Steuerfuss_natürliche_Personen_Prozent;62.0
1999;2762;Allschwil;Steuerfuss_natürliche_Personen_Prozent;52.8
1999;2763;Arlesheim;Steuerfuss_natürliche_Personen_Prozent;48.6
1999;2764;Biel-Benken;Steuerfuss_natürliche_Personen_Prozent;46.0
1999;2765;Binningen;Steuerfuss_natürliche_Personen_Prozent;51.0
1999;2766;Birsfelden;Steuerfuss_natürliche_Personen_Prozent;62.0
1999;2767;Bottmingen;Steuerfuss_natürliche_Personen_Prozent;56.0
1999;2768;Ettingen;Steuerfuss_natürliche_Personen_Prozent;61.0
1999;2769;Münchenstein;Steuerfuss_natürliche_Personen_Prozent;56.0
1999;2770;Muttenz;Steuerfuss_natürliche_Personen_Prozent;59.36
1999;2771;Oberwil;Steuerfuss_natürliche_Personen_Prozent;48.0
1999;2772;Pfeffingen;Steuerfuss_natürliche_Personen_Prozent;57.0
1999;2773;Reinach;Steuerfuss_natürliche_Personen_Prozent;54.72
1999;2774;Schönenbuch;Steuerfuss_natürliche_Personen_Prozent;57.0
1999;2775;Therwil;Steuerfuss_natürliche_Personen_Prozent;56.16
1999;2781;Blauen;Steuerfuss_natürliche_Personen_Prozent;63.0
1999;2782;Brislach;Steuerfuss_natürliche_Personen_Prozent;63.0
1999;2783;Burg i.L.;Steuerfuss_natürliche_Personen_Prozent;66.0
1999;2784;Dittingen;Steuerfuss_natürliche_Personen_Prozent;65.0
1999;2785;Duggingen;Steuerfuss_natürliche_Personen_Prozent;68.0
1999;2786;Grellingen;Steuerfuss_natürliche_Personen_Prozent;62.5
1999;2787;Laufen;Steuerfuss_natürliche_Personen_Prozent;64.0
1999;2788;Liesberg;Steuerfuss_natürliche_Personen_Prozent;65.0
1999;2789;Nenzlingen;Steuerfuss_natürliche_Personen_Prozent;62.5
1999;2790;Roggenburg;Steuerfuss_natürliche_Personen_Prozent;62.5
1999;2791;Röschenz;Steuerfuss_natürliche_Personen_Prozent;64.0
1999;2792;Wahlen;Steuerfuss_natürliche_Personen_Prozent;62.5
1999;2793;Zwingen;Steuerfuss_natürliche_Personen_Prozent;62.0
1999;2821;Arisdorf;Steuerfuss_natürliche_Personen_Prozent;62.0
1999;2822;Augst;Steuerfuss_natürliche_Personen_Prozent;49.95
1999;2823;Bubendorf;Steuerfuss_natürliche_Personen_Prozent;60.5
1999;2824;Frenkendorf;Steuerfuss_natürliche_Personen_Prozent;59.0
1999;2825;Füllinsdorf;Steuerfuss_natürliche_Personen_Prozent;66.0
1999;2826;Giebenach;Steuerfuss_natürliche_Personen_Prozent;65.0
1999;2827;Hersberg;Steuerfuss_natürliche_Personen_Prozent;55.0
1999;2828;Lausen;Steuerfuss_natürliche_Personen_Prozent;53.0
1999;2829;Liestal;Steuerfuss_natürliche_Personen_Prozent;65.55
1999;2830;Lupsingen;Steuerfuss_natürliche_Personen_Prozent;63.0
1999;2831;Pratteln;Steuerfuss_natürliche_Personen_Prozent;63.8
1999;2832;Ramlinsburg;Steuerfuss_natürliche_Personen_Prozent;65.0
1999;2833;Seltisberg;Steuerfuss_natürliche_Personen_Prozent;55.0
1999;2834;Ziefen;Steuerfuss_natürliche_Personen_Prozent;63.0
1999;2841;Anwil;Steuerfuss_natürliche_Personen_Prozent;57.0
1999;2842;Böckten;Steuerfuss_natürliche_Personen_Prozent;59.0
1999;2843;Buckten;Steuerfuss_natürliche_Personen_Prozent;62.0
1999;2844;Buus;Steuerfuss_natürliche_Personen_Prozent;62.0
1999;2845;Diepflingen;Steuerfuss_natürliche_Personen_Prozent;65.0
1999;2846;Gelterkinden;Steuerfuss_natürliche_Personen_Prozent;57.0
1999;2847;Häfelfingen;Steuerfuss_natürliche_Personen_Prozent;61.0
1999;2848;Hemmiken;Steuerfuss_natürliche_Personen_Prozent;65.0
1999;2849;Itingen;Steuerfuss_natürliche_Personen_Prozent;61.0
1999;2850;Känerkinden;Steuerfuss_natürliche_Personen_Prozent;58.0
1999;2851;Kilchberg;Steuerfuss_natürliche_Personen_Prozent;62.0
1999;2852;Läufelfingen;Steuerfuss_natürliche_Personen_Prozent;64.2
1999;2853;Maisprach;Steuerfuss_natürliche_Personen_Prozent;62.0
1999;2854;Nusshof;Steuerfuss_natürliche_Personen_Prozent;55.0
1999;2855;Oltingen;Steuerfuss_natürliche_Personen_Prozent;65.0
1999;2856;Ormalingen;Steuerfuss_natürliche_Personen_Prozent;60.42
1999;2857;Rickenbach;Steuerfuss_natürliche_Personen_Prozent;65.0
1999;2858;Rothenfluh;Steuerfuss_natürliche_Personen_Prozent;63.0
1999;2859;Rümlingen;Steuerfuss_natürliche_Personen_Prozent;63.0
1999;2860;Rünenberg;Steuerfuss_natürliche_Personen_Prozent;65.0
1999;2861;Sissach;Steuerfuss_natürliche_Personen_Prozent;62.64
1999;2862;Tecknau;Steuerfuss_natürliche_Personen_Prozent;65.0
1999;2863;Tenniken;Steuerfuss_natürliche_Personen_Prozent;63.0
1999;2864;Thürnen;Steuerfuss_natürliche_Personen_Prozent;58.0
1999;2865;Wenslingen;Steuerfuss_natürliche_Personen_Prozent;58.0
1999;2866;Wintersingen;Steuerfuss_natürliche_Personen_Prozent;57.0
1999;2867;Wittinsburg;Steuerfuss_natürliche_Personen_Prozent;57.0
1999;2868;Zeglingen;Steuerfuss_natürliche_Personen_Prozent;64.0
1999;2869;Zunzgen;Steuerfuss_natürliche_Personen_Prozent;64.5
1999;2881;Arboldswil;Steuerfuss_natürliche_Personen_Prozent;58.0
1999;2882;Bennwil;Steuerfuss_natürliche_Personen_Prozent;64.2
1999;2883;Bretzwil;Steuerfuss_natürliche_Personen_Prozent;63.0
1999;2884;Diegten;Steuerfuss_natürliche_Personen_Prozent;54.0
1999;2885;Eptingen;Steuerfuss_natürliche_Personen_Prozent;65.0
1999;2886;Hölstein;Steuerfuss_natürliche_Personen_Prozent;67.0
1999;2887;Lampenberg;Steuerfuss_natürliche_Personen_Prozent;60.0
1999;2888;Langenbruck;Steuerfuss_natürliche_Personen_Prozent;59.0
1999;2889;Lauwil;Steuerfuss_natürliche_Personen_Prozent;61.0
1999;2890;Liedertswil;Steuerfuss_natürliche_Personen_Prozent;61.5
1999;2891;Niederdorf;Steuerfuss_natürliche_Personen_Prozent;61.0
1999;2892;Oberdorf;Steuerfuss_natürliche_Personen_Prozent;65.0
1999;2893;Reigoldswil;Steuerfuss_natürliche_Personen_Prozent;62.0
1999;2894;Titterten;Steuerfuss_natürliche_Personen_Prozent;62.0
1999;2895;Waldenburg;Steuerfuss_natürliche_Personen_Prozent;67.0
1998;2761;Aesch;Steuerfuss_natürliche_Personen_Prozent;62.0
1998;2762;Allschwil;Steuerfuss_natürliche_Personen_Prozent;52.8
1998;2763;Arlesheim;Steuerfuss_natürliche_Personen_Prozent;48.6
1998;2764;Biel-Benken;Steuerfuss_natürliche_Personen_Prozent;46.0
1998;2765;Binningen;Steuerfuss_natürliche_Personen_Prozent;54.0
1998;2766;Birsfelden;Steuerfuss_natürliche_Personen_Prozent;62.0
1998;2767;Bottmingen;Steuerfuss_natürliche_Personen_Prozent;56.0
1998;2768;Ettingen;Steuerfuss_natürliche_Personen_Prozent;61.0
1998;2769;Münchenstein;Steuerfuss_natürliche_Personen_Prozent;56.0
1998;2770;Muttenz;Steuerfuss_natürliche_Personen_Prozent;59.36
1998;2771;Oberwil;Steuerfuss_natürliche_Personen_Prozent;48.0
1998;2772;Pfeffingen;Steuerfuss_natürliche_Personen_Prozent;59.0
1998;2773;Reinach;Steuerfuss_natürliche_Personen_Prozent;54.72
1998;2774;Schönenbuch;Steuerfuss_natürliche_Personen_Prozent;59.0
1998;2775;Therwil;Steuerfuss_natürliche_Personen_Prozent;56.16
1998;2781;Blauen;Steuerfuss_natürliche_Personen_Prozent;63.0
1998;2782;Brislach;Steuerfuss_natürliche_Personen_Prozent;63.0
1998;2783;Burg i.L.;Steuerfuss_natürliche_Personen_Prozent;66.0
1998;2784;Dittingen;Steuerfuss_natürliche_Personen_Prozent;65.0
1998;2785;Duggingen;Steuerfuss_natürliche_Personen_Prozent;68.0
1998;2786;Grellingen;Steuerfuss_natürliche_Personen_Prozent;62.5
1998;2787;Laufen;Steuerfuss_natürliche_Personen_Prozent;64.0
1998;2788;Liesberg;Steuerfuss_natürliche_Personen_Prozent;65.0
1998;2789;Nenzlingen;Steuerfuss_natürliche_Personen_Prozent;62.5
1998;2790;Roggenburg;Steuerfuss_natürliche_Personen_Prozent;62.5
1998;2791;Röschenz;Steuerfuss_natürliche_Personen_Prozent;64.0
1998;2792;Wahlen;Steuerfuss_natürliche_Personen_Prozent;62.5
1998;2793;Zwingen;Steuerfuss_natürliche_Personen_Prozent;62.0
1998;2821;Arisdorf;Steuerfuss_natürliche_Personen_Prozent;62.0
1998;2822;Augst;Steuerfuss_natürliche_Personen_Prozent;49.95
1998;2823;Bubendorf;Steuerfuss_natürliche_Personen_Prozent;62.7
1998;2824;Frenkendorf;Steuerfuss_natürliche_Personen_Prozent;59.0
1998;2825;Füllinsdorf;Steuerfuss_natürliche_Personen_Prozent;66.0
1998;2826;Giebenach;Steuerfuss_natürliche_Personen_Prozent;62.0
1998;2827;Hersberg;Steuerfuss_natürliche_Personen_Prozent;55.0
1998;2828;Lausen;Steuerfuss_natürliche_Personen_Prozent;53.0
1998;2829;Liestal;Steuerfuss_natürliche_Personen_Prozent;65.55
1998;2830;Lupsingen;Steuerfuss_natürliche_Personen_Prozent;63.0
1998;2831;Pratteln;Steuerfuss_natürliche_Personen_Prozent;63.8
1998;2832;Ramlinsburg;Steuerfuss_natürliche_Personen_Prozent;65.0
1998;2833;Seltisberg;Steuerfuss_natürliche_Personen_Prozent;55.0
1998;2834;Ziefen;Steuerfuss_natürliche_Personen_Prozent;63.0
1998;2841;Anwil;Steuerfuss_natürliche_Personen_Prozent;57.0
1998;2842;Böckten;Steuerfuss_natürliche_Personen_Prozent;59.0
1998;2843;Buckten;Steuerfuss_natürliche_Personen_Prozent;62.0
1998;2844;Buus;Steuerfuss_natürliche_Personen_Prozent;62.0
1998;2845;Diepflingen;Steuerfuss_natürliche_Personen_Prozent;65.0
1998;2846;Gelterkinden;Steuerfuss_natürliche_Personen_Prozent;57.0
1998;2847;Häfelfingen;Steuerfuss_natürliche_Personen_Prozent;61.0
1998;2848;Hemmiken;Steuerfuss_natürliche_Personen_Prozent;65.0
1998;2849;Itingen;Steuerfuss_natürliche_Personen_Prozent;61.0
1998;2850;Känerkinden;Steuerfuss_natürliche_Personen_Prozent;58.0
1998;2851;Kilchberg;Steuerfuss_natürliche_Personen_Prozent;62.0
1998;2852;Läufelfingen;Steuerfuss_natürliche_Personen_Prozent;64.2
1998;2853;Maisprach;Steuerfuss_natürliche_Personen_Prozent;62.0
1998;2854;Nusshof;Steuerfuss_natürliche_Personen_Prozent;55.0
1998;2855;Oltingen;Steuerfuss_natürliche_Personen_Prozent;65.0
1998;2856;Ormalingen;Steuerfuss_natürliche_Personen_Prozent;60.42
1998;2857;Rickenbach;Steuerfuss_natürliche_Personen_Prozent;65.0
1998;2858;Rothenfluh;Steuerfuss_natürliche_Personen_Prozent;63.0
1998;2859;Rümlingen;Steuerfuss_natürliche_Personen_Prozent;63.0
1998;2860;Rünenberg;Steuerfuss_natürliche_Personen_Prozent;63.0
1998;2861;Sissach;Steuerfuss_natürliche_Personen_Prozent;62.64
1998;2862;Tecknau;Steuerfuss_natürliche_Personen_Prozent;65.0
1998;2863;Tenniken;Steuerfuss_natürliche_Personen_Prozent;63.0
1998;2864;Thürnen;Steuerfuss_natürliche_Personen_Prozent;63.0
1998;2865;Wenslingen;Steuerfuss_natürliche_Personen_Prozent;60.0
1998;2866;Wintersingen;Steuerfuss_natürliche_Personen_Prozent;57.0
1998;2867;Wittinsburg;Steuerfuss_natürliche_Personen_Prozent;57.0
1998;2868;Zeglingen;Steuerfuss_natürliche_Personen_Prozent;64.0
1998;2869;Zunzgen;Steuerfuss_natürliche_Personen_Prozent;64.5
1998;2881;Arboldswil;Steuerfuss_natürliche_Personen_Prozent;58.0
1998;2882;Bennwil;Steuerfuss_natürliche_Personen_Prozent;64.2
1998;2883;Bretzwil;Steuerfuss_natürliche_Personen_Prozent;63.0
1998;2884;Diegten;Steuerfuss_natürliche_Personen_Prozent;54.0
1998;2885;Eptingen;Steuerfuss_natürliche_Personen_Prozent;65.0
1998;2886;Hölstein;Steuerfuss_natürliche_Personen_Prozent;67.0
1998;2887;Lampenberg;Steuerfuss_natürliche_Personen_Prozent;60.0
1998;2888;Langenbruck;Steuerfuss_natürliche_Personen_Prozent;59.0
1998;2889;Lauwil;Steuerfuss_natürliche_Personen_Prozent;60.0
1998;2890;Liedertswil;Steuerfuss_natürliche_Personen_Prozent;61.5
1998;2891;Niederdorf;Steuerfuss_natürliche_Personen_Prozent;61.0
1998;2892;Oberdorf;Steuerfuss_natürliche_Personen_Prozent;67.0
1998;2893;Reigoldswil;Steuerfuss_natürliche_Personen_Prozent;62.0
1998;2894;Titterten;Steuerfuss_natürliche_Personen_Prozent;62.0
1998;2895;Waldenburg;Steuerfuss_natürliche_Personen_Prozent;67.0
1997;2761;Aesch;Steuerfuss_natürliche_Personen_Prozent;60.0
1997;2762;Allschwil;Steuerfuss_natürliche_Personen_Prozent;52.8
1997;2763;Arlesheim;Steuerfuss_natürliche_Personen_Prozent;49.05
1997;2764;Biel-Benken;Steuerfuss_natürliche_Personen_Prozent;46.0
1997;2765;Binningen;Steuerfuss_natürliche_Personen_Prozent;54.0
1997;2766;Birsfelden;Steuerfuss_natürliche_Personen_Prozent;62.0
1997;2767;Bottmingen;Steuerfuss_natürliche_Personen_Prozent;56.0
1997;2768;Ettingen;Steuerfuss_natürliche_Personen_Prozent;61.0
1997;2769;Münchenstein;Steuerfuss_natürliche_Personen_Prozent;56.0
1997;2770;Muttenz;Steuerfuss_natürliche_Personen_Prozent;59.36
1997;2771;Oberwil;Steuerfuss_natürliche_Personen_Prozent;48.0
1997;2772;Pfeffingen;Steuerfuss_natürliche_Personen_Prozent;59.0
1997;2773;Reinach;Steuerfuss_natürliche_Personen_Prozent;54.72
1997;2774;Schönenbuch;Steuerfuss_natürliche_Personen_Prozent;59.0
1997;2775;Therwil;Steuerfuss_natürliche_Personen_Prozent;56.16
1997;2781;Blauen;Steuerfuss_natürliche_Personen_Prozent;65.0
1997;2782;Brislach;Steuerfuss_natürliche_Personen_Prozent;65.0
1997;2783;Burg i.L.;Steuerfuss_natürliche_Personen_Prozent;66.0
1997;2784;Dittingen;Steuerfuss_natürliche_Personen_Prozent;65.0
1997;2785;Duggingen;Steuerfuss_natürliche_Personen_Prozent;68.0
1997;2786;Grellingen;Steuerfuss_natürliche_Personen_Prozent;62.5
1997;2787;Laufen;Steuerfuss_natürliche_Personen_Prozent;64.0
1997;2788;Liesberg;Steuerfuss_natürliche_Personen_Prozent;65.0
1997;2789;Nenzlingen;Steuerfuss_natürliche_Personen_Prozent;62.5
1997;2790;Roggenburg;Steuerfuss_natürliche_Personen_Prozent;62.5
1997;2791;Röschenz;Steuerfuss_natürliche_Personen_Prozent;65.0
1997;2792;Wahlen;Steuerfuss_natürliche_Personen_Prozent;62.5
1997;2793;Zwingen;Steuerfuss_natürliche_Personen_Prozent;62.0
1997;2821;Arisdorf;Steuerfuss_natürliche_Personen_Prozent;62.0
1997;2822;Augst;Steuerfuss_natürliche_Personen_Prozent;49.95
1997;2823;Bubendorf;Steuerfuss_natürliche_Personen_Prozent;62.7
1997;2824;Frenkendorf;Steuerfuss_natürliche_Personen_Prozent;59.0
1997;2825;Füllinsdorf;Steuerfuss_natürliche_Personen_Prozent;66.0
1997;2826;Giebenach;Steuerfuss_natürliche_Personen_Prozent;62.0
1997;2827;Hersberg;Steuerfuss_natürliche_Personen_Prozent;55.0
1997;2828;Lausen;Steuerfuss_natürliche_Personen_Prozent;53.0
1997;2829;Liestal;Steuerfuss_natürliche_Personen_Prozent;63.84
1997;2830;Lupsingen;Steuerfuss_natürliche_Personen_Prozent;59.0
1997;2831;Pratteln;Steuerfuss_natürliche_Personen_Prozent;63.8
1997;2832;Ramlinsburg;Steuerfuss_natürliche_Personen_Prozent;65.0
1997;2833;Seltisberg;Steuerfuss_natürliche_Personen_Prozent;55.0
1997;2834;Ziefen;Steuerfuss_natürliche_Personen_Prozent;66.0
1997;2841;Anwil;Steuerfuss_natürliche_Personen_Prozent;57.0
1997;2842;Böckten;Steuerfuss_natürliche_Personen_Prozent;59.0
1997;2843;Buckten;Steuerfuss_natürliche_Personen_Prozent;62.0
1997;2844;Buus;Steuerfuss_natürliche_Personen_Prozent;56.0
1997;2845;Diepflingen;Steuerfuss_natürliche_Personen_Prozent;65.0
1997;2846;Gelterkinden;Steuerfuss_natürliche_Personen_Prozent;52.0
1997;2847;Häfelfingen;Steuerfuss_natürliche_Personen_Prozent;61.0
1997;2848;Hemmiken;Steuerfuss_natürliche_Personen_Prozent;65.0
1997;2849;Itingen;Steuerfuss_natürliche_Personen_Prozent;61.0
1997;2850;Känerkinden;Steuerfuss_natürliche_Personen_Prozent;58.0
1997;2851;Kilchberg;Steuerfuss_natürliche_Personen_Prozent;62.0
1997;2852;Läufelfingen;Steuerfuss_natürliche_Personen_Prozent;64.2
1997;2853;Maisprach;Steuerfuss_natürliche_Personen_Prozent;62.0
1997;2854;Nusshof;Steuerfuss_natürliche_Personen_Prozent;55.0
1997;2855;Oltingen;Steuerfuss_natürliche_Personen_Prozent;65.0
1997;2856;Ormalingen;Steuerfuss_natürliche_Personen_Prozent;60.42
1997;2857;Rickenbach;Steuerfuss_natürliche_Personen_Prozent;65.0
1997;2858;Rothenfluh;Steuerfuss_natürliche_Personen_Prozent;63.0
1997;2859;Rümlingen;Steuerfuss_natürliche_Personen_Prozent;63.0
1997;2860;Rünenberg;Steuerfuss_natürliche_Personen_Prozent;63.0
1997;2861;Sissach;Steuerfuss_natürliche_Personen_Prozent;62.64
1997;2862;Tecknau;Steuerfuss_natürliche_Personen_Prozent;65.0
1997;2863;Tenniken;Steuerfuss_natürliche_Personen_Prozent;63.0
1997;2864;Thürnen;Steuerfuss_natürliche_Personen_Prozent;63.0
1997;2865;Wenslingen;Steuerfuss_natürliche_Personen_Prozent;60.0
1997;2866;Wintersingen;Steuerfuss_natürliche_Personen_Prozent;57.0
1997;2867;Wittinsburg;Steuerfuss_natürliche_Personen_Prozent;57.0
1997;2868;Zeglingen;Steuerfuss_natürliche_Personen_Prozent;64.0
1997;2869;Zunzgen;Steuerfuss_natürliche_Personen_Prozent;64.5
1997;2881;Arboldswil;Steuerfuss_natürliche_Personen_Prozent;58.0
1997;2882;Bennwil;Steuerfuss_natürliche_Personen_Prozent;64.2
1997;2883;Bretzwil;Steuerfuss_natürliche_Personen_Prozent;63.0
1997;2884;Diegten;Steuerfuss_natürliche_Personen_Prozent;54.0
1997;2885;Eptingen;Steuerfuss_natürliche_Personen_Prozent;65.0
1997;2886;Hölstein;Steuerfuss_natürliche_Personen_Prozent;67.0
1997;2887;Lampenberg;Steuerfuss_natürliche_Personen_Prozent;60.0
1997;2888;Langenbruck;Steuerfuss_natürliche_Personen_Prozent;59.0
1997;2889;Lauwil;Steuerfuss_natürliche_Personen_Prozent;60.0
1997;2890;Liedertswil;Steuerfuss_natürliche_Personen_Prozent;61.5
1997;2891;Niederdorf;Steuerfuss_natürliche_Personen_Prozent;61.0
1997;2892;Oberdorf;Steuerfuss_natürliche_Personen_Prozent;67.0
1997;2893;Reigoldswil;Steuerfuss_natürliche_Personen_Prozent;62.0
1997;2894;Titterten;Steuerfuss_natürliche_Personen_Prozent;62.0
1997;2895;Waldenburg;Steuerfuss_natürliche_Personen_Prozent;67.0
1996;2761;Aesch;Steuerfuss_natürliche_Personen_Prozent;60.0
1996;2762;Allschwil;Steuerfuss_natürliche_Personen_Prozent;52.8
1996;2763;Arlesheim;Steuerfuss_natürliche_Personen_Prozent;50.18
1996;2764;Biel-Benken;Steuerfuss_natürliche_Personen_Prozent;46.0
1996;2765;Binningen;Steuerfuss_natürliche_Personen_Prozent;54.0
1996;2766;Birsfelden;Steuerfuss_natürliche_Personen_Prozent;57.0
1996;2767;Bottmingen;Steuerfuss_natürliche_Personen_Prozent;56.0
1996;2768;Ettingen;Steuerfuss_natürliche_Personen_Prozent;58.0
1996;2769;Münchenstein;Steuerfuss_natürliche_Personen_Prozent;54.5
1996;2770;Muttenz;Steuerfuss_natürliche_Personen_Prozent;59.36
1996;2771;Oberwil;Steuerfuss_natürliche_Personen_Prozent;48.0
1996;2772;Pfeffingen;Steuerfuss_natürliche_Personen_Prozent;59.0
1996;2773;Reinach;Steuerfuss_natürliche_Personen_Prozent;54.72
1996;2774;Schönenbuch;Steuerfuss_natürliche_Personen_Prozent;59.0
1996;2775;Therwil;Steuerfuss_natürliche_Personen_Prozent;56.16
1996;2781;Blauen;Steuerfuss_natürliche_Personen_Prozent;65.0
1996;2782;Brislach;Steuerfuss_natürliche_Personen_Prozent;65.0
1996;2783;Burg i.L.;Steuerfuss_natürliche_Personen_Prozent;66.0
1996;2784;Dittingen;Steuerfuss_natürliche_Personen_Prozent;65.0
1996;2785;Duggingen;Steuerfuss_natürliche_Personen_Prozent;68.0
1996;2786;Grellingen;Steuerfuss_natürliche_Personen_Prozent;62.5
1996;2787;Laufen;Steuerfuss_natürliche_Personen_Prozent;64.0
1996;2788;Liesberg;Steuerfuss_natürliche_Personen_Prozent;65.0
1996;2789;Nenzlingen;Steuerfuss_natürliche_Personen_Prozent;62.5
1996;2790;Roggenburg;Steuerfuss_natürliche_Personen_Prozent;62.5
1996;2791;Röschenz;Steuerfuss_natürliche_Personen_Prozent;66.0
1996;2792;Wahlen;Steuerfuss_natürliche_Personen_Prozent;62.5
1996;2793;Zwingen;Steuerfuss_natürliche_Personen_Prozent;65.0
1996;2821;Arisdorf;Steuerfuss_natürliche_Personen_Prozent;62.0
1996;2822;Augst;Steuerfuss_natürliche_Personen_Prozent;49.95
1996;2823;Bubendorf;Steuerfuss_natürliche_Personen_Prozent;62.7
1996;2824;Frenkendorf;Steuerfuss_natürliche_Personen_Prozent;59.0
1996;2825;Füllinsdorf;Steuerfuss_natürliche_Personen_Prozent;66.0
1996;2826;Giebenach;Steuerfuss_natürliche_Personen_Prozent;62.0
1996;2827;Hersberg;Steuerfuss_natürliche_Personen_Prozent;55.0
1996;2828;Lausen;Steuerfuss_natürliche_Personen_Prozent;53.0
1996;2829;Liestal;Steuerfuss_natürliche_Personen_Prozent;62.7
1996;2830;Lupsingen;Steuerfuss_natürliche_Personen_Prozent;59.0
1996;2831;Pratteln;Steuerfuss_natürliche_Personen_Prozent;63.8
1996;2832;Ramlinsburg;Steuerfuss_natürliche_Personen_Prozent;60.0
1996;2833;Seltisberg;Steuerfuss_natürliche_Personen_Prozent;55.0
1996;2834;Ziefen;Steuerfuss_natürliche_Personen_Prozent;63.0
1996;2841;Anwil;Steuerfuss_natürliche_Personen_Prozent;57.0
1996;2842;Böckten;Steuerfuss_natürliche_Personen_Prozent;59.0
1996;2843;Buckten;Steuerfuss_natürliche_Personen_Prozent;62.0
1996;2844;Buus;Steuerfuss_natürliche_Personen_Prozent;56.0
1996;2845;Diepflingen;Steuerfuss_natürliche_Personen_Prozent;65.0
1996;2846;Gelterkinden;Steuerfuss_natürliche_Personen_Prozent;52.0
1996;2847;Häfelfingen;Steuerfuss_natürliche_Personen_Prozent;61.0
1996;2848;Hemmiken;Steuerfuss_natürliche_Personen_Prozent;65.0
1996;2849;Itingen;Steuerfuss_natürliche_Personen_Prozent;59.0
1996;2850;Känerkinden;Steuerfuss_natürliche_Personen_Prozent;58.0
1996;2851;Kilchberg;Steuerfuss_natürliche_Personen_Prozent;62.0
1996;2852;Läufelfingen;Steuerfuss_natürliche_Personen_Prozent;64.2
1996;2853;Maisprach;Steuerfuss_natürliche_Personen_Prozent;62.0
1996;2854;Nusshof;Steuerfuss_natürliche_Personen_Prozent;55.0
1996;2855;Oltingen;Steuerfuss_natürliche_Personen_Prozent;65.0
1996;2856;Ormalingen;Steuerfuss_natürliche_Personen_Prozent;60.42
1996;2857;Rickenbach;Steuerfuss_natürliche_Personen_Prozent;65.0
1996;2858;Rothenfluh;Steuerfuss_natürliche_Personen_Prozent;63.0
1996;2859;Rümlingen;Steuerfuss_natürliche_Personen_Prozent;63.0
1996;2860;Rünenberg;Steuerfuss_natürliche_Personen_Prozent;63.0
1996;2861;Sissach;Steuerfuss_natürliche_Personen_Prozent;62.64
1996;2862;Tecknau;Steuerfuss_natürliche_Personen_Prozent;63.0
1996;2863;Tenniken;Steuerfuss_natürliche_Personen_Prozent;60.0
1996;2864;Thürnen;Steuerfuss_natürliche_Personen_Prozent;63.0
1996;2865;Wenslingen;Steuerfuss_natürliche_Personen_Prozent;60.0
1996;2866;Wintersingen;Steuerfuss_natürliche_Personen_Prozent;57.0
1996;2867;Wittinsburg;Steuerfuss_natürliche_Personen_Prozent;57.0
1996;2868;Zeglingen;Steuerfuss_natürliche_Personen_Prozent;64.0
1996;2869;Zunzgen;Steuerfuss_natürliche_Personen_Prozent;64.5
1996;2881;Arboldswil;Steuerfuss_natürliche_Personen_Prozent;58.0
1996;2882;Bennwil;Steuerfuss_natürliche_Personen_Prozent;63.0
1996;2883;Bretzwil;Steuerfuss_natürliche_Personen_Prozent;63.0
1996;2884;Diegten;Steuerfuss_natürliche_Personen_Prozent;54.0
1996;2885;Eptingen;Steuerfuss_natürliche_Personen_Prozent;65.0
1996;2886;Hölstein;Steuerfuss_natürliche_Personen_Prozent;67.0
1996;2887;Lampenberg;Steuerfuss_natürliche_Personen_Prozent;60.0
1996;2888;Langenbruck;Steuerfuss_natürliche_Personen_Prozent;59.0
1996;2889;Lauwil;Steuerfuss_natürliche_Personen_Prozent;60.0
1996;2890;Liedertswil;Steuerfuss_natürliche_Personen_Prozent;61.5
1996;2891;Niederdorf;Steuerfuss_natürliche_Personen_Prozent;59.0
1996;2892;Oberdorf;Steuerfuss_natürliche_Personen_Prozent;67.0
1996;2893;Reigoldswil;Steuerfuss_natürliche_Personen_Prozent;62.0
1996;2894;Titterten;Steuerfuss_natürliche_Personen_Prozent;62.0
1996;2895;Waldenburg;Steuerfuss_natürliche_Personen_Prozent;67.0
1995;2761;Aesch;Steuerfuss_natürliche_Personen_Prozent;60.0
1995;2762;Allschwil;Steuerfuss_natürliche_Personen_Prozent;52.8
1995;2763;Arlesheim;Steuerfuss_natürliche_Personen_Prozent;50.18
1995;2764;Biel-Benken;Steuerfuss_natürliche_Personen_Prozent;46.0
1995;2765;Binningen;Steuerfuss_natürliche_Personen_Prozent;54.0
1995;2766;Birsfelden;Steuerfuss_natürliche_Personen_Prozent;57.0
1995;2767;Bottmingen;Steuerfuss_natürliche_Personen_Prozent;56.0
1995;2768;Ettingen;Steuerfuss_natürliche_Personen_Prozent;58.0
1995;2769;Münchenstein;Steuerfuss_natürliche_Personen_Prozent;54.5
1995;2770;Muttenz;Steuerfuss_natürliche_Personen_Prozent;59.36
1995;2771;Oberwil;Steuerfuss_natürliche_Personen_Prozent;48.0
1995;2772;Pfeffingen;Steuerfuss_natürliche_Personen_Prozent;59.0
1995;2773;Reinach;Steuerfuss_natürliche_Personen_Prozent;54.72
1995;2774;Schönenbuch;Steuerfuss_natürliche_Personen_Prozent;59.0
1995;2775;Therwil;Steuerfuss_natürliche_Personen_Prozent;56.16
1995;2781;Blauen;Steuerfuss_natürliche_Personen_Prozent;67.0
1995;2782;Brislach;Steuerfuss_natürliche_Personen_Prozent;65.0
1995;2783;Burg i.L.;Steuerfuss_natürliche_Personen_Prozent;70.0
1995;2784;Dittingen;Steuerfuss_natürliche_Personen_Prozent;65.0
1995;2785;Duggingen;Steuerfuss_natürliche_Personen_Prozent;68.0
1995;2786;Grellingen;Steuerfuss_natürliche_Personen_Prozent;62.5
1995;2787;Laufen;Steuerfuss_natürliche_Personen_Prozent;60.0
1995;2788;Liesberg;Steuerfuss_natürliche_Personen_Prozent;65.0
1995;2789;Nenzlingen;Steuerfuss_natürliche_Personen_Prozent;62.5
1995;2790;Roggenburg;Steuerfuss_natürliche_Personen_Prozent;62.5
1995;2791;Röschenz;Steuerfuss_natürliche_Personen_Prozent;66.0
1995;2792;Wahlen;Steuerfuss_natürliche_Personen_Prozent;62.5
1995;2793;Zwingen;Steuerfuss_natürliche_Personen_Prozent;65.0
1995;2821;Arisdorf;Steuerfuss_natürliche_Personen_Prozent;62.0
1995;2822;Augst;Steuerfuss_natürliche_Personen_Prozent;49.05
1995;2823;Bubendorf;Steuerfuss_natürliche_Personen_Prozent;62.7
1995;2824;Frenkendorf;Steuerfuss_natürliche_Personen_Prozent;59.0
1995;2825;Füllinsdorf;Steuerfuss_natürliche_Personen_Prozent;66.0
1995;2826;Giebenach;Steuerfuss_natürliche_Personen_Prozent;62.0
1995;2827;Hersberg;Steuerfuss_natürliche_Personen_Prozent;55.0
1995;2828;Lausen;Steuerfuss_natürliche_Personen_Prozent;53.0
1995;2829;Liestal;Steuerfuss_natürliche_Personen_Prozent;62.7
1995;2830;Lupsingen;Steuerfuss_natürliche_Personen_Prozent;59.0
1995;2831;Pratteln;Steuerfuss_natürliche_Personen_Prozent;63.8
1995;2832;Ramlinsburg;Steuerfuss_natürliche_Personen_Prozent;60.0
1995;2833;Seltisberg;Steuerfuss_natürliche_Personen_Prozent;55.0
1995;2834;Ziefen;Steuerfuss_natürliche_Personen_Prozent;60.0
1995;2841;Anwil;Steuerfuss_natürliche_Personen_Prozent;57.0
1995;2842;Böckten;Steuerfuss_natürliche_Personen_Prozent;59.0
1995;2843;Buckten;Steuerfuss_natürliche_Personen_Prozent;62.0
1995;2844;Buus;Steuerfuss_natürliche_Personen_Prozent;56.0
1995;2845;Diepflingen;Steuerfuss_natürliche_Personen_Prozent;65.0
1995;2846;Gelterkinden;Steuerfuss_natürliche_Personen_Prozent;52.0
1995;2847;Häfelfingen;Steuerfuss_natürliche_Personen_Prozent;61.0
1995;2848;Hemmiken;Steuerfuss_natürliche_Personen_Prozent;65.0
1995;2849;Itingen;Steuerfuss_natürliche_Personen_Prozent;53.0
1995;2850;Känerkinden;Steuerfuss_natürliche_Personen_Prozent;58.0
1995;2851;Kilchberg;Steuerfuss_natürliche_Personen_Prozent;62.0
1995;2852;Läufelfingen;Steuerfuss_natürliche_Personen_Prozent;64.2
1995;2853;Maisprach;Steuerfuss_natürliche_Personen_Prozent;60.0
1995;2854;Nusshof;Steuerfuss_natürliche_Personen_Prozent;55.0
1995;2855;Oltingen;Steuerfuss_natürliche_Personen_Prozent;65.0
1995;2856;Ormalingen;Steuerfuss_natürliche_Personen_Prozent;60.42
1995;2857;Rickenbach;Steuerfuss_natürliche_Personen_Prozent;65.0
1995;2858;Rothenfluh;Steuerfuss_natürliche_Personen_Prozent;63.0
1995;2859;Rümlingen;Steuerfuss_natürliche_Personen_Prozent;63.0
1995;2860;Rünenberg;Steuerfuss_natürliche_Personen_Prozent;63.0
1995;2861;Sissach;Steuerfuss_natürliche_Personen_Prozent;62.4
1995;2862;Tecknau;Steuerfuss_natürliche_Personen_Prozent;63.0
1995;2863;Tenniken;Steuerfuss_natürliche_Personen_Prozent;60.0
1995;2864;Thürnen;Steuerfuss_natürliche_Personen_Prozent;63.0
1995;2865;Wenslingen;Steuerfuss_natürliche_Personen_Prozent;60.0
1995;2866;Wintersingen;Steuerfuss_natürliche_Personen_Prozent;57.0
1995;2867;Wittinsburg;Steuerfuss_natürliche_Personen_Prozent;57.0
1995;2868;Zeglingen;Steuerfuss_natürliche_Personen_Prozent;64.0
1995;2869;Zunzgen;Steuerfuss_natürliche_Personen_Prozent;63.0
1995;2881;Arboldswil;Steuerfuss_natürliche_Personen_Prozent;58.0
1995;2882;Bennwil;Steuerfuss_natürliche_Personen_Prozent;63.0
1995;2883;Bretzwil;Steuerfuss_natürliche_Personen_Prozent;63.0
1995;2884;Diegten;Steuerfuss_natürliche_Personen_Prozent;54.0
1995;2885;Eptingen;Steuerfuss_natürliche_Personen_Prozent;65.0
1995;2886;Hölstein;Steuerfuss_natürliche_Personen_Prozent;67.0
1995;2887;Lampenberg;Steuerfuss_natürliche_Personen_Prozent;60.0
1995;2888;Langenbruck;Steuerfuss_natürliche_Personen_Prozent;65.0
1995;2889;Lauwil;Steuerfuss_natürliche_Personen_Prozent;60.0
1995;2890;Liedertswil;Steuerfuss_natürliche_Personen_Prozent;61.5
1995;2891;Niederdorf;Steuerfuss_natürliche_Personen_Prozent;59.0
1995;2892;Oberdorf;Steuerfuss_natürliche_Personen_Prozent;67.0
1995;2893;Reigoldswil;Steuerfuss_natürliche_Personen_Prozent;62.0
1995;2894;Titterten;Steuerfuss_natürliche_Personen_Prozent;62.0
1995;2895;Waldenburg;Steuerfuss_natürliche_Personen_Prozent;64.0
1994;2761;Aesch;Steuerfuss_natürliche_Personen_Prozent;60.0
1994;2762;Allschwil;Steuerfuss_natürliche_Personen_Prozent;52.8
1994;2763;Arlesheim;Steuerfuss_natürliche_Personen_Prozent;50.18
1994;2764;Biel-Benken;Steuerfuss_natürliche_Personen_Prozent;46.0
1994;2765;Binningen;Steuerfuss_natürliche_Personen_Prozent;52.0
1994;2766;Birsfelden;Steuerfuss_natürliche_Personen_Prozent;53.0
1994;2767;Bottmingen;Steuerfuss_natürliche_Personen_Prozent;57.0
1994;2768;Ettingen;Steuerfuss_natürliche_Personen_Prozent;58.0
1994;2769;Münchenstein;Steuerfuss_natürliche_Personen_Prozent;54.5
1994;2770;Muttenz;Steuerfuss_natürliche_Personen_Prozent;58.3
1994;2771;Oberwil;Steuerfuss_natürliche_Personen_Prozent;50.0
1994;2772;Pfeffingen;Steuerfuss_natürliche_Personen_Prozent;59.0
1994;2773;Reinach;Steuerfuss_natürliche_Personen_Prozent;54.24
1994;2774;Schönenbuch;Steuerfuss_natürliche_Personen_Prozent;59.0
1994;2775;Therwil;Steuerfuss_natürliche_Personen_Prozent;56.16
1994;2781;Blauen;Steuerfuss_natürliche_Personen_Prozent;67.0
1994;2782;Brislach;Steuerfuss_natürliche_Personen_Prozent;65.0
1994;2783;Burg i.L.;Steuerfuss_natürliche_Personen_Prozent;70.0
1994;2784;Dittingen;Steuerfuss_natürliche_Personen_Prozent;65.0
1994;2785;Duggingen;Steuerfuss_natürliche_Personen_Prozent;68.0
1994;2786;Grellingen;Steuerfuss_natürliche_Personen_Prozent;62.5
1994;2787;Laufen;Steuerfuss_natürliche_Personen_Prozent;60.0
1994;2788;Liesberg;Steuerfuss_natürliche_Personen_Prozent;65.0
1994;2789;Nenzlingen;Steuerfuss_natürliche_Personen_Prozent;62.5
1994;2790;Roggenburg;Steuerfuss_natürliche_Personen_Prozent;62.5
1994;2791;Röschenz;Steuerfuss_natürliche_Personen_Prozent;66.0
1994;2792;Wahlen;Steuerfuss_natürliche_Personen_Prozent;62.5
1994;2793;Zwingen;Steuerfuss_natürliche_Personen_Prozent;65.0
1994;2821;Arisdorf;Steuerfuss_natürliche_Personen_Prozent;62.0
1994;2822;Augst;Steuerfuss_natürliche_Personen_Prozent;49.05
1994;2823;Bubendorf;Steuerfuss_natürliche_Personen_Prozent;62.7
1994;2824;Frenkendorf;Steuerfuss_natürliche_Personen_Prozent;59.0
1994;2825;Füllinsdorf;Steuerfuss_natürliche_Personen_Prozent;64.0
1994;2826;Giebenach;Steuerfuss_natürliche_Personen_Prozent;62.0
1994;2827;Hersberg;Steuerfuss_natürliche_Personen_Prozent;55.0
1994;2828;Lausen;Steuerfuss_natürliche_Personen_Prozent;52.0
1994;2829;Liestal;Steuerfuss_natürliche_Personen_Prozent;62.7
1994;2830;Lupsingen;Steuerfuss_natürliche_Personen_Prozent;59.0
1994;2831;Pratteln;Steuerfuss_natürliche_Personen_Prozent;62.35
1994;2832;Ramlinsburg;Steuerfuss_natürliche_Personen_Prozent;60.0
1994;2833;Seltisberg;Steuerfuss_natürliche_Personen_Prozent;54.5
1994;2834;Ziefen;Steuerfuss_natürliche_Personen_Prozent;60.0
1994;2841;Anwil;Steuerfuss_natürliche_Personen_Prozent;57.0
1994;2842;Böckten;Steuerfuss_natürliche_Personen_Prozent;59.0
1994;2843;Buckten;Steuerfuss_natürliche_Personen_Prozent;62.0
1994;2844;Buus;Steuerfuss_natürliche_Personen_Prozent;56.0
1994;2845;Diepflingen;Steuerfuss_natürliche_Personen_Prozent;65.0
1994;2846;Gelterkinden;Steuerfuss_natürliche_Personen_Prozent;52.0
1994;2847;Häfelfingen;Steuerfuss_natürliche_Personen_Prozent;61.0
1994;2848;Hemmiken;Steuerfuss_natürliche_Personen_Prozent;65.0
1994;2849;Itingen;Steuerfuss_natürliche_Personen_Prozent;53.0
1994;2850;Känerkinden;Steuerfuss_natürliche_Personen_Prozent;58.0
1994;2851;Kilchberg;Steuerfuss_natürliche_Personen_Prozent;62.0
1994;2852;Läufelfingen;Steuerfuss_natürliche_Personen_Prozent;64.2
1994;2853;Maisprach;Steuerfuss_natürliche_Personen_Prozent;60.0
1994;2854;Nusshof;Steuerfuss_natürliche_Personen_Prozent;58.0
1994;2855;Oltingen;Steuerfuss_natürliche_Personen_Prozent;62.0
1994;2856;Ormalingen;Steuerfuss_natürliche_Personen_Prozent;60.42
1994;2857;Rickenbach;Steuerfuss_natürliche_Personen_Prozent;65.0
1994;2858;Rothenfluh;Steuerfuss_natürliche_Personen_Prozent;63.0
1994;2859;Rümlingen;Steuerfuss_natürliche_Personen_Prozent;63.0
1994;2860;Rünenberg;Steuerfuss_natürliche_Personen_Prozent;63.0
1994;2861;Sissach;Steuerfuss_natürliche_Personen_Prozent;62.4
1994;2862;Tecknau;Steuerfuss_natürliche_Personen_Prozent;61.0
1994;2863;Tenniken;Steuerfuss_natürliche_Personen_Prozent;60.0
1994;2864;Thürnen;Steuerfuss_natürliche_Personen_Prozent;60.0
1994;2865;Wenslingen;Steuerfuss_natürliche_Personen_Prozent;60.0
1994;2866;Wintersingen;Steuerfuss_natürliche_Personen_Prozent;57.0
1994;2867;Wittinsburg;Steuerfuss_natürliche_Personen_Prozent;57.0
1994;2868;Zeglingen;Steuerfuss_natürliche_Personen_Prozent;64.0
1994;2869;Zunzgen;Steuerfuss_natürliche_Personen_Prozent;63.0
1994;2881;Arboldswil;Steuerfuss_natürliche_Personen_Prozent;58.0
1994;2882;Bennwil;Steuerfuss_natürliche_Personen_Prozent;63.0
1994;2883;Bretzwil;Steuerfuss_natürliche_Personen_Prozent;60.0
1994;2884;Diegten;Steuerfuss_natürliche_Personen_Prozent;54.0
1994;2885;Eptingen;Steuerfuss_natürliche_Personen_Prozent;65.0
1994;2886;Hölstein;Steuerfuss_natürliche_Personen_Prozent;67.0
1994;2887;Lampenberg;Steuerfuss_natürliche_Personen_Prozent;60.0
1994;2888;Langenbruck;Steuerfuss_natürliche_Personen_Prozent;65.0
1994;2889;Lauwil;Steuerfuss_natürliche_Personen_Prozent;55.0
1994;2890;Liedertswil;Steuerfuss_natürliche_Personen_Prozent;62.0
1994;2891;Niederdorf;Steuerfuss_natürliche_Personen_Prozent;59.0
1994;2892;Oberdorf;Steuerfuss_natürliche_Personen_Prozent;65.0
1994;2893;Reigoldswil;Steuerfuss_natürliche_Personen_Prozent;59.0
1994;2894;Titterten;Steuerfuss_natürliche_Personen_Prozent;62.0
1994;2895;Waldenburg;Steuerfuss_natürliche_Personen_Prozent;64.0
1993;2761;Aesch;Steuerfuss_natürliche_Personen_Prozent;58.0
1993;2762;Allschwil;Steuerfuss_natürliche_Personen_Prozent;51.6
1993;2763;Arlesheim;Steuerfuss_natürliche_Personen_Prozent;49.5
1993;2764;Biel-Benken;Steuerfuss_natürliche_Personen_Prozent;46.0
1993;2765;Binningen;Steuerfuss_natürliche_Personen_Prozent;50.0
1993;2766;Birsfelden;Steuerfuss_natürliche_Personen_Prozent;53.0
1993;2767;Bottmingen;Steuerfuss_natürliche_Personen_Prozent;55.5
1993;2768;Ettingen;Steuerfuss_natürliche_Personen_Prozent;58.0
1993;2769;Münchenstein;Steuerfuss_natürliche_Personen_Prozent;54.5
1993;2770;Muttenz;Steuerfuss_natürliche_Personen_Prozent;52.8
1993;2771;Oberwil;Steuerfuss_natürliche_Personen_Prozent;50.0
1993;2772;Pfeffingen;Steuerfuss_natürliche_Personen_Prozent;59.0
1993;2773;Reinach;Steuerfuss_natürliche_Personen_Prozent;53.76
1993;2774;Schönenbuch;Steuerfuss_natürliche_Personen_Prozent;57.0
1993;2775;Therwil;Steuerfuss_natürliche_Personen_Prozent;55.12
1993;2821;Arisdorf;Steuerfuss_natürliche_Personen_Prozent;62.0
1993;2822;Augst;Steuerfuss_natürliche_Personen_Prozent;49.05
1993;2823;Bubendorf;Steuerfuss_natürliche_Personen_Prozent;61.56
1993;2824;Frenkendorf;Steuerfuss_natürliche_Personen_Prozent;57.0
1993;2825;Füllinsdorf;Steuerfuss_natürliche_Personen_Prozent;64.0
1993;2826;Giebenach;Steuerfuss_natürliche_Personen_Prozent;62.0
1993;2827;Hersberg;Steuerfuss_natürliche_Personen_Prozent;55.0
1993;2828;Lausen;Steuerfuss_natürliche_Personen_Prozent;52.0
1993;2829;Liestal;Steuerfuss_natürliche_Personen_Prozent;60.99
1993;2830;Lupsingen;Steuerfuss_natürliche_Personen_Prozent;59.0
1993;2831;Pratteln;Steuerfuss_natürliche_Personen_Prozent;61.19
1993;2832;Ramlinsburg;Steuerfuss_natürliche_Personen_Prozent;60.0
1993;2833;Seltisberg;Steuerfuss_natürliche_Personen_Prozent;53.0
1993;2834;Ziefen;Steuerfuss_natürliche_Personen_Prozent;56.0
1993;2841;Anwil;Steuerfuss_natürliche_Personen_Prozent;57.0
1993;2842;Böckten;Steuerfuss_natürliche_Personen_Prozent;59.0
1993;2843;Buckten;Steuerfuss_natürliche_Personen_Prozent;62.0
1993;2844;Buus;Steuerfuss_natürliche_Personen_Prozent;56.0
1993;2845;Diepflingen;Steuerfuss_natürliche_Personen_Prozent;65.0
1993;2846;Gelterkinden;Steuerfuss_natürliche_Personen_Prozent;52.0
1993;2847;Häfelfingen;Steuerfuss_natürliche_Personen_Prozent;61.0
1993;2848;Hemmiken;Steuerfuss_natürliche_Personen_Prozent;65.0
1993;2849;Itingen;Steuerfuss_natürliche_Personen_Prozent;53.0
1993;2850;Känerkinden;Steuerfuss_natürliche_Personen_Prozent;58.0
1993;2851;Kilchberg;Steuerfuss_natürliche_Personen_Prozent;62.0
1993;2852;Läufelfingen;Steuerfuss_natürliche_Personen_Prozent;64.2
1993;2853;Maisprach;Steuerfuss_natürliche_Personen_Prozent;60.0
1993;2854;Nusshof;Steuerfuss_natürliche_Personen_Prozent;58.0
1993;2855;Oltingen;Steuerfuss_natürliche_Personen_Prozent;62.0
1993;2856;Ormalingen;Steuerfuss_natürliche_Personen_Prozent;60.42
1993;2857;Rickenbach;Steuerfuss_natürliche_Personen_Prozent;65.0
1993;2858;Rothenfluh;Steuerfuss_natürliche_Personen_Prozent;63.0
1993;2859;Rümlingen;Steuerfuss_natürliche_Personen_Prozent;63.0
1993;2860;Rünenberg;Steuerfuss_natürliche_Personen_Prozent;63.0
1993;2861;Sissach;Steuerfuss_natürliche_Personen_Prozent;62.4
1993;2862;Tecknau;Steuerfuss_natürliche_Personen_Prozent;59.0
1993;2863;Tenniken;Steuerfuss_natürliche_Personen_Prozent;54.0
1993;2864;Thürnen;Steuerfuss_natürliche_Personen_Prozent;60.0
1993;2865;Wenslingen;Steuerfuss_natürliche_Personen_Prozent;60.0
1993;2866;Wintersingen;Steuerfuss_natürliche_Personen_Prozent;57.0
1993;2867;Wittinsburg;Steuerfuss_natürliche_Personen_Prozent;60.0
1993;2868;Zeglingen;Steuerfuss_natürliche_Personen_Prozent;63.0
1993;2869;Zunzgen;Steuerfuss_natürliche_Personen_Prozent;63.0
1993;2881;Arboldswil;Steuerfuss_natürliche_Personen_Prozent;58.0
1993;2882;Bennwil;Steuerfuss_natürliche_Personen_Prozent;63.0
1993;2883;Bretzwil;Steuerfuss_natürliche_Personen_Prozent;60.0
1993;2884;Diegten;Steuerfuss_natürliche_Personen_Prozent;56.0
1993;2885;Eptingen;Steuerfuss_natürliche_Personen_Prozent;65.0
1993;2886;Hölstein;Steuerfuss_natürliche_Personen_Prozent;67.0
1993;2887;Lampenberg;Steuerfuss_natürliche_Personen_Prozent;60.0
1993;2888;Langenbruck;Steuerfuss_natürliche_Personen_Prozent;65.0
1993;2889;Lauwil;Steuerfuss_natürliche_Personen_Prozent;55.0
1993;2890;Liedertswil;Steuerfuss_natürliche_Personen_Prozent;62.0
1993;2891;Niederdorf;Steuerfuss_natürliche_Personen_Prozent;59.0
1993;2892;Oberdorf;Steuerfuss_natürliche_Personen_Prozent;65.0
1993;2893;Reigoldswil;Steuerfuss_natürliche_Personen_Prozent;59.0
1993;2894;Titterten;Steuerfuss_natürliche_Personen_Prozent;60.0
1993;2895;Waldenburg;Steuerfuss_natürliche_Personen_Prozent;63.0
1992;2761;Aesch;Steuerfuss_natürliche_Personen_Prozent;54.0
1992;2762;Allschwil;Steuerfuss_natürliche_Personen_Prozent;49.45
1992;2763;Arlesheim;Steuerfuss_natürliche_Personen_Prozent;48.38
1992;2764;Biel-Benken;Steuerfuss_natürliche_Personen_Prozent;46.0
1992;2765;Binningen;Steuerfuss_natürliche_Personen_Prozent;48.0
1992;2766;Birsfelden;Steuerfuss_natürliche_Personen_Prozent;55.0
1992;2767;Bottmingen;Steuerfuss_natürliche_Personen_Prozent;55.5
1992;2768;Ettingen;Steuerfuss_natürliche_Personen_Prozent;58.0
1992;2769;Münchenstein;Steuerfuss_natürliche_Personen_Prozent;53.5
1992;2770;Muttenz;Steuerfuss_natürliche_Personen_Prozent;52.8
1992;2771;Oberwil;Steuerfuss_natürliche_Personen_Prozent;50.0
1992;2772;Pfeffingen;Steuerfuss_natürliche_Personen_Prozent;54.0
1992;2773;Reinach;Steuerfuss_natürliche_Personen_Prozent;53.28
1992;2774;Schönenbuch;Steuerfuss_natürliche_Personen_Prozent;57.0
1992;2775;Therwil;Steuerfuss_natürliche_Personen_Prozent;54.34
1992;2821;Arisdorf;Steuerfuss_natürliche_Personen_Prozent;62.0
1992;2822;Augst;Steuerfuss_natürliche_Personen_Prozent;49.05
1992;2823;Bubendorf;Steuerfuss_natürliche_Personen_Prozent;59.85
1992;2824;Frenkendorf;Steuerfuss_natürliche_Personen_Prozent;57.0
1992;2825;Füllinsdorf;Steuerfuss_natürliche_Personen_Prozent;60.0
1992;2826;Giebenach;Steuerfuss_natürliche_Personen_Prozent;55.0
1992;2827;Hersberg;Steuerfuss_natürliche_Personen_Prozent;55.0
1992;2828;Lausen;Steuerfuss_natürliche_Personen_Prozent;50.0
1992;2829;Liestal;Steuerfuss_natürliche_Personen_Prozent;60.99
1992;2830;Lupsingen;Steuerfuss_natürliche_Personen_Prozent;59.0
1992;2831;Pratteln;Steuerfuss_natürliche_Personen_Prozent;55.92
1992;2832;Ramlinsburg;Steuerfuss_natürliche_Personen_Prozent;60.0
1992;2833;Seltisberg;Steuerfuss_natürliche_Personen_Prozent;49.5
1992;2834;Ziefen;Steuerfuss_natürliche_Personen_Prozent;56.0
1992;2841;Anwil;Steuerfuss_natürliche_Personen_Prozent;57.0
1992;2842;Böckten;Steuerfuss_natürliche_Personen_Prozent;56.0
1992;2843;Buckten;Steuerfuss_natürliche_Personen_Prozent;62.0
1992;2844;Buus;Steuerfuss_natürliche_Personen_Prozent;61.0
1992;2845;Diepflingen;Steuerfuss_natürliche_Personen_Prozent;65.0
1992;2846;Gelterkinden;Steuerfuss_natürliche_Personen_Prozent;52.0
1992;2847;Häfelfingen;Steuerfuss_natürliche_Personen_Prozent;61.0
1992;2848;Hemmiken;Steuerfuss_natürliche_Personen_Prozent;65.0
1992;2849;Itingen;Steuerfuss_natürliche_Personen_Prozent;48.0
1992;2850;Känerkinden;Steuerfuss_natürliche_Personen_Prozent;58.0
1992;2851;Kilchberg;Steuerfuss_natürliche_Personen_Prozent;62.0
1992;2852;Läufelfingen;Steuerfuss_natürliche_Personen_Prozent;53.5
1992;2853;Maisprach;Steuerfuss_natürliche_Personen_Prozent;55.0
1992;2854;Nusshof;Steuerfuss_natürliche_Personen_Prozent;58.0
1992;2855;Oltingen;Steuerfuss_natürliche_Personen_Prozent;62.0
1992;2856;Ormalingen;Steuerfuss_natürliche_Personen_Prozent;60.42
1992;2857;Rickenbach;Steuerfuss_natürliche_Personen_Prozent;65.0
1992;2858;Rothenfluh;Steuerfuss_natürliche_Personen_Prozent;61.95
1992;2859;Rümlingen;Steuerfuss_natürliche_Personen_Prozent;63.0
1992;2860;Rünenberg;Steuerfuss_natürliche_Personen_Prozent;60.0
1992;2861;Sissach;Steuerfuss_natürliche_Personen_Prozent;56.97
1992;2862;Tecknau;Steuerfuss_natürliche_Personen_Prozent;59.0
1992;2863;Tenniken;Steuerfuss_natürliche_Personen_Prozent;54.0
1992;2864;Thürnen;Steuerfuss_natürliche_Personen_Prozent;60.0
1992;2865;Wenslingen;Steuerfuss_natürliche_Personen_Prozent;60.0
1992;2866;Wintersingen;Steuerfuss_natürliche_Personen_Prozent;57.0
1992;2867;Wittinsburg;Steuerfuss_natürliche_Personen_Prozent;60.0
1992;2868;Zeglingen;Steuerfuss_natürliche_Personen_Prozent;63.0
1992;2869;Zunzgen;Steuerfuss_natürliche_Personen_Prozent;63.0
1992;2881;Arboldswil;Steuerfuss_natürliche_Personen_Prozent;58.0
1992;2882;Bennwil;Steuerfuss_natürliche_Personen_Prozent;63.0
1992;2883;Bretzwil;Steuerfuss_natürliche_Personen_Prozent;60.0
1992;2884;Diegten;Steuerfuss_natürliche_Personen_Prozent;56.0
1992;2885;Eptingen;Steuerfuss_natürliche_Personen_Prozent;60.0
1992;2886;Hölstein;Steuerfuss_natürliche_Personen_Prozent;67.0
1992;2887;Lampenberg;Steuerfuss_natürliche_Personen_Prozent;63.0
1992;2888;Langenbruck;Steuerfuss_natürliche_Personen_Prozent;61.0
1992;2889;Lauwil;Steuerfuss_natürliche_Personen_Prozent;52.0
1992;2890;Liedertswil;Steuerfuss_natürliche_Personen_Prozent;57.0
1992;2891;Niederdorf;Steuerfuss_natürliche_Personen_Prozent;57.0
1992;2892;Oberdorf;Steuerfuss_natürliche_Personen_Prozent;59.0
1992;2893;Reigoldswil;Steuerfuss_natürliche_Personen_Prozent;54.0
1992;2894;Titterten;Steuerfuss_natürliche_Personen_Prozent;58.0
1992;2895;Waldenburg;Steuerfuss_natürliche_Personen_Prozent;62.0
1991;2761;Aesch;Steuerfuss_natürliche_Personen_Prozent;52.0
1991;2762;Allschwil;Steuerfuss_natürliche_Personen_Prozent;48.99
1991;2763;Arlesheim;Steuerfuss_natürliche_Personen_Prozent;48.38
1991;2764;Biel-Benken;Steuerfuss_natürliche_Personen_Prozent;46.0
1991;2765;Binningen;Steuerfuss_natürliche_Personen_Prozent;48.0
1991;2766;Birsfelden;Steuerfuss_natürliche_Personen_Prozent;55.0
1991;2767;Bottmingen;Steuerfuss_natürliche_Personen_Prozent;55.5
1991;2768;Ettingen;Steuerfuss_natürliche_Personen_Prozent;56.0
1991;2769;Münchenstein;Steuerfuss_natürliche_Personen_Prozent;51.36
1991;2770;Muttenz;Steuerfuss_natürliche_Personen_Prozent;47.3
1991;2771;Oberwil;Steuerfuss_natürliche_Personen_Prozent;50.0
1991;2772;Pfeffingen;Steuerfuss_natürliche_Personen_Prozent;54.0
1991;2773;Reinach;Steuerfuss_natürliche_Personen_Prozent;52.8
1991;2774;Schönenbuch;Steuerfuss_natürliche_Personen_Prozent;57.0
1991;2775;Therwil;Steuerfuss_natürliche_Personen_Prozent;54.34
1991;2821;Arisdorf;Steuerfuss_natürliche_Personen_Prozent;62.0
1991;2822;Augst;Steuerfuss_natürliche_Personen_Prozent;49.05
1991;2823;Bubendorf;Steuerfuss_natürliche_Personen_Prozent;59.85
1991;2824;Frenkendorf;Steuerfuss_natürliche_Personen_Prozent;57.0
1991;2825;Füllinsdorf;Steuerfuss_natürliche_Personen_Prozent;56.0
1991;2826;Giebenach;Steuerfuss_natürliche_Personen_Prozent;55.0
1991;2827;Hersberg;Steuerfuss_natürliche_Personen_Prozent;55.0
1991;2828;Lausen;Steuerfuss_natürliche_Personen_Prozent;50.0
1991;2829;Liestal;Steuerfuss_natürliche_Personen_Prozent;60.99
1991;2830;Lupsingen;Steuerfuss_natürliche_Personen_Prozent;59.0
1991;2831;Pratteln;Steuerfuss_natürliche_Personen_Prozent;55.92
1991;2832;Ramlinsburg;Steuerfuss_natürliche_Personen_Prozent;58.0
1991;2833;Seltisberg;Steuerfuss_natürliche_Personen_Prozent;49.0
1991;2834;Ziefen;Steuerfuss_natürliche_Personen_Prozent;56.0
1991;2841;Anwil;Steuerfuss_natürliche_Personen_Prozent;57.0
1991;2842;Böckten;Steuerfuss_natürliche_Personen_Prozent;56.0
1991;2843;Buckten;Steuerfuss_natürliche_Personen_Prozent;60.0
1991;2844;Buus;Steuerfuss_natürliche_Personen_Prozent;61.0
1991;2845;Diepflingen;Steuerfuss_natürliche_Personen_Prozent;65.0
1991;2846;Gelterkinden;Steuerfuss_natürliche_Personen_Prozent;52.0
1991;2847;Häfelfingen;Steuerfuss_natürliche_Personen_Prozent;61.0
1991;2848;Hemmiken;Steuerfuss_natürliche_Personen_Prozent;65.0
1991;2849;Itingen;Steuerfuss_natürliche_Personen_Prozent;43.0
1991;2850;Känerkinden;Steuerfuss_natürliche_Personen_Prozent;58.0
1991;2851;Kilchberg;Steuerfuss_natürliche_Personen_Prozent;57.0
1991;2852;Läufelfingen;Steuerfuss_natürliche_Personen_Prozent;53.5
1991;2853;Maisprach;Steuerfuss_natürliche_Personen_Prozent;55.0
1991;2854;Nusshof;Steuerfuss_natürliche_Personen_Prozent;58.0
1991;2855;Oltingen;Steuerfuss_natürliche_Personen_Prozent;62.0
1991;2856;Ormalingen;Steuerfuss_natürliche_Personen_Prozent;60.42
1991;2857;Rickenbach;Steuerfuss_natürliche_Personen_Prozent;65.0
1991;2858;Rothenfluh;Steuerfuss_natürliche_Personen_Prozent;61.95
1991;2859;Rümlingen;Steuerfuss_natürliche_Personen_Prozent;63.0
1991;2860;Rünenberg;Steuerfuss_natürliche_Personen_Prozent;57.0
1991;2861;Sissach;Steuerfuss_natürliche_Personen_Prozent;56.97
1991;2862;Tecknau;Steuerfuss_natürliche_Personen_Prozent;54.0
1991;2863;Tenniken;Steuerfuss_natürliche_Personen_Prozent;54.0
1991;2864;Thürnen;Steuerfuss_natürliche_Personen_Prozent;60.0
1991;2865;Wenslingen;Steuerfuss_natürliche_Personen_Prozent;60.0
1991;2866;Wintersingen;Steuerfuss_natürliche_Personen_Prozent;57.0
1991;2867;Wittinsburg;Steuerfuss_natürliche_Personen_Prozent;60.0
1991;2868;Zeglingen;Steuerfuss_natürliche_Personen_Prozent;60.0
1991;2869;Zunzgen;Steuerfuss_natürliche_Personen_Prozent;60.0
1991;2881;Arboldswil;Steuerfuss_natürliche_Personen_Prozent;58.0
1991;2882;Bennwil;Steuerfuss_natürliche_Personen_Prozent;65.1
1991;2883;Bretzwil;Steuerfuss_natürliche_Personen_Prozent;57.0
1991;2884;Diegten;Steuerfuss_natürliche_Personen_Prozent;56.0
1991;2885;Eptingen;Steuerfuss_natürliche_Personen_Prozent;60.0
1991;2886;Hölstein;Steuerfuss_natürliche_Personen_Prozent;67.0
1991;2887;Lampenberg;Steuerfuss_natürliche_Personen_Prozent;63.0
1991;2888;Langenbruck;Steuerfuss_natürliche_Personen_Prozent;55.0
1991;2889;Lauwil;Steuerfuss_natürliche_Personen_Prozent;52.0
1991;2890;Liedertswil;Steuerfuss_natürliche_Personen_Prozent;57.0
1991;2891;Niederdorf;Steuerfuss_natürliche_Personen_Prozent;57.0
1991;2892;Oberdorf;Steuerfuss_natürliche_Personen_Prozent;59.0
1991;2893;Reigoldswil;Steuerfuss_natürliche_Personen_Prozent;54.0
1991;2894;Titterten;Steuerfuss_natürliche_Personen_Prozent;58.0
1991;2895;Waldenburg;Steuerfuss_natürliche_Personen_Prozent;62.0
1990;2761;Aesch;Steuerfuss_natürliche_Personen_Prozent;52.0
1990;2762;Allschwil;Steuerfuss_natürliche_Personen_Prozent;48.99
1990;2763;Arlesheim;Steuerfuss_natürliche_Personen_Prozent;48.76
1990;2764;Biel-Benken;Steuerfuss_natürliche_Personen_Prozent;49.0
1990;2765;Binningen;Steuerfuss_natürliche_Personen_Prozent;48.0
1990;2766;Birsfelden;Steuerfuss_natürliche_Personen_Prozent;55.0
1990;2767;Bottmingen;Steuerfuss_natürliche_Personen_Prozent;55.5
1990;2768;Ettingen;Steuerfuss_natürliche_Personen_Prozent;56.0
1990;2769;Münchenstein;Steuerfuss_natürliche_Personen_Prozent;52.32
1990;2770;Muttenz;Steuerfuss_natürliche_Personen_Prozent;47.3
1990;2771;Oberwil;Steuerfuss_natürliche_Personen_Prozent;50.0
1990;2772;Pfeffingen;Steuerfuss_natürliche_Personen_Prozent;54.0
1990;2773;Reinach;Steuerfuss_natürliche_Personen_Prozent;52.8
1990;2774;Schönenbuch;Steuerfuss_natürliche_Personen_Prozent;54.0
1990;2775;Therwil;Steuerfuss_natürliche_Personen_Prozent;54.34
1990;2821;Arisdorf;Steuerfuss_natürliche_Personen_Prozent;65.0
1990;2822;Augst;Steuerfuss_natürliche_Personen_Prozent;49.05
1990;2823;Bubendorf;Steuerfuss_natürliche_Personen_Prozent;60.9
1990;2824;Frenkendorf;Steuerfuss_natürliche_Personen_Prozent;59.0
1990;2825;Füllinsdorf;Steuerfuss_natürliche_Personen_Prozent;58.0
1990;2826;Giebenach;Steuerfuss_natürliche_Personen_Prozent;55.0
1990;2827;Hersberg;Steuerfuss_natürliche_Personen_Prozent;58.0
1990;2828;Lausen;Steuerfuss_natürliche_Personen_Prozent;53.0
1990;2829;Liestal;Steuerfuss_natürliche_Personen_Prozent;60.99
1990;2830;Lupsingen;Steuerfuss_natürliche_Personen_Prozent;59.0
1990;2831;Pratteln;Steuerfuss_natürliche_Personen_Prozent;55.92
1990;2832;Ramlinsburg;Steuerfuss_natürliche_Personen_Prozent;58.0
1990;2833;Seltisberg;Steuerfuss_natürliche_Personen_Prozent;50.0
1990;2834;Ziefen;Steuerfuss_natürliche_Personen_Prozent;62.0
1990;2841;Anwil;Steuerfuss_natürliche_Personen_Prozent;65.0
1990;2842;Böckten;Steuerfuss_natürliche_Personen_Prozent;58.0
1990;2843;Buckten;Steuerfuss_natürliche_Personen_Prozent;60.0
1990;2844;Buus;Steuerfuss_natürliche_Personen_Prozent;61.0
1990;2845;Diepflingen;Steuerfuss_natürliche_Personen_Prozent;65.0
1990;2846;Gelterkinden;Steuerfuss_natürliche_Personen_Prozent;52.0
1990;2847;Häfelfingen;Steuerfuss_natürliche_Personen_Prozent;61.0
1990;2848;Hemmiken;Steuerfuss_natürliche_Personen_Prozent;65.0
1990;2849;Itingen;Steuerfuss_natürliche_Personen_Prozent;43.0
1990;2850;Känerkinden;Steuerfuss_natürliche_Personen_Prozent;58.0
1990;2851;Kilchberg;Steuerfuss_natürliche_Personen_Prozent;60.0
1990;2852;Läufelfingen;Steuerfuss_natürliche_Personen_Prozent;53.5
1990;2853;Maisprach;Steuerfuss_natürliche_Personen_Prozent;55.0
1990;2854;Nusshof;Steuerfuss_natürliche_Personen_Prozent;58.0
1990;2855;Oltingen;Steuerfuss_natürliche_Personen_Prozent;65.0
1990;2856;Ormalingen;Steuerfuss_natürliche_Personen_Prozent;65.72
1990;2857;Rickenbach;Steuerfuss_natürliche_Personen_Prozent;65.0
1990;2858;Rothenfluh;Steuerfuss_natürliche_Personen_Prozent;65.1
1990;2859;Rümlingen;Steuerfuss_natürliche_Personen_Prozent;63.0
1990;2860;Rünenberg;Steuerfuss_natürliche_Personen_Prozent;65.0
1990;2861;Sissach;Steuerfuss_natürliche_Personen_Prozent;59.08
1990;2862;Tecknau;Steuerfuss_natürliche_Personen_Prozent;54.0
1990;2863;Tenniken;Steuerfuss_natürliche_Personen_Prozent;60.0
1990;2864;Thürnen;Steuerfuss_natürliche_Personen_Prozent;65.0
1990;2865;Wenslingen;Steuerfuss_natürliche_Personen_Prozent;60.0
1990;2866;Wintersingen;Steuerfuss_natürliche_Personen_Prozent;62.0
1990;2867;Wittinsburg;Steuerfuss_natürliche_Personen_Prozent;65.0
1990;2868;Zeglingen;Steuerfuss_natürliche_Personen_Prozent;65.0
1990;2869;Zunzgen;Steuerfuss_natürliche_Personen_Prozent;61.0
1990;2881;Arboldswil;Steuerfuss_natürliche_Personen_Prozent;65.0
1990;2882;Bennwil;Steuerfuss_natürliche_Personen_Prozent;68.25
1990;2883;Bretzwil;Steuerfuss_natürliche_Personen_Prozent;63.0
1990;2884;Diegten;Steuerfuss_natürliche_Personen_Prozent;60.0
1990;2885;Eptingen;Steuerfuss_natürliche_Personen_Prozent;65.0
1990;2886;Hölstein;Steuerfuss_natürliche_Personen_Prozent;67.0
1990;2887;Lampenberg;Steuerfuss_natürliche_Personen_Prozent;63.0
1990;2888;Langenbruck;Steuerfuss_natürliche_Personen_Prozent;55.0
1990;2889;Lauwil;Steuerfuss_natürliche_Personen_Prozent;60.0
1990;2890;Liedertswil;Steuerfuss_natürliche_Personen_Prozent;60.0
1990;2891;Niederdorf;Steuerfuss_natürliche_Personen_Prozent;60.0
1990;2892;Oberdorf;Steuerfuss_natürliche_Personen_Prozent;65.0
1990;2893;Reigoldswil;Steuerfuss_natürliche_Personen_Prozent;63.0
1990;2894;Titterten;Steuerfuss_natürliche_Personen_Prozent;62.0
1990;2895;Waldenburg;Steuerfuss_natürliche_Personen_Prozent;65.0
1989;2761;Aesch;Steuerfuss_natürliche_Personen_Prozent;52.0
1989;2762;Allschwil;Steuerfuss_natürliche_Personen_Prozent;51.12
1989;2763;Arlesheim;Steuerfuss_natürliche_Personen_Prozent;50.64
1989;2764;Biel-Benken;Steuerfuss_natürliche_Personen_Prozent;49.0
1989;2765;Binningen;Steuerfuss_natürliche_Personen_Prozent;50.0
1989;2766;Birsfelden;Steuerfuss_natürliche_Personen_Prozent;55.0
1989;2767;Bottmingen;Steuerfuss_natürliche_Personen_Prozent;55.5
1989;2768;Ettingen;Steuerfuss_natürliche_Personen_Prozent;56.0
1989;2769;Münchenstein;Steuerfuss_natürliche_Personen_Prozent;54.5
1989;2770;Muttenz;Steuerfuss_natürliche_Personen_Prozent;47.3
1989;2771;Oberwil;Steuerfuss_natürliche_Personen_Prozent;52.0
1989;2772;Pfeffingen;Steuerfuss_natürliche_Personen_Prozent;54.0
1989;2773;Reinach;Steuerfuss_natürliche_Personen_Prozent;52.8
1989;2774;Schönenbuch;Steuerfuss_natürliche_Personen_Prozent;54.0
1989;2775;Therwil;Steuerfuss_natürliche_Personen_Prozent;57.48
1989;2821;Arisdorf;Steuerfuss_natürliche_Personen_Prozent;65.0
1989;2822;Augst;Steuerfuss_natürliche_Personen_Prozent;49.05
1989;2823;Bubendorf;Steuerfuss_natürliche_Personen_Prozent;64.05
1989;2824;Frenkendorf;Steuerfuss_natürliche_Personen_Prozent;64.0
1989;2825;Füllinsdorf;Steuerfuss_natürliche_Personen_Prozent;60.0
1989;2826;Giebenach;Steuerfuss_natürliche_Personen_Prozent;55.0
1989;2827;Hersberg;Steuerfuss_natürliche_Personen_Prozent;58.0
1989;2828;Lausen;Steuerfuss_natürliche_Personen_Prozent;56.0
1989;2829;Liestal;Steuerfuss_natürliche_Personen_Prozent;60.99
1989;2830;Lupsingen;Steuerfuss_natürliche_Personen_Prozent;59.0
1989;2831;Pratteln;Steuerfuss_natürliche_Personen_Prozent;55.92
1989;2832;Ramlinsburg;Steuerfuss_natürliche_Personen_Prozent;58.0
1989;2833;Seltisberg;Steuerfuss_natürliche_Personen_Prozent;51.0
1989;2834;Ziefen;Steuerfuss_natürliche_Personen_Prozent;62.0
1989;2841;Anwil;Steuerfuss_natürliche_Personen_Prozent;65.0
1989;2842;Böckten;Steuerfuss_natürliche_Personen_Prozent;58.0
1989;2843;Buckten;Steuerfuss_natürliche_Personen_Prozent;60.0
1989;2844;Buus;Steuerfuss_natürliche_Personen_Prozent;61.0
1989;2845;Diepflingen;Steuerfuss_natürliche_Personen_Prozent;65.0
1989;2846;Gelterkinden;Steuerfuss_natürliche_Personen_Prozent;52.0
1989;2847;Häfelfingen;Steuerfuss_natürliche_Personen_Prozent;61.0
1989;2848;Hemmiken;Steuerfuss_natürliche_Personen_Prozent;65.0
1989;2849;Itingen;Steuerfuss_natürliche_Personen_Prozent;43.0
1989;2850;Känerkinden;Steuerfuss_natürliche_Personen_Prozent;58.0
1989;2851;Kilchberg;Steuerfuss_natürliche_Personen_Prozent;60.0
1989;2852;Läufelfingen;Steuerfuss_natürliche_Personen_Prozent;53.5
1989;2853;Maisprach;Steuerfuss_natürliche_Personen_Prozent;55.0
1989;2854;Nusshof;Steuerfuss_natürliche_Personen_Prozent;58.0
1989;2855;Oltingen;Steuerfuss_natürliche_Personen_Prozent;65.0
1989;2856;Ormalingen;Steuerfuss_natürliche_Personen_Prozent;64.48
1989;2857;Rickenbach;Steuerfuss_natürliche_Personen_Prozent;65.0
1989;2858;Rothenfluh;Steuerfuss_natürliche_Personen_Prozent;65.1
1989;2859;Rümlingen;Steuerfuss_natürliche_Personen_Prozent;63.0
1989;2860;Rünenberg;Steuerfuss_natürliche_Personen_Prozent;65.0
1989;2861;Sissach;Steuerfuss_natürliche_Personen_Prozent;59.08
1989;2862;Tecknau;Steuerfuss_natürliche_Personen_Prozent;54.0
1989;2863;Tenniken;Steuerfuss_natürliche_Personen_Prozent;60.0
1989;2864;Thürnen;Steuerfuss_natürliche_Personen_Prozent;65.0
1989;2865;Wenslingen;Steuerfuss_natürliche_Personen_Prozent;60.0
1989;2866;Wintersingen;Steuerfuss_natürliche_Personen_Prozent;65.0
1989;2867;Wittinsburg;Steuerfuss_natürliche_Personen_Prozent;65.0
1989;2868;Zeglingen;Steuerfuss_natürliche_Personen_Prozent;65.0
1989;2869;Zunzgen;Steuerfuss_natürliche_Personen_Prozent;61.0
1989;2881;Arboldswil;Steuerfuss_natürliche_Personen_Prozent;65.0
1989;2882;Bennwil;Steuerfuss_natürliche_Personen_Prozent;68.25
1989;2883;Bretzwil;Steuerfuss_natürliche_Personen_Prozent;63.0
1989;2884;Diegten;Steuerfuss_natürliche_Personen_Prozent;60.0
1989;2885;Eptingen;Steuerfuss_natürliche_Personen_Prozent;65.0
1989;2886;Hölstein;Steuerfuss_natürliche_Personen_Prozent;67.0
1989;2887;Lampenberg;Steuerfuss_natürliche_Personen_Prozent;63.0
1989;2888;Langenbruck;Steuerfuss_natürliche_Personen_Prozent;55.0
1989;2889;Lauwil;Steuerfuss_natürliche_Personen_Prozent;60.0
1989;2890;Liedertswil;Steuerfuss_natürliche_Personen_Prozent;60.0
1989;2891;Niederdorf;Steuerfuss_natürliche_Personen_Prozent;60.0
1989;2892;Oberdorf;Steuerfuss_natürliche_Personen_Prozent;65.0
1989;2893;Reigoldswil;Steuerfuss_natürliche_Personen_Prozent;63.0
1989;2894;Titterten;Steuerfuss_natürliche_Personen_Prozent;62.0
1989;2895;Waldenburg;Steuerfuss_natürliche_Personen_Prozent;65.0
1988;2761;Aesch;Steuerfuss_natürliche_Personen_Prozent;52.0
1988;2762;Allschwil;Steuerfuss_natürliche_Personen_Prozent;51.12
1988;2763;Arlesheim;Steuerfuss_natürliche_Personen_Prozent;50.64
1988;2764;Biel-Benken;Steuerfuss_natürliche_Personen_Prozent;49.0
1988;2765;Binningen;Steuerfuss_natürliche_Personen_Prozent;50.0
1988;2766;Birsfelden;Steuerfuss_natürliche_Personen_Prozent;55.0
1988;2767;Bottmingen;Steuerfuss_natürliche_Personen_Prozent;54.5
1988;2768;Ettingen;Steuerfuss_natürliche_Personen_Prozent;56.0
1988;2769;Münchenstein;Steuerfuss_natürliche_Personen_Prozent;54.5
1988;2770;Muttenz;Steuerfuss_natürliche_Personen_Prozent;47.3
1988;2771;Oberwil;Steuerfuss_natürliche_Personen_Prozent;54.0
1988;2772;Pfeffingen;Steuerfuss_natürliche_Personen_Prozent;49.0
1988;2773;Reinach;Steuerfuss_natürliche_Personen_Prozent;52.8
1988;2774;Schönenbuch;Steuerfuss_natürliche_Personen_Prozent;56.0
1988;2775;Therwil;Steuerfuss_natürliche_Personen_Prozent;57.48
1988;2821;Arisdorf;Steuerfuss_natürliche_Personen_Prozent;67.0
1988;2822;Augst;Steuerfuss_natürliche_Personen_Prozent;49.05
1988;2823;Bubendorf;Steuerfuss_natürliche_Personen_Prozent;64.05
1988;2824;Frenkendorf;Steuerfuss_natürliche_Personen_Prozent;64.0
1988;2825;Füllinsdorf;Steuerfuss_natürliche_Personen_Prozent;60.0
1988;2826;Giebenach;Steuerfuss_natürliche_Personen_Prozent;57.0
1988;2827;Hersberg;Steuerfuss_natürliche_Personen_Prozent;58.0
1988;2828;Lausen;Steuerfuss_natürliche_Personen_Prozent;56.0
1988;2829;Liestal;Steuerfuss_natürliche_Personen_Prozent;60.99
1988;2830;Lupsingen;Steuerfuss_natürliche_Personen_Prozent;56.0
1988;2831;Pratteln;Steuerfuss_natürliche_Personen_Prozent;55.92
1988;2832;Ramlinsburg;Steuerfuss_natürliche_Personen_Prozent;58.0
1988;2833;Seltisberg;Steuerfuss_natürliche_Personen_Prozent;51.0
1988;2834;Ziefen;Steuerfuss_natürliche_Personen_Prozent;62.0
1988;2841;Anwil;Steuerfuss_natürliche_Personen_Prozent;65.0
1988;2842;Böckten;Steuerfuss_natürliche_Personen_Prozent;62.0
1988;2843;Buckten;Steuerfuss_natürliche_Personen_Prozent;60.0
1988;2844;Buus;Steuerfuss_natürliche_Personen_Prozent;61.0
1988;2845;Diepflingen;Steuerfuss_natürliche_Personen_Prozent;68.0
1988;2846;Gelterkinden;Steuerfuss_natürliche_Personen_Prozent;54.0
1988;2847;Häfelfingen;Steuerfuss_natürliche_Personen_Prozent;61.0
1988;2848;Hemmiken;Steuerfuss_natürliche_Personen_Prozent;65.0
1988;2849;Itingen;Steuerfuss_natürliche_Personen_Prozent;43.0
1988;2850;Känerkinden;Steuerfuss_natürliche_Personen_Prozent;58.0
1988;2851;Kilchberg;Steuerfuss_natürliche_Personen_Prozent;60.0
1988;2852;Läufelfingen;Steuerfuss_natürliche_Personen_Prozent;53.5
1988;2853;Maisprach;Steuerfuss_natürliche_Personen_Prozent;55.0
1988;2854;Nusshof;Steuerfuss_natürliche_Personen_Prozent;60.0
1988;2855;Oltingen;Steuerfuss_natürliche_Personen_Prozent;65.0
1988;2856;Ormalingen;Steuerfuss_natürliche_Personen_Prozent;64.48
1988;2857;Rickenbach;Steuerfuss_natürliche_Personen_Prozent;65.0
1988;2858;Rothenfluh;Steuerfuss_natürliche_Personen_Prozent;65.1
1988;2859;Rümlingen;Steuerfuss_natürliche_Personen_Prozent;63.0
1988;2860;Rünenberg;Steuerfuss_natürliche_Personen_Prozent;65.0
1988;2861;Sissach;Steuerfuss_natürliche_Personen_Prozent;61.19
1988;2862;Tecknau;Steuerfuss_natürliche_Personen_Prozent;54.0
1988;2863;Tenniken;Steuerfuss_natürliche_Personen_Prozent;60.0
1988;2864;Thürnen;Steuerfuss_natürliche_Personen_Prozent;65.0
1988;2865;Wenslingen;Steuerfuss_natürliche_Personen_Prozent;60.0
1988;2866;Wintersingen;Steuerfuss_natürliche_Personen_Prozent;65.0
1988;2867;Wittinsburg;Steuerfuss_natürliche_Personen_Prozent;65.0
1988;2868;Zeglingen;Steuerfuss_natürliche_Personen_Prozent;65.0
1988;2869;Zunzgen;Steuerfuss_natürliche_Personen_Prozent;61.0
1988;2881;Arboldswil;Steuerfuss_natürliche_Personen_Prozent;65.0
1988;2882;Bennwil;Steuerfuss_natürliche_Personen_Prozent;68.25
1988;2883;Bretzwil;Steuerfuss_natürliche_Personen_Prozent;63.0
1988;2884;Diegten;Steuerfuss_natürliche_Personen_Prozent;60.0
1988;2885;Eptingen;Steuerfuss_natürliche_Personen_Prozent;65.0
1988;2886;Hölstein;Steuerfuss_natürliche_Personen_Prozent;67.0
1988;2887;Lampenberg;Steuerfuss_natürliche_Personen_Prozent;63.0
1988;2888;Langenbruck;Steuerfuss_natürliche_Personen_Prozent;55.0
1988;2889;Lauwil;Steuerfuss_natürliche_Personen_Prozent;60.0
1988;2890;Liedertswil;Steuerfuss_natürliche_Personen_Prozent;60.0
1988;2891;Niederdorf;Steuerfuss_natürliche_Personen_Prozent;60.0
1988;2892;Oberdorf;Steuerfuss_natürliche_Personen_Prozent;65.0
1988;2893;Reigoldswil;Steuerfuss_natürliche_Personen_Prozent;63.0
1988;2894;Titterten;Steuerfuss_natürliche_Personen_Prozent;62.0
1988;2895;Waldenburg;Steuerfuss_natürliche_Personen_Prozent;65.0
1987;2761;Aesch;Steuerfuss_natürliche_Personen_Prozent;52.0
1987;2762;Allschwil;Steuerfuss_natürliche_Personen_Prozent;51.12
1987;2763;Arlesheim;Steuerfuss_natürliche_Personen_Prozent;50.64
1987;2764;Biel-Benken;Steuerfuss_natürliche_Personen_Prozent;49.0
1987;2765;Binningen;Steuerfuss_natürliche_Personen_Prozent;50.0
1987;2766;Birsfelden;Steuerfuss_natürliche_Personen_Prozent;55.0
1987;2767;Bottmingen;Steuerfuss_natürliche_Personen_Prozent;56.5
1987;2768;Ettingen;Steuerfuss_natürliche_Personen_Prozent;56.0
1987;2769;Münchenstein;Steuerfuss_natürliche_Personen_Prozent;55.5
1987;2770;Muttenz;Steuerfuss_natürliche_Personen_Prozent;49.5
1987;2771;Oberwil;Steuerfuss_natürliche_Personen_Prozent;54.0
1987;2772;Pfeffingen;Steuerfuss_natürliche_Personen_Prozent;49.0
1987;2773;Reinach;Steuerfuss_natürliche_Personen_Prozent;52.8
1987;2774;Schönenbuch;Steuerfuss_natürliche_Personen_Prozent;56.0
1987;2775;Therwil;Steuerfuss_natürliche_Personen_Prozent;57.48
1987;2821;Arisdorf;Steuerfuss_natürliche_Personen_Prozent;67.0
1987;2822;Augst;Steuerfuss_natürliche_Personen_Prozent;49.05
1987;2823;Bubendorf;Steuerfuss_natürliche_Personen_Prozent;64.05
1987;2824;Frenkendorf;Steuerfuss_natürliche_Personen_Prozent;64.0
1987;2825;Füllinsdorf;Steuerfuss_natürliche_Personen_Prozent;60.0
1987;2826;Giebenach;Steuerfuss_natürliche_Personen_Prozent;57.0
1987;2827;Hersberg;Steuerfuss_natürliche_Personen_Prozent;58.0
1987;2828;Lausen;Steuerfuss_natürliche_Personen_Prozent;61.0
1987;2829;Liestal;Steuerfuss_natürliche_Personen_Prozent;60.99
1987;2830;Lupsingen;Steuerfuss_natürliche_Personen_Prozent;56.0
1987;2831;Pratteln;Steuerfuss_natürliche_Personen_Prozent;55.12
1987;2832;Ramlinsburg;Steuerfuss_natürliche_Personen_Prozent;58.0
1987;2833;Seltisberg;Steuerfuss_natürliche_Personen_Prozent;51.0
1987;2834;Ziefen;Steuerfuss_natürliche_Personen_Prozent;62.0
1987;2841;Anwil;Steuerfuss_natürliche_Personen_Prozent;65.0
1987;2842;Böckten;Steuerfuss_natürliche_Personen_Prozent;62.0
1987;2843;Buckten;Steuerfuss_natürliche_Personen_Prozent;60.0
1987;2844;Buus;Steuerfuss_natürliche_Personen_Prozent;61.0
1987;2845;Diepflingen;Steuerfuss_natürliche_Personen_Prozent;68.0
1987;2846;Gelterkinden;Steuerfuss_natürliche_Personen_Prozent;56.0
1987;2847;Häfelfingen;Steuerfuss_natürliche_Personen_Prozent;61.0
1987;2848;Hemmiken;Steuerfuss_natürliche_Personen_Prozent;65.0
1987;2849;Itingen;Steuerfuss_natürliche_Personen_Prozent;45.0
1987;2850;Känerkinden;Steuerfuss_natürliche_Personen_Prozent;58.0
1987;2851;Kilchberg;Steuerfuss_natürliche_Personen_Prozent;60.0
1987;2852;Läufelfingen;Steuerfuss_natürliche_Personen_Prozent;53.5
1987;2853;Maisprach;Steuerfuss_natürliche_Personen_Prozent;60.0
1987;2854;Nusshof;Steuerfuss_natürliche_Personen_Prozent;65.0
1987;2855;Oltingen;Steuerfuss_natürliche_Personen_Prozent;65.0
1987;2856;Ormalingen;Steuerfuss_natürliche_Personen_Prozent;62.0
1987;2857;Rickenbach;Steuerfuss_natürliche_Personen_Prozent;65.0
1987;2858;Rothenfluh;Steuerfuss_natürliche_Personen_Prozent;65.1
1987;2859;Rümlingen;Steuerfuss_natürliche_Personen_Prozent;63.0
1987;2860;Rünenberg;Steuerfuss_natürliche_Personen_Prozent;65.0
1987;2861;Sissach;Steuerfuss_natürliche_Personen_Prozent;61.19
1987;2862;Tecknau;Steuerfuss_natürliche_Personen_Prozent;50.0
1987;2863;Tenniken;Steuerfuss_natürliche_Personen_Prozent;60.0
1987;2864;Thürnen;Steuerfuss_natürliche_Personen_Prozent;65.0
1987;2865;Wenslingen;Steuerfuss_natürliche_Personen_Prozent;60.0
1987;2866;Wintersingen;Steuerfuss_natürliche_Personen_Prozent;65.0
1987;2867;Wittinsburg;Steuerfuss_natürliche_Personen_Prozent;65.0
1987;2868;Zeglingen;Steuerfuss_natürliche_Personen_Prozent;65.0
1987;2869;Zunzgen;Steuerfuss_natürliche_Personen_Prozent;61.0
1987;2881;Arboldswil;Steuerfuss_natürliche_Personen_Prozent;65.0
1987;2882;Bennwil;Steuerfuss_natürliche_Personen_Prozent;68.25
1987;2883;Bretzwil;Steuerfuss_natürliche_Personen_Prozent;63.0
1987;2884;Diegten;Steuerfuss_natürliche_Personen_Prozent;60.0
1987;2885;Eptingen;Steuerfuss_natürliche_Personen_Prozent;65.0
1987;2886;Hölstein;Steuerfuss_natürliche_Personen_Prozent;67.0
1987;2887;Lampenberg;Steuerfuss_natürliche_Personen_Prozent;63.0
1987;2888;Langenbruck;Steuerfuss_natürliche_Personen_Prozent;59.0
1987;2889;Lauwil;Steuerfuss_natürliche_Personen_Prozent;60.0
1987;2890;Liedertswil;Steuerfuss_natürliche_Personen_Prozent;60.0
1987;2891;Niederdorf;Steuerfuss_natürliche_Personen_Prozent;60.0
1987;2892;Oberdorf;Steuerfuss_natürliche_Personen_Prozent;66.0
1987;2893;Reigoldswil;Steuerfuss_natürliche_Personen_Prozent;63.0
1987;2894;Titterten;Steuerfuss_natürliche_Personen_Prozent;65.0
1987;2895;Waldenburg;Steuerfuss_natürliche_Personen_Prozent;65.0
1986;2761;Aesch;Steuerfuss_natürliche_Personen_Prozent;52.0
1986;2762;Allschwil;Steuerfuss_natürliche_Personen_Prozent;51.12
1986;2763;Arlesheim;Steuerfuss_natürliche_Personen_Prozent;51.12
1986;2764;Biel-Benken;Steuerfuss_natürliche_Personen_Prozent;49.0
1986;2765;Binningen;Steuerfuss_natürliche_Personen_Prozent;50.0
1986;2766;Birsfelden;Steuerfuss_natürliche_Personen_Prozent;55.0
1986;2767;Bottmingen;Steuerfuss_natürliche_Personen_Prozent;56.5
1986;2768;Ettingen;Steuerfuss_natürliche_Personen_Prozent;56.0
1986;2769;Münchenstein;Steuerfuss_natürliche_Personen_Prozent;55.5
1986;2770;Muttenz;Steuerfuss_natürliche_Personen_Prozent;49.5
1986;2771;Oberwil;Steuerfuss_natürliche_Personen_Prozent;54.0
1986;2772;Pfeffingen;Steuerfuss_natürliche_Personen_Prozent;49.0
1986;2773;Reinach;Steuerfuss_natürliche_Personen_Prozent;52.8
1986;2774;Schönenbuch;Steuerfuss_natürliche_Personen_Prozent;56.0
1986;2775;Therwil;Steuerfuss_natürliche_Personen_Prozent;57.48
1986;2821;Arisdorf;Steuerfuss_natürliche_Personen_Prozent;67.0
1986;2822;Augst;Steuerfuss_natürliche_Personen_Prozent;60.99
1986;2823;Bubendorf;Steuerfuss_natürliche_Personen_Prozent;64.05
1986;2824;Frenkendorf;Steuerfuss_natürliche_Personen_Prozent;64.0
1986;2825;Füllinsdorf;Steuerfuss_natürliche_Personen_Prozent;60.0
1986;2826;Giebenach;Steuerfuss_natürliche_Personen_Prozent;61.0
1986;2827;Hersberg;Steuerfuss_natürliche_Personen_Prozent;58.0
1986;2828;Lausen;Steuerfuss_natürliche_Personen_Prozent;63.0
1986;2829;Liestal;Steuerfuss_natürliche_Personen_Prozent;60.99
1986;2830;Lupsingen;Steuerfuss_natürliche_Personen_Prozent;56.0
1986;2831;Pratteln;Steuerfuss_natürliche_Personen_Prozent;55.12
1986;2832;Ramlinsburg;Steuerfuss_natürliche_Personen_Prozent;58.0
1986;2833;Seltisberg;Steuerfuss_natürliche_Personen_Prozent;48.0
1986;2834;Ziefen;Steuerfuss_natürliche_Personen_Prozent;62.0
1986;2841;Anwil;Steuerfuss_natürliche_Personen_Prozent;65.0
1986;2842;Böckten;Steuerfuss_natürliche_Personen_Prozent;62.0
1986;2843;Buckten;Steuerfuss_natürliche_Personen_Prozent;60.0
1986;2844;Buus;Steuerfuss_natürliche_Personen_Prozent;61.0
1986;2845;Diepflingen;Steuerfuss_natürliche_Personen_Prozent;68.0
1986;2846;Gelterkinden;Steuerfuss_natürliche_Personen_Prozent;56.0
1986;2847;Häfelfingen;Steuerfuss_natürliche_Personen_Prozent;61.0
1986;2848;Hemmiken;Steuerfuss_natürliche_Personen_Prozent;65.0
1986;2849;Itingen;Steuerfuss_natürliche_Personen_Prozent;45.0
1986;2850;Känerkinden;Steuerfuss_natürliche_Personen_Prozent;58.0
1986;2851;Kilchberg;Steuerfuss_natürliche_Personen_Prozent;64.0
1986;2852;Läufelfingen;Steuerfuss_natürliche_Personen_Prozent;53.5
1986;2853;Maisprach;Steuerfuss_natürliche_Personen_Prozent;60.0
1986;2854;Nusshof;Steuerfuss_natürliche_Personen_Prozent;60.0
1986;2855;Oltingen;Steuerfuss_natürliche_Personen_Prozent;65.0
1986;2856;Ormalingen;Steuerfuss_natürliche_Personen_Prozent;62.0
1986;2857;Rickenbach;Steuerfuss_natürliche_Personen_Prozent;65.0
1986;2858;Rothenfluh;Steuerfuss_natürliche_Personen_Prozent;65.1
1986;2859;Rümlingen;Steuerfuss_natürliche_Personen_Prozent;63.0
1986;2860;Rünenberg;Steuerfuss_natürliche_Personen_Prozent;68.0
1986;2861;Sissach;Steuerfuss_natürliche_Personen_Prozent;61.19
1986;2862;Tecknau;Steuerfuss_natürliche_Personen_Prozent;50.0
1986;2863;Tenniken;Steuerfuss_natürliche_Personen_Prozent;60.0
1986;2864;Thürnen;Steuerfuss_natürliche_Personen_Prozent;70.0
1986;2865;Wenslingen;Steuerfuss_natürliche_Personen_Prozent;60.0
1986;2866;Wintersingen;Steuerfuss_natürliche_Personen_Prozent;65.0
1986;2867;Wittinsburg;Steuerfuss_natürliche_Personen_Prozent;65.0
1986;2868;Zeglingen;Steuerfuss_natürliche_Personen_Prozent;65.0
1986;2869;Zunzgen;Steuerfuss_natürliche_Personen_Prozent;59.5
1986;2881;Arboldswil;Steuerfuss_natürliche_Personen_Prozent;65.0
1986;2882;Bennwil;Steuerfuss_natürliche_Personen_Prozent;68.25
1986;2883;Bretzwil;Steuerfuss_natürliche_Personen_Prozent;63.0
1986;2884;Diegten;Steuerfuss_natürliche_Personen_Prozent;60.0
1986;2885;Eptingen;Steuerfuss_natürliche_Personen_Prozent;65.0
1986;2886;Hölstein;Steuerfuss_natürliche_Personen_Prozent;67.0
1986;2887;Lampenberg;Steuerfuss_natürliche_Personen_Prozent;63.0
1986;2888;Langenbruck;Steuerfuss_natürliche_Personen_Prozent;65.0
1986;2889;Lauwil;Steuerfuss_natürliche_Personen_Prozent;60.0
1986;2890;Liedertswil;Steuerfuss_natürliche_Personen_Prozent;65.0
1986;2891;Niederdorf;Steuerfuss_natürliche_Personen_Prozent;60.0
1986;2892;Oberdorf;Steuerfuss_natürliche_Personen_Prozent;68.0
1986;2893;Reigoldswil;Steuerfuss_natürliche_Personen_Prozent;63.0
1986;2894;Titterten;Steuerfuss_natürliche_Personen_Prozent;68.0
1986;2895;Waldenburg;Steuerfuss_natürliche_Personen_Prozent;65.0
1985;2761;Aesch;Steuerfuss_natürliche_Personen_Prozent;56.0
1985;2762;Allschwil;Steuerfuss_natürliche_Personen_Prozent;51.12
1985;2763;Arlesheim;Steuerfuss_natürliche_Personen_Prozent;51.12
1985;2764;Biel-Benken;Steuerfuss_natürliche_Personen_Prozent;49.0
1985;2765;Binningen;Steuerfuss_natürliche_Personen_Prozent;50.0
1985;2766;Birsfelden;Steuerfuss_natürliche_Personen_Prozent;55.0
1985;2767;Bottmingen;Steuerfuss_natürliche_Personen_Prozent;56.5
1985;2768;Ettingen;Steuerfuss_natürliche_Personen_Prozent;58.0
1985;2769;Münchenstein;Steuerfuss_natürliche_Personen_Prozent;55.5
1985;2770;Muttenz;Steuerfuss_natürliche_Personen_Prozent;49.5
1985;2771;Oberwil;Steuerfuss_natürliche_Personen_Prozent;58.0
1985;2772;Pfeffingen;Steuerfuss_natürliche_Personen_Prozent;49.0
1985;2773;Reinach;Steuerfuss_natürliche_Personen_Prozent;52.8
1985;2774;Schönenbuch;Steuerfuss_natürliche_Personen_Prozent;58.0
1985;2775;Therwil;Steuerfuss_natürliche_Personen_Prozent;57.48
1985;2821;Arisdorf;Steuerfuss_natürliche_Personen_Prozent;67.0
1985;2822;Augst;Steuerfuss_natürliche_Personen_Prozent;60.99
1985;2823;Bubendorf;Steuerfuss_natürliche_Personen_Prozent;67.2
1985;2824;Frenkendorf;Steuerfuss_natürliche_Personen_Prozent;64.0
1985;2825;Füllinsdorf;Steuerfuss_natürliche_Personen_Prozent;60.0
1985;2826;Giebenach;Steuerfuss_natürliche_Personen_Prozent;65.0
1985;2827;Hersberg;Steuerfuss_natürliche_Personen_Prozent;58.0
1985;2828;Lausen;Steuerfuss_natürliche_Personen_Prozent;65.0
1985;2829;Liestal;Steuerfuss_natürliche_Personen_Prozent;64.97
1985;2830;Lupsingen;Steuerfuss_natürliche_Personen_Prozent;56.0
1985;2831;Pratteln;Steuerfuss_natürliche_Personen_Prozent;60.32
1985;2832;Ramlinsburg;Steuerfuss_natürliche_Personen_Prozent;58.0
1985;2833;Seltisberg;Steuerfuss_natürliche_Personen_Prozent;48.0
1985;2834;Ziefen;Steuerfuss_natürliche_Personen_Prozent;65.0
1985;2841;Anwil;Steuerfuss_natürliche_Personen_Prozent;65.0
1985;2842;Böckten;Steuerfuss_natürliche_Personen_Prozent;62.0
1985;2843;Buckten;Steuerfuss_natürliche_Personen_Prozent;63.0
1985;2844;Buus;Steuerfuss_natürliche_Personen_Prozent;61.0
1985;2845;Diepflingen;Steuerfuss_natürliche_Personen_Prozent;68.0
1985;2846;Gelterkinden;Steuerfuss_natürliche_Personen_Prozent;58.0
1985;2847;Häfelfingen;Steuerfuss_natürliche_Personen_Prozent;61.0
1985;2848;Hemmiken;Steuerfuss_natürliche_Personen_Prozent;65.0
1985;2849;Itingen;Steuerfuss_natürliche_Personen_Prozent;48.0
1985;2850;Känerkinden;Steuerfuss_natürliche_Personen_Prozent;58.0
1985;2851;Kilchberg;Steuerfuss_natürliche_Personen_Prozent;64.0
1985;2852;Läufelfingen;Steuerfuss_natürliche_Personen_Prozent;53.5
1985;2853;Maisprach;Steuerfuss_natürliche_Personen_Prozent;60.0
1985;2854;Nusshof;Steuerfuss_natürliche_Personen_Prozent;60.0
1985;2855;Oltingen;Steuerfuss_natürliche_Personen_Prozent;65.0
1985;2856;Ormalingen;Steuerfuss_natürliche_Personen_Prozent;62.0
1985;2857;Rickenbach;Steuerfuss_natürliche_Personen_Prozent;65.0
1985;2858;Rothenfluh;Steuerfuss_natürliche_Personen_Prozent;69.3
1985;2859;Rümlingen;Steuerfuss_natürliche_Personen_Prozent;63.0
1985;2860;Rünenberg;Steuerfuss_natürliche_Personen_Prozent;68.0
1985;2861;Sissach;Steuerfuss_natürliche_Personen_Prozent;61.19
1985;2862;Tecknau;Steuerfuss_natürliche_Personen_Prozent;50.0
1985;2863;Tenniken;Steuerfuss_natürliche_Personen_Prozent;60.0
1985;2864;Thürnen;Steuerfuss_natürliche_Personen_Prozent;68.0
1985;2865;Wenslingen;Steuerfuss_natürliche_Personen_Prozent;60.0
1985;2866;Wintersingen;Steuerfuss_natürliche_Personen_Prozent;68.0
1985;2867;Wittinsburg;Steuerfuss_natürliche_Personen_Prozent;65.0
1985;2868;Zeglingen;Steuerfuss_natürliche_Personen_Prozent;65.0
1985;2869;Zunzgen;Steuerfuss_natürliche_Personen_Prozent;59.5
1985;2881;Arboldswil;Steuerfuss_natürliche_Personen_Prozent;65.0
1985;2882;Bennwil;Steuerfuss_natürliche_Personen_Prozent;68.9
1985;2883;Bretzwil;Steuerfuss_natürliche_Personen_Prozent;63.0
1985;2884;Diegten;Steuerfuss_natürliche_Personen_Prozent;60.0
1985;2885;Eptingen;Steuerfuss_natürliche_Personen_Prozent;65.0
1985;2886;Hölstein;Steuerfuss_natürliche_Personen_Prozent;67.0
1985;2887;Lampenberg;Steuerfuss_natürliche_Personen_Prozent;63.0
1985;2888;Langenbruck;Steuerfuss_natürliche_Personen_Prozent;65.0
1985;2889;Lauwil;Steuerfuss_natürliche_Personen_Prozent;60.0
1985;2890;Liedertswil;Steuerfuss_natürliche_Personen_Prozent;65.0
1985;2891;Niederdorf;Steuerfuss_natürliche_Personen_Prozent;62.0
1985;2892;Oberdorf;Steuerfuss_natürliche_Personen_Prozent;68.0
1985;2893;Reigoldswil;Steuerfuss_natürliche_Personen_Prozent;63.0
1985;2894;Titterten;Steuerfuss_natürliche_Personen_Prozent;68.0
1985;2895;Waldenburg;Steuerfuss_natürliche_Personen_Prozent;65.0
1984;2761;Aesch;Steuerfuss_natürliche_Personen_Prozent;56.0
1984;2762;Allschwil;Steuerfuss_natürliche_Personen_Prozent;51.12
1984;2763;Arlesheim;Steuerfuss_natürliche_Personen_Prozent;52.68
1984;2764;Biel-Benken;Steuerfuss_natürliche_Personen_Prozent;49.0
1984;2765;Binningen;Steuerfuss_natürliche_Personen_Prozent;50.0
1984;2766;Birsfelden;Steuerfuss_natürliche_Personen_Prozent;55.0
1984;2767;Bottmingen;Steuerfuss_natürliche_Personen_Prozent;56.5
1984;2768;Ettingen;Steuerfuss_natürliche_Personen_Prozent;58.0
1984;2769;Münchenstein;Steuerfuss_natürliche_Personen_Prozent;56.16
1984;2770;Muttenz;Steuerfuss_natürliche_Personen_Prozent;49.5
1984;2771;Oberwil;Steuerfuss_natürliche_Personen_Prozent;58.0
1984;2772;Pfeffingen;Steuerfuss_natürliche_Personen_Prozent;49.0
1984;2773;Reinach;Steuerfuss_natürliche_Personen_Prozent;52.8
1984;2774;Schönenbuch;Steuerfuss_natürliche_Personen_Prozent;58.0
1984;2775;Therwil;Steuerfuss_natürliche_Personen_Prozent;57.48
1984;2821;Arisdorf;Steuerfuss_natürliche_Personen_Prozent;70.0
1984;2822;Augst;Steuerfuss_natürliche_Personen_Prozent;60.99
1984;2823;Bubendorf;Steuerfuss_natürliche_Personen_Prozent;67.2
1984;2824;Frenkendorf;Steuerfuss_natürliche_Personen_Prozent;64.0
1984;2825;Füllinsdorf;Steuerfuss_natürliche_Personen_Prozent;60.0
1984;2826;Giebenach;Steuerfuss_natürliche_Personen_Prozent;65.0
1984;2827;Hersberg;Steuerfuss_natürliche_Personen_Prozent;60.0
1984;2828;Lausen;Steuerfuss_natürliche_Personen_Prozent;66.0
1984;2829;Liestal;Steuerfuss_natürliche_Personen_Prozent;66.94
1984;2830;Lupsingen;Steuerfuss_natürliche_Personen_Prozent;56.0
1984;2831;Pratteln;Steuerfuss_natürliche_Personen_Prozent;60.32
1984;2832;Ramlinsburg;Steuerfuss_natürliche_Personen_Prozent;58.0
1984;2833;Seltisberg;Steuerfuss_natürliche_Personen_Prozent;48.0
1984;2834;Ziefen;Steuerfuss_natürliche_Personen_Prozent;65.0
1984;2841;Anwil;Steuerfuss_natürliche_Personen_Prozent;65.0
1984;2842;Böckten;Steuerfuss_natürliche_Personen_Prozent;65.0
1984;2843;Buckten;Steuerfuss_natürliche_Personen_Prozent;63.0
1984;2844;Buus;Steuerfuss_natürliche_Personen_Prozent;61.0
1984;2845;Diepflingen;Steuerfuss_natürliche_Personen_Prozent;68.0
1984;2846;Gelterkinden;Steuerfuss_natürliche_Personen_Prozent;62.42
1984;2847;Häfelfingen;Steuerfuss_natürliche_Personen_Prozent;61.0
1984;2848;Hemmiken;Steuerfuss_natürliche_Personen_Prozent;65.0
1984;2849;Itingen;Steuerfuss_natürliche_Personen_Prozent;50.0
1984;2850;Känerkinden;Steuerfuss_natürliche_Personen_Prozent;58.0
1984;2851;Kilchberg;Steuerfuss_natürliche_Personen_Prozent;67.0
1984;2852;Läufelfingen;Steuerfuss_natürliche_Personen_Prozent;53.5
1984;2853;Maisprach;Steuerfuss_natürliche_Personen_Prozent;60.0
1984;2854;Nusshof;Steuerfuss_natürliche_Personen_Prozent;60.0
1984;2855;Oltingen;Steuerfuss_natürliche_Personen_Prozent;65.0
1984;2856;Ormalingen;Steuerfuss_natürliche_Personen_Prozent;64.0
1984;2857;Rickenbach;Steuerfuss_natürliche_Personen_Prozent;65.0
1984;2858;Rothenfluh;Steuerfuss_natürliche_Personen_Prozent;69.3
1984;2859;Rümlingen;Steuerfuss_natürliche_Personen_Prozent;68.0
1984;2860;Rünenberg;Steuerfuss_natürliche_Personen_Prozent;68.0
1984;2861;Sissach;Steuerfuss_natürliche_Personen_Prozent;64.73
1984;2862;Tecknau;Steuerfuss_natürliche_Personen_Prozent;47.0
1984;2863;Tenniken;Steuerfuss_natürliche_Personen_Prozent;60.0
1984;2864;Thürnen;Steuerfuss_natürliche_Personen_Prozent;68.0
1984;2865;Wenslingen;Steuerfuss_natürliche_Personen_Prozent;60.0
1984;2866;Wintersingen;Steuerfuss_natürliche_Personen_Prozent;68.0
1984;2867;Wittinsburg;Steuerfuss_natürliche_Personen_Prozent;65.0
1984;2868;Zeglingen;Steuerfuss_natürliche_Personen_Prozent;65.0
1984;2869;Zunzgen;Steuerfuss_natürliche_Personen_Prozent;62.5
1984;2881;Arboldswil;Steuerfuss_natürliche_Personen_Prozent;65.0
1984;2882;Bennwil;Steuerfuss_natürliche_Personen_Prozent;68.9
1984;2883;Bretzwil;Steuerfuss_natürliche_Personen_Prozent;63.0
1984;2884;Diegten;Steuerfuss_natürliche_Personen_Prozent;60.0
1984;2885;Eptingen;Steuerfuss_natürliche_Personen_Prozent;65.0
1984;2886;Hölstein;Steuerfuss_natürliche_Personen_Prozent;67.0
1984;2887;Lampenberg;Steuerfuss_natürliche_Personen_Prozent;63.0
1984;2888;Langenbruck;Steuerfuss_natürliche_Personen_Prozent;65.0
1984;2889;Lauwil;Steuerfuss_natürliche_Personen_Prozent;60.0
1984;2890;Liedertswil;Steuerfuss_natürliche_Personen_Prozent;70.0
1984;2891;Niederdorf;Steuerfuss_natürliche_Personen_Prozent;62.0
1984;2892;Oberdorf;Steuerfuss_natürliche_Personen_Prozent;68.0
1984;2893;Reigoldswil;Steuerfuss_natürliche_Personen_Prozent;65.0
1984;2894;Titterten;Steuerfuss_natürliche_Personen_Prozent;68.0
1984;2895;Waldenburg;Steuerfuss_natürliche_Personen_Prozent;65.0
1983;2761;Aesch;Steuerfuss_natürliche_Personen_Prozent;57.0
1983;2762;Allschwil;Steuerfuss_natürliche_Personen_Prozent;53.25
1983;2763;Arlesheim;Steuerfuss_natürliche_Personen_Prozent;52.68
1983;2764;Biel-Benken;Steuerfuss_natürliche_Personen_Prozent;51.0
1983;2765;Binningen;Steuerfuss_natürliche_Personen_Prozent;50.0
1983;2766;Birsfelden;Steuerfuss_natürliche_Personen_Prozent;61.0
1983;2767;Bottmingen;Steuerfuss_natürliche_Personen_Prozent;55.5
1983;2768;Ettingen;Steuerfuss_natürliche_Personen_Prozent;58.0
1983;2769;Münchenstein;Steuerfuss_natürliche_Personen_Prozent;56.16
1983;2770;Muttenz;Steuerfuss_natürliche_Personen_Prozent;49.5
1983;2771;Oberwil;Steuerfuss_natürliche_Personen_Prozent;62.0
1983;2772;Pfeffingen;Steuerfuss_natürliche_Personen_Prozent;51.0
1983;2773;Reinach;Steuerfuss_natürliche_Personen_Prozent;52.8
1983;2774;Schönenbuch;Steuerfuss_natürliche_Personen_Prozent;61.0
1983;2775;Therwil;Steuerfuss_natürliche_Personen_Prozent;57.48
1983;2821;Arisdorf;Steuerfuss_natürliche_Personen_Prozent;70.0
1983;2822;Augst;Steuerfuss_natürliche_Personen_Prozent;60.99
1983;2823;Bubendorf;Steuerfuss_natürliche_Personen_Prozent;67.2
1983;2824;Frenkendorf;Steuerfuss_natürliche_Personen_Prozent;64.0
1983;2825;Füllinsdorf;Steuerfuss_natürliche_Personen_Prozent;60.0
1983;2826;Giebenach;Steuerfuss_natürliche_Personen_Prozent;62.0
1983;2827;Hersberg;Steuerfuss_natürliche_Personen_Prozent;63.0
1983;2828;Lausen;Steuerfuss_natürliche_Personen_Prozent;68.0
1983;2829;Liestal;Steuerfuss_natürliche_Personen_Prozent;68.9
1983;2830;Lupsingen;Steuerfuss_natürliche_Personen_Prozent;56.0
1983;2831;Pratteln;Steuerfuss_natürliche_Personen_Prozent;62.64
1983;2832;Ramlinsburg;Steuerfuss_natürliche_Personen_Prozent;58.0
1983;2833;Seltisberg;Steuerfuss_natürliche_Personen_Prozent;48.0
1983;2834;Ziefen;Steuerfuss_natürliche_Personen_Prozent;65.0
1983;2841;Anwil;Steuerfuss_natürliche_Personen_Prozent;65.0
1983;2842;Böckten;Steuerfuss_natürliche_Personen_Prozent;65.0
1983;2843;Buckten;Steuerfuss_natürliche_Personen_Prozent;63.0
1983;2844;Buus;Steuerfuss_natürliche_Personen_Prozent;61.0
1983;2845;Diepflingen;Steuerfuss_natürliche_Personen_Prozent;68.0
1983;2846;Gelterkinden;Steuerfuss_natürliche_Personen_Prozent;65.7
1983;2847;Häfelfingen;Steuerfuss_natürliche_Personen_Prozent;61.0
1983;2848;Hemmiken;Steuerfuss_natürliche_Personen_Prozent;65.0
1983;2849;Itingen;Steuerfuss_natürliche_Personen_Prozent;50.0
1983;2850;Känerkinden;Steuerfuss_natürliche_Personen_Prozent;61.0
1983;2851;Kilchberg;Steuerfuss_natürliche_Personen_Prozent;67.0
1983;2852;Läufelfingen;Steuerfuss_natürliche_Personen_Prozent;68.48
1983;2853;Maisprach;Steuerfuss_natürliche_Personen_Prozent;65.0
1983;2854;Nusshof;Steuerfuss_natürliche_Personen_Prozent;65.0
1983;2855;Oltingen;Steuerfuss_natürliche_Personen_Prozent;65.0
1983;2856;Ormalingen;Steuerfuss_natürliche_Personen_Prozent;64.0
1983;2857;Rickenbach;Steuerfuss_natürliche_Personen_Prozent;65.0
1983;2858;Rothenfluh;Steuerfuss_natürliche_Personen_Prozent;66.0
1983;2859;Rümlingen;Steuerfuss_natürliche_Personen_Prozent;68.0
1983;2860;Rünenberg;Steuerfuss_natürliche_Personen_Prozent;68.0
1983;2861;Sissach;Steuerfuss_natürliche_Personen_Prozent;64.73
1983;2862;Tecknau;Steuerfuss_natürliche_Personen_Prozent;47.0
1983;2863;Tenniken;Steuerfuss_natürliche_Personen_Prozent;60.0
1983;2864;Thürnen;Steuerfuss_natürliche_Personen_Prozent;65.0
1983;2865;Wenslingen;Steuerfuss_natürliche_Personen_Prozent;65.0
1983;2866;Wintersingen;Steuerfuss_natürliche_Personen_Prozent;68.0
1983;2867;Wittinsburg;Steuerfuss_natürliche_Personen_Prozent;65.0
1983;2868;Zeglingen;Steuerfuss_natürliche_Personen_Prozent;65.0
1983;2869;Zunzgen;Steuerfuss_natürliche_Personen_Prozent;64.5
1983;2881;Arboldswil;Steuerfuss_natürliche_Personen_Prozent;70.0
1983;2882;Bennwil;Steuerfuss_natürliche_Personen_Prozent;68.9
1983;2883;Bretzwil;Steuerfuss_natürliche_Personen_Prozent;66.0
1983;2884;Diegten;Steuerfuss_natürliche_Personen_Prozent;60.0
1983;2885;Eptingen;Steuerfuss_natürliche_Personen_Prozent;68.0
1983;2886;Hölstein;Steuerfuss_natürliche_Personen_Prozent;67.0
1983;2887;Lampenberg;Steuerfuss_natürliche_Personen_Prozent;63.0
1983;2888;Langenbruck;Steuerfuss_natürliche_Personen_Prozent;67.0
1983;2889;Lauwil;Steuerfuss_natürliche_Personen_Prozent;64.0
1983;2890;Liedertswil;Steuerfuss_natürliche_Personen_Prozent;70.0
1983;2891;Niederdorf;Steuerfuss_natürliche_Personen_Prozent;64.0
1983;2892;Oberdorf;Steuerfuss_natürliche_Personen_Prozent;68.0
1983;2893;Reigoldswil;Steuerfuss_natürliche_Personen_Prozent;65.0
1983;2894;Titterten;Steuerfuss_natürliche_Personen_Prozent;68.0
1983;2895;Waldenburg;Steuerfuss_natürliche_Personen_Prozent;65.0
1982;2761;Aesch;Steuerfuss_natürliche_Personen_Prozent;57.0
1982;2762;Allschwil;Steuerfuss_natürliche_Personen_Prozent;53.25
1982;2763;Arlesheim;Steuerfuss_natürliche_Personen_Prozent;53.75
1982;2764;Biel-Benken;Steuerfuss_natürliche_Personen_Prozent;51.0
1982;2765;Binningen;Steuerfuss_natürliche_Personen_Prozent;50.0
1982;2766;Birsfelden;Steuerfuss_natürliche_Personen_Prozent;61.0
1982;2767;Bottmingen;Steuerfuss_natürliche_Personen_Prozent;55.5
1982;2768;Ettingen;Steuerfuss_natürliche_Personen_Prozent;58.0
1982;2769;Münchenstein;Steuerfuss_natürliche_Personen_Prozent;56.16
1982;2770;Muttenz;Steuerfuss_natürliche_Personen_Prozent;49.5
1982;2771;Oberwil;Steuerfuss_natürliche_Personen_Prozent;62.0
1982;2772;Pfeffingen;Steuerfuss_natürliche_Personen_Prozent;54.0
1982;2773;Reinach;Steuerfuss_natürliche_Personen_Prozent;52.8
1982;2774;Schönenbuch;Steuerfuss_natürliche_Personen_Prozent;61.0
1982;2775;Therwil;Steuerfuss_natürliche_Personen_Prozent;57.48
1982;2821;Arisdorf;Steuerfuss_natürliche_Personen_Prozent;70.0
1982;2822;Augst;Steuerfuss_natürliche_Personen_Prozent;60.99
1982;2823;Bubendorf;Steuerfuss_natürliche_Personen_Prozent;67.2
1982;2824;Frenkendorf;Steuerfuss_natürliche_Personen_Prozent;64.0
1982;2825;Füllinsdorf;Steuerfuss_natürliche_Personen_Prozent;60.0
1982;2826;Giebenach;Steuerfuss_natürliche_Personen_Prozent;62.0
1982;2827;Hersberg;Steuerfuss_natürliche_Personen_Prozent;63.0
1982;2828;Lausen;Steuerfuss_natürliche_Personen_Prozent;69.0
1982;2829;Liestal;Steuerfuss_natürliche_Personen_Prozent;68.9
1982;2830;Lupsingen;Steuerfuss_natürliche_Personen_Prozent;56.0
1982;2831;Pratteln;Steuerfuss_natürliche_Personen_Prozent;62.64
1982;2832;Ramlinsburg;Steuerfuss_natürliche_Personen_Prozent;58.0
1982;2833;Seltisberg;Steuerfuss_natürliche_Personen_Prozent;48.0
1982;2834;Ziefen;Steuerfuss_natürliche_Personen_Prozent;65.0
1982;2841;Anwil;Steuerfuss_natürliche_Personen_Prozent;65.0
1982;2842;Böckten;Steuerfuss_natürliche_Personen_Prozent;65.0
1982;2843;Buckten;Steuerfuss_natürliche_Personen_Prozent;63.0
1982;2844;Buus;Steuerfuss_natürliche_Personen_Prozent;61.0
1982;2845;Diepflingen;Steuerfuss_natürliche_Personen_Prozent;68.0
1982;2846;Gelterkinden;Steuerfuss_natürliche_Personen_Prozent;68.25
1982;2847;Häfelfingen;Steuerfuss_natürliche_Personen_Prozent;61.0
1982;2848;Hemmiken;Steuerfuss_natürliche_Personen_Prozent;65.0
1982;2849;Itingen;Steuerfuss_natürliche_Personen_Prozent;52.0
1982;2850;Känerkinden;Steuerfuss_natürliche_Personen_Prozent;61.0
1982;2851;Kilchberg;Steuerfuss_natürliche_Personen_Prozent;67.0
1982;2852;Läufelfingen;Steuerfuss_natürliche_Personen_Prozent;68.48
1982;2853;Maisprach;Steuerfuss_natürliche_Personen_Prozent;65.0
1982;2854;Nusshof;Steuerfuss_natürliche_Personen_Prozent;65.0
1982;2855;Oltingen;Steuerfuss_natürliche_Personen_Prozent;65.0
1982;2856;Ormalingen;Steuerfuss_natürliche_Personen_Prozent;64.0
1982;2857;Rickenbach;Steuerfuss_natürliche_Personen_Prozent;65.0
1982;2858;Rothenfluh;Steuerfuss_natürliche_Personen_Prozent;66.0
1982;2859;Rümlingen;Steuerfuss_natürliche_Personen_Prozent;68.0
1982;2860;Rünenberg;Steuerfuss_natürliche_Personen_Prozent;68.0
1982;2861;Sissach;Steuerfuss_natürliche_Personen_Prozent;64.73
1982;2862;Tecknau;Steuerfuss_natürliche_Personen_Prozent;45.0
1982;2863;Tenniken;Steuerfuss_natürliche_Personen_Prozent;60.0
1982;2864;Thürnen;Steuerfuss_natürliche_Personen_Prozent;65.0
1982;2865;Wenslingen;Steuerfuss_natürliche_Personen_Prozent;65.0
1982;2866;Wintersingen;Steuerfuss_natürliche_Personen_Prozent;68.0
1982;2867;Wittinsburg;Steuerfuss_natürliche_Personen_Prozent;65.0
1982;2868;Zeglingen;Steuerfuss_natürliche_Personen_Prozent;65.0
1982;2869;Zunzgen;Steuerfuss_natürliche_Personen_Prozent;67.0
1982;2881;Arboldswil;Steuerfuss_natürliche_Personen_Prozent;70.0
1982;2882;Bennwil;Steuerfuss_natürliche_Personen_Prozent;66.95
1982;2883;Bretzwil;Steuerfuss_natürliche_Personen_Prozent;66.0
1982;2884;Diegten;Steuerfuss_natürliche_Personen_Prozent;60.0
1982;2885;Eptingen;Steuerfuss_natürliche_Personen_Prozent;68.0
1982;2886;Hölstein;Steuerfuss_natürliche_Personen_Prozent;67.0
1982;2887;Lampenberg;Steuerfuss_natürliche_Personen_Prozent;63.0
1982;2888;Langenbruck;Steuerfuss_natürliche_Personen_Prozent;67.0
1982;2889;Lauwil;Steuerfuss_natürliche_Personen_Prozent;64.0
1982;2890;Liedertswil;Steuerfuss_natürliche_Personen_Prozent;70.0
1982;2891;Niederdorf;Steuerfuss_natürliche_Personen_Prozent;64.0
1982;2892;Oberdorf;Steuerfuss_natürliche_Personen_Prozent;68.0
1982;2893;Reigoldswil;Steuerfuss_natürliche_Personen_Prozent;63.0
1982;2894;Titterten;Steuerfuss_natürliche_Personen_Prozent;68.0
1982;2895;Waldenburg;Steuerfuss_natürliche_Personen_Prozent;65.0
1981;2761;Aesch;Steuerfuss_natürliche_Personen_Prozent;59.0
1981;2762;Allschwil;Steuerfuss_natürliche_Personen_Prozent;53.25
1981;2763;Arlesheim;Steuerfuss_natürliche_Personen_Prozent;53.41
1981;2764;Biel-Benken;Steuerfuss_natürliche_Personen_Prozent;51.0
1981;2765;Binningen;Steuerfuss_natürliche_Personen_Prozent;50.0
1981;2766;Birsfelden;Steuerfuss_natürliche_Personen_Prozent;61.0
1981;2767;Bottmingen;Steuerfuss_natürliche_Personen_Prozent;55.5
1981;2768;Ettingen;Steuerfuss_natürliche_Personen_Prozent;58.0
1981;2769;Münchenstein;Steuerfuss_natürliche_Personen_Prozent;59.4
1981;2770;Muttenz;Steuerfuss_natürliche_Personen_Prozent;49.5
1981;2771;Oberwil;Steuerfuss_natürliche_Personen_Prozent;62.0
1981;2772;Pfeffingen;Steuerfuss_natürliche_Personen_Prozent;54.0
1981;2773;Reinach;Steuerfuss_natürliche_Personen_Prozent;52.8
1981;2774;Schönenbuch;Steuerfuss_natürliche_Personen_Prozent;63.0
1981;2775;Therwil;Steuerfuss_natürliche_Personen_Prozent;57.48
1981;2821;Arisdorf;Steuerfuss_natürliche_Personen_Prozent;70.0
1981;2822;Augst;Steuerfuss_natürliche_Personen_Prozent;60.99
1981;2823;Bubendorf;Steuerfuss_natürliche_Personen_Prozent;67.2
1981;2824;Frenkendorf;Steuerfuss_natürliche_Personen_Prozent;64.0
1981;2825;Füllinsdorf;Steuerfuss_natürliche_Personen_Prozent;60.0
1981;2826;Giebenach;Steuerfuss_natürliche_Personen_Prozent;62.0
1981;2827;Hersberg;Steuerfuss_natürliche_Personen_Prozent;63.0
1981;2828;Lausen;Steuerfuss_natürliche_Personen_Prozent;69.25
1981;2829;Liestal;Steuerfuss_natürliche_Personen_Prozent;68.9
1981;2830;Lupsingen;Steuerfuss_natürliche_Personen_Prozent;56.0
1981;2831;Pratteln;Steuerfuss_natürliche_Personen_Prozent;62.64
1981;2832;Ramlinsburg;Steuerfuss_natürliche_Personen_Prozent;58.0
1981;2833;Seltisberg;Steuerfuss_natürliche_Personen_Prozent;48.0
1981;2834;Ziefen;Steuerfuss_natürliche_Personen_Prozent;65.0
1981;2841;Anwil;Steuerfuss_natürliche_Personen_Prozent;65.0
1981;2842;Böckten;Steuerfuss_natürliche_Personen_Prozent;65.0
1981;2843;Buckten;Steuerfuss_natürliche_Personen_Prozent;66.0
1981;2844;Buus;Steuerfuss_natürliche_Personen_Prozent;61.0
1981;2845;Diepflingen;Steuerfuss_natürliche_Personen_Prozent;68.0
1981;2846;Gelterkinden;Steuerfuss_natürliche_Personen_Prozent;68.25
1981;2847;Häfelfingen;Steuerfuss_natürliche_Personen_Prozent;61.0
1981;2848;Hemmiken;Steuerfuss_natürliche_Personen_Prozent;65.0
1981;2849;Itingen;Steuerfuss_natürliche_Personen_Prozent;56.0
1981;2850;Känerkinden;Steuerfuss_natürliche_Personen_Prozent;61.0
1981;2851;Kilchberg;Steuerfuss_natürliche_Personen_Prozent;67.0
1981;2852;Läufelfingen;Steuerfuss_natürliche_Personen_Prozent;68.48
1981;2853;Maisprach;Steuerfuss_natürliche_Personen_Prozent;65.0
1981;2854;Nusshof;Steuerfuss_natürliche_Personen_Prozent;65.0
1981;2855;Oltingen;Steuerfuss_natürliche_Personen_Prozent;65.0
1981;2856;Ormalingen;Steuerfuss_natürliche_Personen_Prozent;64.0
1981;2857;Rickenbach;Steuerfuss_natürliche_Personen_Prozent;65.0
1981;2858;Rothenfluh;Steuerfuss_natürliche_Personen_Prozent;69.3
1981;2859;Rümlingen;Steuerfuss_natürliche_Personen_Prozent;68.0
1981;2860;Rünenberg;Steuerfuss_natürliche_Personen_Prozent;68.0
1981;2861;Sissach;Steuerfuss_natürliche_Personen_Prozent;64.73
1981;2862;Tecknau;Steuerfuss_natürliche_Personen_Prozent;45.0
1981;2863;Tenniken;Steuerfuss_natürliche_Personen_Prozent;60.0
1981;2864;Thürnen;Steuerfuss_natürliche_Personen_Prozent;65.0
1981;2865;Wenslingen;Steuerfuss_natürliche_Personen_Prozent;65.0
1981;2866;Wintersingen;Steuerfuss_natürliche_Personen_Prozent;68.0
1981;2867;Wittinsburg;Steuerfuss_natürliche_Personen_Prozent;65.0
1981;2868;Zeglingen;Steuerfuss_natürliche_Personen_Prozent;65.0
1981;2869;Zunzgen;Steuerfuss_natürliche_Personen_Prozent;67.0
1981;2881;Arboldswil;Steuerfuss_natürliche_Personen_Prozent;70.0
1981;2882;Bennwil;Steuerfuss_natürliche_Personen_Prozent;67.6
1981;2883;Bretzwil;Steuerfuss_natürliche_Personen_Prozent;66.0
1981;2884;Diegten;Steuerfuss_natürliche_Personen_Prozent;60.0
1981;2885;Eptingen;Steuerfuss_natürliche_Personen_Prozent;68.0
1981;2886;Hölstein;Steuerfuss_natürliche_Personen_Prozent;67.0
1981;2887;Lampenberg;Steuerfuss_natürliche_Personen_Prozent;63.0
1981;2888;Langenbruck;Steuerfuss_natürliche_Personen_Prozent;70.0
1981;2889;Lauwil;Steuerfuss_natürliche_Personen_Prozent;64.0
1981;2890;Liedertswil;Steuerfuss_natürliche_Personen_Prozent;70.0
1981;2891;Niederdorf;Steuerfuss_natürliche_Personen_Prozent;64.0
1981;2892;Oberdorf;Steuerfuss_natürliche_Personen_Prozent;68.0
1981;2893;Reigoldswil;Steuerfuss_natürliche_Personen_Prozent;63.0
1981;2894;Titterten;Steuerfuss_natürliche_Personen_Prozent;68.0
1981;2895;Waldenburg;Steuerfuss_natürliche_Personen_Prozent;65.0
1980;2761;Aesch;Steuerfuss_natürliche_Personen_Prozent;59.0
1980;2762;Allschwil;Steuerfuss_natürliche_Personen_Prozent;53.25
1980;2763;Arlesheim;Steuerfuss_natürliche_Personen_Prozent;53.41
1980;2764;Biel-Benken;Steuerfuss_natürliche_Personen_Prozent;52.0
1980;2765;Binningen;Steuerfuss_natürliche_Personen_Prozent;54.0
1980;2766;Birsfelden;Steuerfuss_natürliche_Personen_Prozent;61.0
1980;2767;Bottmingen;Steuerfuss_natürliche_Personen_Prozent;57.5
1980;2768;Ettingen;Steuerfuss_natürliche_Personen_Prozent;58.0
1980;2769;Münchenstein;Steuerfuss_natürliche_Personen_Prozent;60.5
1980;2770;Muttenz;Steuerfuss_natürliche_Personen_Prozent;49.5
1980;2771;Oberwil;Steuerfuss_natürliche_Personen_Prozent;62.0
1980;2772;Pfeffingen;Steuerfuss_natürliche_Personen_Prozent;57.0
1980;2773;Reinach;Steuerfuss_natürliche_Personen_Prozent;52.8
1980;2774;Schönenbuch;Steuerfuss_natürliche_Personen_Prozent;63.0
1980;2775;Therwil;Steuerfuss_natürliche_Personen_Prozent;57.48
1980;2821;Arisdorf;Steuerfuss_natürliche_Personen_Prozent;70.0
1980;2822;Augst;Steuerfuss_natürliche_Personen_Prozent;60.99
1980;2823;Bubendorf;Steuerfuss_natürliche_Personen_Prozent;67.2
1980;2824;Frenkendorf;Steuerfuss_natürliche_Personen_Prozent;64.0
1980;2825;Füllinsdorf;Steuerfuss_natürliche_Personen_Prozent;60.0
1980;2826;Giebenach;Steuerfuss_natürliche_Personen_Prozent;58.0
1980;2827;Hersberg;Steuerfuss_natürliche_Personen_Prozent;63.0
1980;2828;Lausen;Steuerfuss_natürliche_Personen_Prozent;69.25
1980;2829;Liestal;Steuerfuss_natürliche_Personen_Prozent;68.9
1980;2830;Lupsingen;Steuerfuss_natürliche_Personen_Prozent;56.0
1980;2831;Pratteln;Steuerfuss_natürliche_Personen_Prozent;62.64
1980;2832;Ramlinsburg;Steuerfuss_natürliche_Personen_Prozent;58.0
1980;2833;Seltisberg;Steuerfuss_natürliche_Personen_Prozent;48.0
1980;2834;Ziefen;Steuerfuss_natürliche_Personen_Prozent;65.0
1980;2841;Anwil;Steuerfuss_natürliche_Personen_Prozent;65.0
1980;2842;Böckten;Steuerfuss_natürliche_Personen_Prozent;65.0
1980;2843;Buckten;Steuerfuss_natürliche_Personen_Prozent;66.0
1980;2844;Buus;Steuerfuss_natürliche_Personen_Prozent;61.0
1980;2845;Diepflingen;Steuerfuss_natürliche_Personen_Prozent;68.0
1980;2846;Gelterkinden;Steuerfuss_natürliche_Personen_Prozent;68.25
1980;2847;Häfelfingen;Steuerfuss_natürliche_Personen_Prozent;61.0
1980;2848;Hemmiken;Steuerfuss_natürliche_Personen_Prozent;65.0
1980;2849;Itingen;Steuerfuss_natürliche_Personen_Prozent;61.0
1980;2850;Känerkinden;Steuerfuss_natürliche_Personen_Prozent;61.0
1980;2851;Kilchberg;Steuerfuss_natürliche_Personen_Prozent;67.0
1980;2852;Läufelfingen;Steuerfuss_natürliche_Personen_Prozent;68.48
1980;2853;Maisprach;Steuerfuss_natürliche_Personen_Prozent;65.0
1980;2854;Nusshof;Steuerfuss_natürliche_Personen_Prozent;65.0
1980;2855;Oltingen;Steuerfuss_natürliche_Personen_Prozent;70.0
1980;2856;Ormalingen;Steuerfuss_natürliche_Personen_Prozent;64.0
1980;2857;Rickenbach;Steuerfuss_natürliche_Personen_Prozent;65.0
1980;2858;Rothenfluh;Steuerfuss_natürliche_Personen_Prozent;69.3
1980;2859;Rümlingen;Steuerfuss_natürliche_Personen_Prozent;68.0
1980;2860;Rünenberg;Steuerfuss_natürliche_Personen_Prozent;68.0
1980;2861;Sissach;Steuerfuss_natürliche_Personen_Prozent;64.73
1980;2862;Tecknau;Steuerfuss_natürliche_Personen_Prozent;47.0
1980;2863;Tenniken;Steuerfuss_natürliche_Personen_Prozent;60.0
1980;2864;Thürnen;Steuerfuss_natürliche_Personen_Prozent;65.0
1980;2865;Wenslingen;Steuerfuss_natürliche_Personen_Prozent;70.0
1980;2866;Wintersingen;Steuerfuss_natürliche_Personen_Prozent;70.0
1980;2867;Wittinsburg;Steuerfuss_natürliche_Personen_Prozent;68.0
1980;2868;Zeglingen;Steuerfuss_natürliche_Personen_Prozent;65.0
1980;2869;Zunzgen;Steuerfuss_natürliche_Personen_Prozent;67.0
1980;2881;Arboldswil;Steuerfuss_natürliche_Personen_Prozent;70.0
1980;2882;Bennwil;Steuerfuss_natürliche_Personen_Prozent;66.95
1980;2883;Bretzwil;Steuerfuss_natürliche_Personen_Prozent;66.0
1980;2884;Diegten;Steuerfuss_natürliche_Personen_Prozent;62.0
1980;2885;Eptingen;Steuerfuss_natürliche_Personen_Prozent;68.0
1980;2886;Hölstein;Steuerfuss_natürliche_Personen_Prozent;67.0
1980;2887;Lampenberg;Steuerfuss_natürliche_Personen_Prozent;63.0
1980;2888;Langenbruck;Steuerfuss_natürliche_Personen_Prozent;70.0
1980;2889;Lauwil;Steuerfuss_natürliche_Personen_Prozent;67.0
1980;2890;Liedertswil;Steuerfuss_natürliche_Personen_Prozent;69.0
1980;2891;Niederdorf;Steuerfuss_natürliche_Personen_Prozent;64.0
1980;2892;Oberdorf;Steuerfuss_natürliche_Personen_Prozent;68.0
1980;2893;Reigoldswil;Steuerfuss_natürliche_Personen_Prozent;67.0
1980;2894;Titterten;Steuerfuss_natürliche_Personen_Prozent;70.0
1980;2895;Waldenburg;Steuerfuss_natürliche_Personen_Prozent;65.0
1979;2761;Aesch;Steuerfuss_natürliche_Personen_Prozent;62.0
1979;2762;Allschwil;Steuerfuss_natürliche_Personen_Prozent;53.25
1979;2763;Arlesheim;Steuerfuss_natürliche_Personen_Prozent;55.0
1979;2764;Biel-Benken;Steuerfuss_natürliche_Personen_Prozent;52.0
1979;2765;Binningen;Steuerfuss_natürliche_Personen_Prozent;56.0
1979;2766;Birsfelden;Steuerfuss_natürliche_Personen_Prozent;61.0
1979;2767;Bottmingen;Steuerfuss_natürliche_Personen_Prozent;57.5
1979;2768;Ettingen;Steuerfuss_natürliche_Personen_Prozent;58.0
1979;2769;Münchenstein;Steuerfuss_natürliche_Personen_Prozent;61.6
1979;2770;Muttenz;Steuerfuss_natürliche_Personen_Prozent;54.5
1979;2771;Oberwil;Steuerfuss_natürliche_Personen_Prozent;62.0
1979;2772;Pfeffingen;Steuerfuss_natürliche_Personen_Prozent;59.0
1979;2773;Reinach;Steuerfuss_natürliche_Personen_Prozent;52.8
1979;2774;Schönenbuch;Steuerfuss_natürliche_Personen_Prozent;66.0
1979;2775;Therwil;Steuerfuss_natürliche_Personen_Prozent;57.5
1979;2821;Arisdorf;Steuerfuss_natürliche_Personen_Prozent;70.0
1979;2822;Augst;Steuerfuss_natürliche_Personen_Prozent;64.2
1979;2823;Bubendorf;Steuerfuss_natürliche_Personen_Prozent;67.2
1979;2824;Frenkendorf;Steuerfuss_natürliche_Personen_Prozent;63.0
1979;2825;Füllinsdorf;Steuerfuss_natürliche_Personen_Prozent;62.0
1979;2826;Giebenach;Steuerfuss_natürliche_Personen_Prozent;58.0
1979;2827;Hersberg;Steuerfuss_natürliche_Personen_Prozent;63.0
1979;2828;Lausen;Steuerfuss_natürliche_Personen_Prozent;69.3
1979;2829;Liestal;Steuerfuss_natürliche_Personen_Prozent;68.9
1979;2830;Lupsingen;Steuerfuss_natürliche_Personen_Prozent;56.0
1979;2831;Pratteln;Steuerfuss_natürliche_Personen_Prozent;62.64
1979;2832;Ramlinsburg;Steuerfuss_natürliche_Personen_Prozent;58.0
1979;2833;Seltisberg;Steuerfuss_natürliche_Personen_Prozent;48.0
1979;2834;Ziefen;Steuerfuss_natürliche_Personen_Prozent;65.0
1979;2841;Anwil;Steuerfuss_natürliche_Personen_Prozent;65.0
1979;2842;Böckten;Steuerfuss_natürliche_Personen_Prozent;65.0
1979;2843;Buckten;Steuerfuss_natürliche_Personen_Prozent;66.0
1979;2844;Buus;Steuerfuss_natürliche_Personen_Prozent;65.0
1979;2845;Diepflingen;Steuerfuss_natürliche_Personen_Prozent;68.0
1979;2846;Gelterkinden;Steuerfuss_natürliche_Personen_Prozent;68.25
1979;2847;Häfelfingen;Steuerfuss_natürliche_Personen_Prozent;61.0
1979;2848;Hemmiken;Steuerfuss_natürliche_Personen_Prozent;65.0
1979;2849;Itingen;Steuerfuss_natürliche_Personen_Prozent;61.0
1979;2850;Känerkinden;Steuerfuss_natürliche_Personen_Prozent;61.0
1979;2851;Kilchberg;Steuerfuss_natürliche_Personen_Prozent;67.0
1979;2852;Läufelfingen;Steuerfuss_natürliche_Personen_Prozent;68.48
1979;2853;Maisprach;Steuerfuss_natürliche_Personen_Prozent;65.0
1979;2854;Nusshof;Steuerfuss_natürliche_Personen_Prozent;65.0
1979;2855;Oltingen;Steuerfuss_natürliche_Personen_Prozent;70.0
1979;2856;Ormalingen;Steuerfuss_natürliche_Personen_Prozent;67.0
1979;2857;Rickenbach;Steuerfuss_natürliche_Personen_Prozent;65.0
1979;2858;Rothenfluh;Steuerfuss_natürliche_Personen_Prozent;69.3
1979;2859;Rümlingen;Steuerfuss_natürliche_Personen_Prozent;68.0
1979;2860;Rünenberg;Steuerfuss_natürliche_Personen_Prozent;70.0
1979;2861;Sissach;Steuerfuss_natürliche_Personen_Prozent;67.86
1979;2862;Tecknau;Steuerfuss_natürliche_Personen_Prozent;47.0
1979;2863;Tenniken;Steuerfuss_natürliche_Personen_Prozent;60.0
1979;2864;Thürnen;Steuerfuss_natürliche_Personen_Prozent;65.0
1979;2865;Wenslingen;Steuerfuss_natürliche_Personen_Prozent;70.0
1979;2866;Wintersingen;Steuerfuss_natürliche_Personen_Prozent;70.0
1979;2867;Wittinsburg;Steuerfuss_natürliche_Personen_Prozent;68.0
1979;2868;Zeglingen;Steuerfuss_natürliche_Personen_Prozent;67.0
1979;2869;Zunzgen;Steuerfuss_natürliche_Personen_Prozent;70.0
1979;2881;Arboldswil;Steuerfuss_natürliche_Personen_Prozent;70.0
1979;2882;Bennwil;Steuerfuss_natürliche_Personen_Prozent;66.95
1979;2883;Bretzwil;Steuerfuss_natürliche_Personen_Prozent;68.0
1979;2884;Diegten;Steuerfuss_natürliche_Personen_Prozent;64.0
1979;2885;Eptingen;Steuerfuss_natürliche_Personen_Prozent;70.0
1979;2886;Hölstein;Steuerfuss_natürliche_Personen_Prozent;67.0
1979;2887;Lampenberg;Steuerfuss_natürliche_Personen_Prozent;65.0
1979;2888;Langenbruck;Steuerfuss_natürliche_Personen_Prozent;70.0
1979;2889;Lauwil;Steuerfuss_natürliche_Personen_Prozent;67.0
1979;2890;Liedertswil;Steuerfuss_natürliche_Personen_Prozent;69.0
1979;2891;Niederdorf;Steuerfuss_natürliche_Personen_Prozent;64.0
1979;2892;Oberdorf;Steuerfuss_natürliche_Personen_Prozent;68.0
1979;2893;Reigoldswil;Steuerfuss_natürliche_Personen_Prozent;67.0
1979;2894;Titterten;Steuerfuss_natürliche_Personen_Prozent;70.0
1979;2895;Waldenburg;Steuerfuss_natürliche_Personen_Prozent;65.0
1978;2761;Aesch;Steuerfuss_natürliche_Personen_Prozent;62.0
1978;2762;Allschwil;Steuerfuss_natürliche_Personen_Prozent;56.45
1978;2763;Arlesheim;Steuerfuss_natürliche_Personen_Prozent;57.2
1978;2764;Biel-Benken;Steuerfuss_natürliche_Personen_Prozent;52.0
1978;2765;Binningen;Steuerfuss_natürliche_Personen_Prozent;58.0
1978;2766;Birsfelden;Steuerfuss_natürliche_Personen_Prozent;61.0
1978;2767;Bottmingen;Steuerfuss_natürliche_Personen_Prozent;57.5
1978;2768;Ettingen;Steuerfuss_natürliche_Personen_Prozent;58.0
1978;2769;Münchenstein;Steuerfuss_natürliche_Personen_Prozent;61.6
1978;2770;Muttenz;Steuerfuss_natürliche_Personen_Prozent;54.5
1978;2771;Oberwil;Steuerfuss_natürliche_Personen_Prozent;62.0
1978;2772;Pfeffingen;Steuerfuss_natürliche_Personen_Prozent;59.0
1978;2773;Reinach;Steuerfuss_natürliche_Personen_Prozent;56.15
1978;2774;Schönenbuch;Steuerfuss_natürliche_Personen_Prozent;66.0
1978;2775;Therwil;Steuerfuss_natürliche_Personen_Prozent;57.5
1978;2821;Arisdorf;Steuerfuss_natürliche_Personen_Prozent;70.0
1978;2822;Augst;Steuerfuss_natürliche_Personen_Prozent;64.2
1978;2823;Bubendorf;Steuerfuss_natürliche_Personen_Prozent;66.56
1978;2824;Frenkendorf;Steuerfuss_natürliche_Personen_Prozent;63.0
1978;2825;Füllinsdorf;Steuerfuss_natürliche_Personen_Prozent;62.0
1978;2826;Giebenach;Steuerfuss_natürliche_Personen_Prozent;58.0
1978;2827;Hersberg;Steuerfuss_natürliche_Personen_Prozent;68.0
1978;2828;Lausen;Steuerfuss_natürliche_Personen_Prozent;69.3
1978;2829;Liestal;Steuerfuss_natürliche_Personen_Prozent;68.9
1978;2830;Lupsingen;Steuerfuss_natürliche_Personen_Prozent;61.0
1978;2831;Pratteln;Steuerfuss_natürliche_Personen_Prozent;62.4
1978;2832;Ramlinsburg;Steuerfuss_natürliche_Personen_Prozent;58.0
1978;2833;Seltisberg;Steuerfuss_natürliche_Personen_Prozent;48.0
1978;2834;Ziefen;Steuerfuss_natürliche_Personen_Prozent;65.0
1978;2841;Anwil;Steuerfuss_natürliche_Personen_Prozent;70.0
1978;2842;Böckten;Steuerfuss_natürliche_Personen_Prozent;67.0
1978;2843;Buckten;Steuerfuss_natürliche_Personen_Prozent;66.0
1978;2844;Buus;Steuerfuss_natürliche_Personen_Prozent;65.0
1978;2845;Diepflingen;Steuerfuss_natürliche_Personen_Prozent;68.0
1978;2846;Gelterkinden;Steuerfuss_natürliche_Personen_Prozent;68.25
1978;2847;Häfelfingen;Steuerfuss_natürliche_Personen_Prozent;65.0
1978;2848;Hemmiken;Steuerfuss_natürliche_Personen_Prozent;65.0
1978;2849;Itingen;Steuerfuss_natürliche_Personen_Prozent;64.0
1978;2850;Känerkinden;Steuerfuss_natürliche_Personen_Prozent;61.0
1978;2851;Kilchberg;Steuerfuss_natürliche_Personen_Prozent;67.0
1978;2852;Läufelfingen;Steuerfuss_natürliche_Personen_Prozent;70.62
1978;2853;Maisprach;Steuerfuss_natürliche_Personen_Prozent;68.0
1978;2854;Nusshof;Steuerfuss_natürliche_Personen_Prozent;65.0
1978;2855;Oltingen;Steuerfuss_natürliche_Personen_Prozent;70.0
1978;2856;Ormalingen;Steuerfuss_natürliche_Personen_Prozent;67.0
1978;2857;Rickenbach;Steuerfuss_natürliche_Personen_Prozent;65.0
1978;2858;Rothenfluh;Steuerfuss_natürliche_Personen_Prozent;69.3
1978;2859;Rümlingen;Steuerfuss_natürliche_Personen_Prozent;68.0
1978;2860;Rünenberg;Steuerfuss_natürliche_Personen_Prozent;70.0
1978;2861;Sissach;Steuerfuss_natürliche_Personen_Prozent;67.86
1978;2862;Tecknau;Steuerfuss_natürliche_Personen_Prozent;47.0
1978;2863;Tenniken;Steuerfuss_natürliche_Personen_Prozent;65.0
1978;2864;Thürnen;Steuerfuss_natürliche_Personen_Prozent;70.0
1978;2865;Wenslingen;Steuerfuss_natürliche_Personen_Prozent;70.0
1978;2866;Wintersingen;Steuerfuss_natürliche_Personen_Prozent;70.0
1978;2867;Wittinsburg;Steuerfuss_natürliche_Personen_Prozent;68.0
1978;2868;Zeglingen;Steuerfuss_natürliche_Personen_Prozent;67.0
1978;2869;Zunzgen;Steuerfuss_natürliche_Personen_Prozent;70.0
1978;2881;Arboldswil;Steuerfuss_natürliche_Personen_Prozent;70.0
1978;2882;Bennwil;Steuerfuss_natürliche_Personen_Prozent;66.95
1978;2883;Bretzwil;Steuerfuss_natürliche_Personen_Prozent;68.0
1978;2884;Diegten;Steuerfuss_natürliche_Personen_Prozent;64.0
1978;2885;Eptingen;Steuerfuss_natürliche_Personen_Prozent;70.0
1978;2886;Hölstein;Steuerfuss_natürliche_Personen_Prozent;67.0
1978;2887;Lampenberg;Steuerfuss_natürliche_Personen_Prozent;65.0
1978;2888;Langenbruck;Steuerfuss_natürliche_Personen_Prozent;70.0
1978;2889;Lauwil;Steuerfuss_natürliche_Personen_Prozent;67.0
1978;2890;Liedertswil;Steuerfuss_natürliche_Personen_Prozent;69.0
1978;2891;Niederdorf;Steuerfuss_natürliche_Personen_Prozent;64.0
1978;2892;Oberdorf;Steuerfuss_natürliche_Personen_Prozent;68.0
1978;2893;Reigoldswil;Steuerfuss_natürliche_Personen_Prozent;67.0
1978;2894;Titterten;Steuerfuss_natürliche_Personen_Prozent;72.0
1978;2895;Waldenburg;Steuerfuss_natürliche_Personen_Prozent;65.0
1977;2761;Aesch;Steuerfuss_natürliche_Personen_Prozent;62.0
1977;2762;Allschwil;Steuerfuss_natürliche_Personen_Prozent;56.45
1977;2763;Arlesheim;Steuerfuss_natürliche_Personen_Prozent;57.2
1977;2764;Biel-Benken;Steuerfuss_natürliche_Personen_Prozent;52.0
1977;2765;Binningen;Steuerfuss_natürliche_Personen_Prozent;58.0
1977;2766;Birsfelden;Steuerfuss_natürliche_Personen_Prozent;55.0
1977;2767;Bottmingen;Steuerfuss_natürliche_Personen_Prozent;57.5
1977;2768;Ettingen;Steuerfuss_natürliche_Personen_Prozent;58.0
1977;2769;Münchenstein;Steuerfuss_natürliche_Personen_Prozent;61.6
1977;2770;Muttenz;Steuerfuss_natürliche_Personen_Prozent;54.5
1977;2771;Oberwil;Steuerfuss_natürliche_Personen_Prozent;62.0
1977;2772;Pfeffingen;Steuerfuss_natürliche_Personen_Prozent;62.0
1977;2773;Reinach;Steuerfuss_natürliche_Personen_Prozent;53.25
1977;2774;Schönenbuch;Steuerfuss_natürliche_Personen_Prozent;66.0
1977;2775;Therwil;Steuerfuss_natürliche_Personen_Prozent;57.5
1977;2821;Arisdorf;Steuerfuss_natürliche_Personen_Prozent;70.0
1977;2822;Augst;Steuerfuss_natürliche_Personen_Prozent;64.2
1977;2823;Bubendorf;Steuerfuss_natürliche_Personen_Prozent;66.56
1977;2824;Frenkendorf;Steuerfuss_natürliche_Personen_Prozent;63.0
1977;2825;Füllinsdorf;Steuerfuss_natürliche_Personen_Prozent;62.0
1977;2826;Giebenach;Steuerfuss_natürliche_Personen_Prozent;58.0
1977;2827;Hersberg;Steuerfuss_natürliche_Personen_Prozent;68.0
1977;2828;Lausen;Steuerfuss_natürliche_Personen_Prozent;69.3
1977;2829;Liestal;Steuerfuss_natürliche_Personen_Prozent;68.9
1977;2830;Lupsingen;Steuerfuss_natürliche_Personen_Prozent;61.0
1977;2831;Pratteln;Steuerfuss_natürliche_Personen_Prozent;62.4
1977;2832;Ramlinsburg;Steuerfuss_natürliche_Personen_Prozent;58.0
1977;2833;Seltisberg;Steuerfuss_natürliche_Personen_Prozent;48.0
1977;2834;Ziefen;Steuerfuss_natürliche_Personen_Prozent;65.0
1977;2841;Anwil;Steuerfuss_natürliche_Personen_Prozent;70.0
1977;2842;Böckten;Steuerfuss_natürliche_Personen_Prozent;67.0
1977;2843;Buckten;Steuerfuss_natürliche_Personen_Prozent;66.0
1977;2844;Buus;Steuerfuss_natürliche_Personen_Prozent;68.0
1977;2845;Diepflingen;Steuerfuss_natürliche_Personen_Prozent;68.0
1977;2846;Gelterkinden;Steuerfuss_natürliche_Personen_Prozent;67.3
1977;2847;Häfelfingen;Steuerfuss_natürliche_Personen_Prozent;65.0
1977;2848;Hemmiken;Steuerfuss_natürliche_Personen_Prozent;70.0
1977;2849;Itingen;Steuerfuss_natürliche_Personen_Prozent;64.0
1977;2850;Känerkinden;Steuerfuss_natürliche_Personen_Prozent;61.0
1977;2851;Kilchberg;Steuerfuss_natürliche_Personen_Prozent;67.0
1977;2852;Läufelfingen;Steuerfuss_natürliche_Personen_Prozent;70.62
1977;2853;Maisprach;Steuerfuss_natürliche_Personen_Prozent;68.0
1977;2854;Nusshof;Steuerfuss_natürliche_Personen_Prozent;65.0
1977;2855;Oltingen;Steuerfuss_natürliche_Personen_Prozent;70.0
1977;2856;Ormalingen;Steuerfuss_natürliche_Personen_Prozent;67.0
1977;2857;Rickenbach;Steuerfuss_natürliche_Personen_Prozent;65.0
1977;2858;Rothenfluh;Steuerfuss_natürliche_Personen_Prozent;73.5
1977;2859;Rümlingen;Steuerfuss_natürliche_Personen_Prozent;68.0
1977;2860;Rünenberg;Steuerfuss_natürliche_Personen_Prozent;70.0
1977;2861;Sissach;Steuerfuss_natürliche_Personen_Prozent;67.86
1977;2862;Tecknau;Steuerfuss_natürliche_Personen_Prozent;60.0
1977;2863;Tenniken;Steuerfuss_natürliche_Personen_Prozent;67.0
1977;2864;Thürnen;Steuerfuss_natürliche_Personen_Prozent;70.0
1977;2865;Wenslingen;Steuerfuss_natürliche_Personen_Prozent;70.0
1977;2866;Wintersingen;Steuerfuss_natürliche_Personen_Prozent;70.0
1977;2867;Wittinsburg;Steuerfuss_natürliche_Personen_Prozent;64.0
1977;2868;Zeglingen;Steuerfuss_natürliche_Personen_Prozent;67.0
1977;2869;Zunzgen;Steuerfuss_natürliche_Personen_Prozent;70.0
1977;2881;Arboldswil;Steuerfuss_natürliche_Personen_Prozent;70.0
1977;2882;Bennwil;Steuerfuss_natürliche_Personen_Prozent;66.95
1977;2883;Bretzwil;Steuerfuss_natürliche_Personen_Prozent;68.0
1977;2884;Diegten;Steuerfuss_natürliche_Personen_Prozent;66.0
1977;2885;Eptingen;Steuerfuss_natürliche_Personen_Prozent;70.0
1977;2886;Hölstein;Steuerfuss_natürliche_Personen_Prozent;67.0
1977;2887;Lampenberg;Steuerfuss_natürliche_Personen_Prozent;65.0
1977;2888;Langenbruck;Steuerfuss_natürliche_Personen_Prozent;70.0
1977;2889;Lauwil;Steuerfuss_natürliche_Personen_Prozent;67.0
1977;2890;Liedertswil;Steuerfuss_natürliche_Personen_Prozent;69.0
1977;2891;Niederdorf;Steuerfuss_natürliche_Personen_Prozent;64.0
1977;2892;Oberdorf;Steuerfuss_natürliche_Personen_Prozent;68.0
1977;2893;Reigoldswil;Steuerfuss_natürliche_Personen_Prozent;67.0
1977;2894;Titterten;Steuerfuss_natürliche_Personen_Prozent;72.0
1977;2895;Waldenburg;Steuerfuss_natürliche_Personen_Prozent;65.0
1976;2761;Aesch;Steuerfuss_natürliche_Personen_Prozent;60.0
1976;2762;Allschwil;Steuerfuss_natürliche_Personen_Prozent;55.65
1976;2763;Arlesheim;Steuerfuss_natürliche_Personen_Prozent;56.16
1976;2764;Biel-Benken;Steuerfuss_natürliche_Personen_Prozent;52.0
1976;2765;Binningen;Steuerfuss_natürliche_Personen_Prozent;58.0
1976;2766;Birsfelden;Steuerfuss_natürliche_Personen_Prozent;55.0
1976;2767;Bottmingen;Steuerfuss_natürliche_Personen_Prozent;57.5
1976;2768;Ettingen;Steuerfuss_natürliche_Personen_Prozent;58.0
1976;2769;Münchenstein;Steuerfuss_natürliche_Personen_Prozent;58.85
1976;2770;Muttenz;Steuerfuss_natürliche_Personen_Prozent;49.05
1976;2771;Oberwil;Steuerfuss_natürliche_Personen_Prozent;56.6
1976;2772;Pfeffingen;Steuerfuss_natürliche_Personen_Prozent;62.0
1976;2773;Reinach;Steuerfuss_natürliche_Personen_Prozent;52.5
1976;2774;Schönenbuch;Steuerfuss_natürliche_Personen_Prozent;61.0
1976;2775;Therwil;Steuerfuss_natürliche_Personen_Prozent;57.5
1976;2821;Arisdorf;Steuerfuss_natürliche_Personen_Prozent;70.0
1976;2822;Augst;Steuerfuss_natürliche_Personen_Prozent;58.85
1976;2823;Bubendorf;Steuerfuss_natürliche_Personen_Prozent;65.92
1976;2824;Frenkendorf;Steuerfuss_natürliche_Personen_Prozent;57.0
1976;2825;Füllinsdorf;Steuerfuss_natürliche_Personen_Prozent;57.0
1976;2826;Giebenach;Steuerfuss_natürliche_Personen_Prozent;58.0
1976;2827;Hersberg;Steuerfuss_natürliche_Personen_Prozent;68.0
1976;2828;Lausen;Steuerfuss_natürliche_Personen_Prozent;68.25
1976;2829;Liestal;Steuerfuss_natürliche_Personen_Prozent;66.78
1976;2830;Lupsingen;Steuerfuss_natürliche_Personen_Prozent;61.0
1976;2831;Pratteln;Steuerfuss_natürliche_Personen_Prozent;57.2
1976;2832;Ramlinsburg;Steuerfuss_natürliche_Personen_Prozent;58.0
1976;2833;Seltisberg;Steuerfuss_natürliche_Personen_Prozent;48.0
1976;2834;Ziefen;Steuerfuss_natürliche_Personen_Prozent;65.0
1976;2841;Anwil;Steuerfuss_natürliche_Personen_Prozent;70.0
1976;2842;Böckten;Steuerfuss_natürliche_Personen_Prozent;67.0
1976;2843;Buckten;Steuerfuss_natürliche_Personen_Prozent;66.0
1976;2844;Buus;Steuerfuss_natürliche_Personen_Prozent;68.0
1976;2845;Diepflingen;Steuerfuss_natürliche_Personen_Prozent;68.0
1976;2846;Gelterkinden;Steuerfuss_natürliche_Personen_Prozent;67.3
1976;2847;Häfelfingen;Steuerfuss_natürliche_Personen_Prozent;65.0
1976;2848;Hemmiken;Steuerfuss_natürliche_Personen_Prozent;70.0
1976;2849;Itingen;Steuerfuss_natürliche_Personen_Prozent;64.0
1976;2850;Känerkinden;Steuerfuss_natürliche_Personen_Prozent;61.0
1976;2851;Kilchberg;Steuerfuss_natürliche_Personen_Prozent;70.0
1976;2852;Läufelfingen;Steuerfuss_natürliche_Personen_Prozent;70.62
1976;2853;Maisprach;Steuerfuss_natürliche_Personen_Prozent;68.0
1976;2854;Nusshof;Steuerfuss_natürliche_Personen_Prozent;65.0
1976;2855;Oltingen;Steuerfuss_natürliche_Personen_Prozent;70.0
1976;2856;Ormalingen;Steuerfuss_natürliche_Personen_Prozent;67.0
1976;2857;Rickenbach;Steuerfuss_natürliche_Personen_Prozent;65.0
1976;2858;Rothenfluh;Steuerfuss_natürliche_Personen_Prozent;73.5
1976;2859;Rümlingen;Steuerfuss_natürliche_Personen_Prozent;65.0
1976;2860;Rünenberg;Steuerfuss_natürliche_Personen_Prozent;70.0
1976;2861;Sissach;Steuerfuss_natürliche_Personen_Prozent;67.86
1976;2862;Tecknau;Steuerfuss_natürliche_Personen_Prozent;60.0
1976;2863;Tenniken;Steuerfuss_natürliche_Personen_Prozent;70.0
1976;2864;Thürnen;Steuerfuss_natürliche_Personen_Prozent;70.0
1976;2865;Wenslingen;Steuerfuss_natürliche_Personen_Prozent;70.0
1976;2866;Wintersingen;Steuerfuss_natürliche_Personen_Prozent;70.0
1976;2867;Wittinsburg;Steuerfuss_natürliche_Personen_Prozent;64.0
1976;2868;Zeglingen;Steuerfuss_natürliche_Personen_Prozent;67.0
1976;2869;Zunzgen;Steuerfuss_natürliche_Personen_Prozent;70.0
1976;2881;Arboldswil;Steuerfuss_natürliche_Personen_Prozent;70.0
1976;2882;Bennwil;Steuerfuss_natürliche_Personen_Prozent;66.95
1976;2883;Bretzwil;Steuerfuss_natürliche_Personen_Prozent;68.0
1976;2884;Diegten;Steuerfuss_natürliche_Personen_Prozent;66.0
1976;2885;Eptingen;Steuerfuss_natürliche_Personen_Prozent;74.2
1976;2886;Hölstein;Steuerfuss_natürliche_Personen_Prozent;67.0
1976;2887;Lampenberg;Steuerfuss_natürliche_Personen_Prozent;65.0
1976;2888;Langenbruck;Steuerfuss_natürliche_Personen_Prozent;70.0
1976;2889;Lauwil;Steuerfuss_natürliche_Personen_Prozent;67.0
1976;2890;Liedertswil;Steuerfuss_natürliche_Personen_Prozent;69.0
1976;2891;Niederdorf;Steuerfuss_natürliche_Personen_Prozent;64.0
1976;2892;Oberdorf;Steuerfuss_natürliche_Personen_Prozent;67.0
1976;2893;Reigoldswil;Steuerfuss_natürliche_Personen_Prozent;67.0
1976;2894;Titterten;Steuerfuss_natürliche_Personen_Prozent;72.0
1976;2895;Waldenburg;Steuerfuss_natürliche_Personen_Prozent;66.0
1975;2761;Aesch;Steuerfuss_natürliche_Personen_Prozent;60.0
1975;2762;Allschwil;Steuerfuss_natürliche_Personen_Prozent;55.65
1975;2763;Arlesheim;Steuerfuss_natürliche_Personen_Prozent;54.0
1975;2764;Biel-Benken;Steuerfuss_natürliche_Personen_Prozent;52.0
1975;2765;Binningen;Steuerfuss_natürliche_Personen_Prozent;52.0
1975;2766;Birsfelden;Steuerfuss_natürliche_Personen_Prozent;55.0
1975;2767;Bottmingen;Steuerfuss_natürliche_Personen_Prozent;52.0
1975;2768;Ettingen;Steuerfuss_natürliche_Personen_Prozent;58.0
1975;2769;Münchenstein;Steuerfuss_natürliche_Personen_Prozent;58.85
1975;2770;Muttenz;Steuerfuss_natürliche_Personen_Prozent;48.37
1975;2771;Oberwil;Steuerfuss_natürliche_Personen_Prozent;56.6
1975;2772;Pfeffingen;Steuerfuss_natürliche_Personen_Prozent;62.0
1975;2773;Reinach;Steuerfuss_natürliche_Personen_Prozent;51.75
1975;2774;Schönenbuch;Steuerfuss_natürliche_Personen_Prozent;61.0
1975;2775;Therwil;Steuerfuss_natürliche_Personen_Prozent;57.0
1975;2821;Arisdorf;Steuerfuss_natürliche_Personen_Prozent;70.0
1975;2822;Augst;Steuerfuss_natürliche_Personen_Prozent;53.55
1975;2823;Bubendorf;Steuerfuss_natürliche_Personen_Prozent;65.92
1975;2824;Frenkendorf;Steuerfuss_natürliche_Personen_Prozent;45.0
1975;2825;Füllinsdorf;Steuerfuss_natürliche_Personen_Prozent;55.0
1975;2826;Giebenach;Steuerfuss_natürliche_Personen_Prozent;58.0
1975;2827;Hersberg;Steuerfuss_natürliche_Personen_Prozent;63.0
1975;2828;Lausen;Steuerfuss_natürliche_Personen_Prozent;67.08
1975;2829;Liestal;Steuerfuss_natürliche_Personen_Prozent;60.0
1975;2830;Lupsingen;Steuerfuss_natürliche_Personen_Prozent;56.0
1975;2831;Pratteln;Steuerfuss_natürliche_Personen_Prozent;57.2
1975;2832;Ramlinsburg;Steuerfuss_natürliche_Personen_Prozent;55.0
1975;2833;Seltisberg;Steuerfuss_natürliche_Personen_Prozent;48.0
1975;2834;Ziefen;Steuerfuss_natürliche_Personen_Prozent;61.0
1975;2841;Anwil;Steuerfuss_natürliche_Personen_Prozent;70.0
1975;2842;Böckten;Steuerfuss_natürliche_Personen_Prozent;67.0
1975;2843;Buckten;Steuerfuss_natürliche_Personen_Prozent;64.0
1975;2844;Buus;Steuerfuss_natürliche_Personen_Prozent;68.0
1975;2845;Diepflingen;Steuerfuss_natürliche_Personen_Prozent;68.0
1975;2846;Gelterkinden;Steuerfuss_natürliche_Personen_Prozent;67.3
1975;2847;Häfelfingen;Steuerfuss_natürliche_Personen_Prozent;65.0
1975;2848;Hemmiken;Steuerfuss_natürliche_Personen_Prozent;70.0
1975;2849;Itingen;Steuerfuss_natürliche_Personen_Prozent;64.0
1975;2850;Känerkinden;Steuerfuss_natürliche_Personen_Prozent;61.0
1975;2851;Kilchberg;Steuerfuss_natürliche_Personen_Prozent;70.0
1975;2852;Läufelfingen;Steuerfuss_natürliche_Personen_Prozent;70.62
1975;2853;Maisprach;Steuerfuss_natürliche_Personen_Prozent;68.0
1975;2854;Nusshof;Steuerfuss_natürliche_Personen_Prozent;65.0
1975;2855;Oltingen;Steuerfuss_natürliche_Personen_Prozent;70.0
1975;2856;Ormalingen;Steuerfuss_natürliche_Personen_Prozent;67.0
1975;2857;Rickenbach;Steuerfuss_natürliche_Personen_Prozent;60.0
1975;2858;Rothenfluh;Steuerfuss_natürliche_Personen_Prozent;70.0
1975;2859;Rümlingen;Steuerfuss_natürliche_Personen_Prozent;65.0
1975;2860;Rünenberg;Steuerfuss_natürliche_Personen_Prozent;70.0
1975;2861;Sissach;Steuerfuss_natürliche_Personen_Prozent;67.86
1975;2862;Tecknau;Steuerfuss_natürliche_Personen_Prozent;60.0
1975;2863;Tenniken;Steuerfuss_natürliche_Personen_Prozent;70.0
1975;2864;Thürnen;Steuerfuss_natürliche_Personen_Prozent;70.0
1975;2865;Wenslingen;Steuerfuss_natürliche_Personen_Prozent;70.0
1975;2866;Wintersingen;Steuerfuss_natürliche_Personen_Prozent;70.0
1975;2867;Wittinsburg;Steuerfuss_natürliche_Personen_Prozent;64.0
1975;2868;Zeglingen;Steuerfuss_natürliche_Personen_Prozent;67.0
1975;2869;Zunzgen;Steuerfuss_natürliche_Personen_Prozent;70.0
1975;2881;Arboldswil;Steuerfuss_natürliche_Personen_Prozent;70.0
1975;2882;Bennwil;Steuerfuss_natürliche_Personen_Prozent;66.95
1975;2883;Bretzwil;Steuerfuss_natürliche_Personen_Prozent;68.0
1975;2884;Diegten;Steuerfuss_natürliche_Personen_Prozent;66.0
1975;2885;Eptingen;Steuerfuss_natürliche_Personen_Prozent;70.0
1975;2886;Hölstein;Steuerfuss_natürliche_Personen_Prozent;67.0
1975;2887;Lampenberg;Steuerfuss_natürliche_Personen_Prozent;65.0
1975;2888;Langenbruck;Steuerfuss_natürliche_Personen_Prozent;70.0
1975;2889;Lauwil;Steuerfuss_natürliche_Personen_Prozent;67.0
1975;2890;Liedertswil;Steuerfuss_natürliche_Personen_Prozent;65.0
1975;2891;Niederdorf;Steuerfuss_natürliche_Personen_Prozent;64.0
1975;2892;Oberdorf;Steuerfuss_natürliche_Personen_Prozent;67.0
1975;2893;Reigoldswil;Steuerfuss_natürliche_Personen_Prozent;67.0
1975;2894;Titterten;Steuerfuss_natürliche_Personen_Prozent;70.0
1975;2895;Waldenburg;Steuerfuss_natürliche_Personen_Prozent;65.0
